#pragma once

// Bitmapy jsou v RGB565 a zustavaji ve flash, nezabiraji dynamickou RAM.
// EN: RGB565 bitmaps stay in flash and use no dynamic RAM.
constexpr int UI_ICON_SIZE = 38;
constexpr int UI_ICON_PIXELS = UI_ICON_SIZE * UI_ICON_SIZE;
constexpr int UI_NAV_ICON_SIZE = 30;
constexpr int UI_NAV_ICON_PIXELS = UI_NAV_ICON_SIZE * UI_NAV_ICON_SIZE;
enum UiIconId : uint8_t {
  UI_ICON_INVERTER,
  UI_ICON_SOLAR,
  UI_ICON_GRID,
  UI_ICON_BATTERY,
  UI_ICON_HOUSE,
  UI_ICON_TEMPERATURE,
  UI_ICON_WEATHER,
  UI_ICON_CHART,
  UI_ICON_HISTORY,
  UI_ICON_SAVINGS,
  UI_ICON_FORECAST,
  UI_ICON_SETTINGS,
  UI_ICON_OFFLINE,
  UI_ICON_ALERT,
  UI_ICON_COMPARE,
  UI_ICON_PAYBACK,
  UI_ICON_COUNT
};
static_assert(UI_ICON_COUNT == 16, "Sada musi obsahovat 16 ikon");

const uint16_t UI_ICON_INVERTER_DATA[UI_ICON_PIXELS] PROGMEM = {
  0x0000, 0x0000, 0x0882, 0x10C3, 0x10E3, 0x10C3, 0x10C3, 0x10E3, 0x10E3, 0x10E3, 0x10C3, 0x10C3,
  0x10C3, 0x10E3, 0x10E3, 0x10C3, 0x10C3, 0x10C3, 0x10C3, 0x10E3, 0x10C3, 0x10C3, 0x10E3, 0x10E3,
  0x10E3, 0x10E3, 0x10C3, 0x10C3, 0x10C3, 0x10C3, 0x10C3, 0x10C3, 0x10E3, 0x10E3, 0x10C3, 0x1082,
  0x0000, 0x0000, 0x0000, 0x10C3, 0x1904, 0x1904, 0x1904, 0x1904, 0x1904, 0x1904, 0x18E4, 0x18E4,
  0x1904, 0x1904, 0x18E4, 0x1904, 0x1904, 0x1904, 0x1904, 0x1904, 0x1904, 0x1904, 0x1904, 0x1904,
  0x1904, 0x1904, 0x1904, 0x1904, 0x1904, 0x1904, 0x1904, 0x1904, 0x1904, 0x1904, 0x1904, 0x1904,
  0x18E4, 0x1904, 0x10C3, 0x0020, 0x1082, 0x1904, 0x18E4, 0x18E4, 0x18E4, 0x1904, 0x18E4, 0x18E4,
  0x18E4, 0x18E4, 0x18E4, 0x18E4, 0x18E4, 0x18E4, 0x18E4, 0x18E4, 0x18E4, 0x18E4, 0x18E4, 0x18E4,
  0x18E4, 0x18E4, 0x18E4, 0x18E4, 0x18E4, 0x18E4, 0x18E4, 0x18E4, 0x18E4, 0x18E4, 0x18E4, 0x18E4,
  0x18E4, 0x18E4, 0x18E4, 0x18E4, 0x1904, 0x10A2, 0x10C3, 0x18E4, 0x18E4, 0x18E4, 0x18E4, 0x18E4,
  0x18E4, 0x18E4, 0x18E4, 0x18E4, 0x18E4, 0x18E4, 0x1904, 0x18E4, 0x18E4, 0x18E4, 0x18E4, 0x18E4,
  0x18E4, 0x18E4, 0x18E4, 0x18E4, 0x18E4, 0x18E4, 0x18E4, 0x1904, 0x18E4, 0x18E4, 0x1904, 0x18E4,
  0x18E4, 0x18E4, 0x18E4, 0x18E4, 0x18E4, 0x18E4, 0x18E4, 0x10C3, 0x10C3, 0x18E4, 0x18E4, 0x18E4,
  0x18E4, 0x18E4, 0x18E4, 0x18E4, 0x1904, 0x1904, 0x1904, 0x1904, 0x1904, 0x1904, 0x1904, 0x1904,
  0x1904, 0x1904, 0x1904, 0x1904, 0x1904, 0x1904, 0x1904, 0x1904, 0x1904, 0x1904, 0x1904, 0x1904,
  0x1904, 0x18E4, 0x18E4, 0x18E4, 0x18E4, 0x18E4, 0x18E4, 0x18E4, 0x18E4, 0x10E4, 0x10C4, 0x18E4,
  0x18E4, 0x18E4, 0x18E4, 0x18E4, 0x18E4, 0x1904, 0x10C3, 0x0882, 0x08A3, 0x08A3, 0x10A3, 0x08A3,
  0x08A3, 0x08A3, 0x10A3, 0x10A3, 0x08A3, 0x08A3, 0x08A3, 0x08A3, 0x10A3, 0x10A3, 0x10A3, 0x08A3,
  0x10A3, 0x08A3, 0x0882, 0x18E4, 0x1904, 0x18E4, 0x18E4, 0x18E4, 0x18E4, 0x18E4, 0x18E4, 0x10E3,
  0x10E4, 0x18E4, 0x18E4, 0x18E4, 0x18E4, 0x18E4, 0x1904, 0x10A3, 0x31A7, 0x9CF3, 0xB5B7, 0xB5B7,
  0xB5B7, 0xB5D7, 0xB5B7, 0xB5B7, 0xB5B7, 0xB5B7, 0xB5B7, 0xB5B7, 0xB5D7, 0xB5B7, 0xB5B7, 0xB5B7,
  0xB5B7, 0xB5B7, 0xB5B7, 0xB5B7, 0x7C10, 0x18E4, 0x18E4, 0x18E4, 0x18E4, 0x18E4, 0x18E4, 0x18E4,
  0x18E4, 0x18E3, 0x10E3, 0x18E4, 0x18E4, 0x18E4, 0x18E4, 0x18E4, 0x10E4, 0x2145, 0xD6BB, 0xFFFF,
  0xFFFF, 0xFFFF, 0xFFFF, 0xFFFF, 0xFFFF, 0xFFFF, 0xFFFF, 0xFFFF, 0xFFFF, 0xFFFF, 0xFFFF, 0xFFFF,
  0xFFFF, 0xFFFF, 0xFFFF, 0xFFFF, 0xFFFF, 0xFFFF, 0xFFFF, 0x9CD3, 0x10A3, 0x1904, 0x18E4, 0x18E4,
  0x18E4, 0x18E4, 0x18E4, 0x18E4, 0x10E3, 0x18E4, 0x18E4, 0x18E4, 0x18E4, 0x1904, 0x0882, 0x6B6E,
  0xFFFF, 0xEF7E, 0xF79E, 0xF79E, 0xFFDF, 0xFFDF, 0xFFDF, 0xFFDF, 0xFFDF, 0xFFDF, 0xFFDF, 0xFFDF,
  0xFFDF, 0xFFDF, 0xFFDF, 0xFFDF, 0xFFDF, 0xF7BF, 0xF79E, 0xF79E, 0xF79E, 0xEF7D, 0x2986, 0x10C3,
  0x1904, 0x18E4, 0x18E4, 0x18E4, 0x18E4, 0x18E4, 0x10E3, 0x18E4, 0x18E4, 0x18E4, 0x18E4, 0x1904,
  0x0882, 0x7BF0, 0xFFFF, 0xF79E, 0xF7BE, 0xFFDF, 0xDEFC, 0xD69A, 0xD6BA, 0xD69A, 0xD69A, 0xD69A,
  0xD69A, 0xD6BA, 0xD6BA, 0xD6BA, 0xD69A, 0xD69A, 0xD69A, 0xEF5D, 0xF7BF, 0xF79E, 0xF7BE, 0xF7BE,
  0x39E8, 0x10A3, 0x1904, 0x18E4, 0x18E4, 0x18E4, 0x1904, 0x18E4, 0x18E3, 0x18E4, 0x18E4, 0x18E4,
  0x18E4, 0x1904, 0x0882, 0x7BEF, 0xFFFF, 0xEF7E, 0xFFFF, 0xC659, 0x1925, 0x1904, 0x2124, 0x1924,
  0x1904, 0x1904, 0x2124, 0x1924, 0x1924, 0x1904, 0x1904, 0x2125, 0x10C3, 0x4229, 0xEF7E, 0xF79E,
  0xF79E, 0xF79E, 0x39E8, 0x10C3, 0x1904, 0x18E4, 0x18E4, 0x18E4, 0x1904, 0x10E4, 0x10E3, 0x18E4,
  0x18E4, 0x18E4, 0x18E4, 0x1904, 0x0882, 0x7BCF, 0xFFFF, 0xEF7E, 0xFFFF, 0x9D14, 0x0882, 0x2125,
  0x10E4, 0x10C4, 0x2144, 0x18E4, 0x10C4, 0x1904, 0x1904, 0x1904, 0x1904, 0x2124, 0x1904, 0x2125,
  0xDEFB, 0xFFDF, 0xF79E, 0xF79E, 0x39E8, 0x10A3, 0x1904, 0x18E4, 0x18E4, 0x18E4, 0x1904, 0x18E4,
  0x10E3, 0x18E4, 0x18E4, 0x18E4, 0x18E4, 0x1904, 0x0862, 0x7BCF, 0xFFFF, 0xEF7D, 0xFFFF, 0xA535,
  0x10A3, 0x18E5, 0x39A5, 0xBCE6, 0xF627, 0xD546, 0x4A25, 0x10C4, 0x1904, 0x1904, 0x1904, 0x08A4,
  0x1904, 0x2165, 0xDEFB, 0xFFDF, 0xF7BE, 0xF79E, 0x39E8, 0x10A3, 0x1904, 0x18E4, 0x1904, 0x18E4,
  0x1904, 0x18E4, 0x10E3, 0x18E4, 0x18E4, 0x18E4, 0x18E4, 0x1904, 0x0882, 0x7BEF, 0xFFFF, 0xEF7D,
  0xFFFF, 0xA555, 0x0882, 0x2144, 0xD586, 0xFE87, 0xAC66, 0xF606, 0xF627, 0x39A4, 0x10E4, 0x1904,
  0x2144, 0x6AE5, 0x2144, 0x2145, 0xDEFC, 0xFFDF, 0xF79E, 0xF79E, 0x39E8, 0x10A3, 0x1904, 0x18E4,
  0x18E4, 0x18E4, 0x1904, 0x18E4, 0x10E3, 0x1904, 0x18E4, 0x18E4, 0x18E4, 0x1904, 0x0882, 0x7BF0,
  0xFFFF, 0xEF7D, 0xFFFF, 0xAD55, 0x0022, 0x9C06, 0xFF28, 0x62A5, 0x0044, 0x4A45, 0xFE87, 0xC4E6,
  0x10E4, 0x0063, 0x9C05, 0xFF07, 0x4204, 0x1905, 0xE71C, 0xFFDF, 0xF79E, 0xF79E, 0x39E8, 0x10C3,
  0x1904, 0x18E4, 0x18E4, 0x18E4, 0x18E4, 0x10E4, 0x10E3, 0x1904, 0x18E4, 0x18E4, 0x18E4, 0x1904,
  0x0882, 0x73CF, 0xFFFF, 0xEF7E, 0xFFFF, 0xA555, 0x0062, 0x5245, 0x7325, 0x10C4, 0x2124, 0x08A4,
  0x93A6, 0xFEE7, 0xB4A6, 0x9C26, 0xFEA6, 0xAC46, 0x10C4, 0x2125, 0xDEFC, 0xFFDF, 0xF79E, 0xF79E,
  0x39E8, 0x10A3, 0x1904, 0x18E4, 0x18E4, 0x18E4, 0x1904, 0x18E4, 0x10E3, 0x1904, 0x18E4, 0x18E4,
  0x18E4, 0x1904, 0x0882, 0x7BCF, 0xFFFF, 0xEF7E, 0xFFFF, 0xA535, 0x10A3, 0x10E4, 0x08A4, 0x1904,
  0x1904, 0x1904, 0x1905, 0x93C5, 0xFE47, 0xFE88, 0xB486, 0x1904, 0x10E4, 0x2145, 0xDEDB, 0xFFDF,
  0xF79E, 0xF79E, 0x39E8, 0x10A3, 0x1904, 0x1904, 0x18E4, 0x18E4, 0x1904, 0x18E4, 0x10E4, 0x18E4,
  0x18E4, 0x18E4, 0x18E4, 0x1904, 0x0882, 0x7BEF, 0xFFFF, 0xEF7E, 0xFFFF, 0x9D14, 0x0882, 0x2125,
  0x1904, 0x1904, 0x1904, 0x1904, 0x1904, 0x08C4, 0x2964, 0x3184, 0x10E4, 0x10E4, 0x18E4, 0x2125,
  0xDEFC, 0xFFDF, 0xF79E, 0xF79E, 0x39E8, 0x10C3, 0x1904, 0x1904, 0x18E4, 0x1904, 0x1904, 0x18E4,
  0x10E3, 0x18E4, 0x18E4, 0x18E4, 0x18E4, 0x1904, 0x0882, 0x7BEF, 0xFFFF, 0xEF7E, 0xFFDF, 0xC639,
  0x1904, 0x18E4, 0x1904, 0x1904, 0x1904, 0x1904, 0x1904, 0x2125, 0x10E4, 0x10C4, 0x1904, 0x2125,
  0x10A3, 0x3A08, 0xEF7E, 0xF7BF, 0xF7BE, 0xF79E, 0x39E8, 0x10C3, 0x1904, 0x18E4, 0x1904, 0x18E4,
  0x1904, 0x18E4, 0x10E4, 0x18E4, 0x18E4, 0x18E4, 0x18E4, 0x1904, 0x0882, 0x7BEF, 0xFFFF, 0xF79E,
  0xF79E, 0xFFDF, 0xDEDB, 0xCE7A, 0xD69A, 0xD69A, 0xD69A, 0xD69A, 0xD69A, 0xD69A, 0xD69A, 0xD69A,
  0xD69A, 0xD69A, 0xD69A, 0xE73D, 0xF7BF, 0xF79E, 0xF7BE, 0xF79E, 0x39E8, 0x10C3, 0x1904, 0x18E4,
  0x1904, 0x18E4, 0x1904, 0x10E4, 0x10E4, 0x18E4, 0x18E4, 0x18E4, 0x18E4, 0x1904, 0x0882, 0x7BEF,
  0xFFFF, 0xF79E, 0xF7BE, 0xF79E, 0xFFDF, 0xFFDF, 0xFFDF, 0xFFDF, 0xFFDF, 0xFFDF, 0xFFFF, 0xFFDF,
  0xFFDF, 0xFFDF, 0xFFDF, 0xFFDF, 0xFFFF, 0xFFBF, 0xF79E, 0xF7BE, 0xF7BE, 0xF79E, 0x39E8, 0x10C3,
  0x1904, 0x18E4, 0x18E4, 0x1904, 0x1904, 0x10E4, 0x10E3, 0x18E4, 0x18E4, 0x18E4, 0x18E4, 0x1904,
  0x0882, 0x7BF0, 0xFFFF, 0xF79E, 0xF7BE, 0xF7BE, 0xF79E, 0xF79E, 0xF79E, 0xFFDF, 0xFFFF, 0xFFDF,
  0xF79E, 0xF79E, 0xFFFF, 0xFFFF, 0xF7BF, 0xF79E, 0xF79E, 0xF79E, 0xF7BE, 0xF79E, 0xF7BF, 0xF79E,
  0x39E8, 0x10C3, 0x1904, 0x1904, 0x18E4, 0x18E4, 0x1904, 0x10E4, 0x10E3, 0x18E4, 0x18E4, 0x18E4,
  0x18E4, 0x1904, 0x0882, 0x7BF0, 0xFFFF, 0xF79E, 0xF7BE, 0xF7BE, 0xF7BE, 0xF79E, 0xFFDF, 0xD69A,
  0x7BCF, 0xD69A, 0xF7BF, 0xFFBF, 0xAD96, 0x8431, 0xEF5D, 0xF7BF, 0xF79E, 0xF7BE, 0xF7BE, 0xF79E,
  0xF7BE, 0xF79E, 0x39E8, 0x10C3, 0x1904, 0x18E4, 0x18E4, 0x18E4, 0x18E4, 0x18E3, 0x10E3, 0x18E4,
  0x18E4, 0x18E4, 0x18E4, 0x1904, 0x0882, 0x7BCF, 0xFFFF, 0xF79E, 0xF7BE, 0xF7BE, 0xF79E, 0xF79E,
  0xFFDF, 0x4269, 0x0000, 0x4A8A, 0xFFFF, 0xD6DB, 0x18E4, 0x0000, 0x8451, 0xFFFF, 0xF79E, 0xF7BE,
  0xF79E, 0xF79E, 0xF7BE, 0xF79E, 0x39E8, 0x10A3, 0x1904, 0x18E4, 0x18E4, 0x18E4, 0x18E4, 0x18E4,
  0x10C3, 0x18E4, 0x18E4, 0x18E4, 0x18E4, 0x1904, 0x0882, 0x7BF0, 0xFFFF, 0xF79E, 0xF7BE, 0xF7BE,
  0xF79E, 0xF79E, 0xFFDF, 0x7C10, 0x10C3, 0x7BEF, 0xFFFF, 0xE73D, 0x4229, 0x1904, 0xB5B6, 0xFFDF,
  0xF79E, 0xF7BE, 0xF7BE, 0xF79E, 0xF7BE, 0xF79E, 0x39E8, 0x10A3, 0x1904, 0x1904, 0x18E4, 0x18E4,
  0x18E4, 0x10E4, 0x10E3, 0x18E4, 0x18E4, 0x18E4, 0x18E4, 0x1904, 0x0882, 0x7BF0, 0xFFFF, 0xF79E,
  0xF7BE, 0xF7BE, 0xF7BE, 0xF7BE, 0xF7BE, 0xF7BF, 0xD6BB, 0xF7BF, 0xF7BF, 0xFFDF, 0xEF5D, 0xDEDB,
  0xFFDF, 0xF79E, 0xF7BE, 0xF7BE, 0xF7BE, 0xF79E, 0xF7BE, 0xF79E, 0x39E8, 0x10A3, 0x1904, 0x18E4,
  0x1904, 0x18E4, 0x18E4, 0x10E4, 0x18E3, 0x18E4, 0x18E4, 0x18E4, 0x18E4, 0x1904, 0x0882, 0x632D,
  0xFFFF, 0xEF7E, 0xF79E, 0xF79E, 0xF79E, 0xF7BE, 0xF79E, 0xF77E, 0xF7BF, 0xF79E, 0xF79E, 0xF79E,
  0xF79E, 0xF7BF, 0xEF7E, 0xF79E, 0xF7BE, 0xF79E, 0xF77E, 0xEF7E, 0xFFDF, 0xEF7D, 0x2966, 0x10E3,
  0x1904, 0x1904, 0x18E4, 0x18E4, 0x18E4, 0x10E4, 0x18E3, 0x1904, 0x18E4, 0x18E4, 0x18E4, 0x1904,
  0x1904, 0x1904, 0xB5B7, 0xFFFF, 0xFFFF, 0xFFFF, 0xFFFF, 0xF7BE, 0xFFDF, 0xFFFF, 0xFFFF, 0xFFFF,
  0xF79E, 0xF7BF, 0xFFFF, 0xFFFF, 0xFFFF, 0xFFBF, 0xF7BE, 0xFFFF, 0xFFFF, 0xFFFF, 0xFFFF, 0x7BF0,
  0x10A3, 0x1904, 0x1904, 0x1904, 0x18E4, 0x18E4, 0x1904, 0x18E4, 0x18E3, 0x1904, 0x18E4, 0x1904,
  0x1904, 0x1904, 0x1904, 0x10E4, 0x1904, 0x6B8E, 0x8C92, 0x8430, 0xBDF7, 0xFFDF, 0xBDF7, 0x8431,
  0x8451, 0x9CF4, 0xFFDF, 0xDEFC, 0x8C71, 0x8C72, 0x8C51, 0xE71C, 0xFFDF, 0xA514, 0x8C71, 0x8C72,
  0x52AB, 0x10C3, 0x1904, 0x1904, 0x1904, 0x1904, 0x1904, 0x18E4, 0x18E4, 0x18E4, 0x10E3, 0x18E4,
  0x18E4, 0x18E4, 0x1904, 0x1904, 0x18E4, 0x1904, 0x18E4, 0x08A3, 0x10A3, 0x0000, 0x7BCF, 0xFFFF,
  0x73AF, 0x0000, 0x0061, 0x2986, 0xFFDF, 0xC618, 0x0862, 0x10A3, 0x0062, 0xC618, 0xFFFF, 0x31E7,
  0x0041, 0x0882, 0x10A3, 0x1904, 0x1904, 0x1904, 0x18E4, 0x18E4, 0x18E4, 0x18E4, 0x18E4, 0x10C3,
  0x10E3, 0x18E4, 0x18E4, 0x18E4, 0x18E4, 0x18E4, 0x18E4, 0x18E4, 0x18E4, 0x1904, 0x2125, 0x10A3,
  0x8431, 0xFFFF, 0x7C10, 0x10A3, 0x1904, 0x39E8, 0xF7BF, 0xC639, 0x1904, 0x2125, 0x1904, 0xC638,
  0xFFDF, 0x4249, 0x10E4, 0x2125, 0x1904, 0x1904, 0x1904, 0x1904, 0x1904, 0x18E4, 0x18E4, 0x18E4,
  0x18E4, 0x10E3, 0x10E4, 0x18E4, 0x18E4, 0x1904, 0x1904, 0x1904, 0x18E4, 0x18E4, 0x1904, 0x1904,
  0x1925, 0x0882, 0x8451, 0xFFFF, 0x8451, 0x0882, 0x10C3, 0x3A08, 0xFFFF, 0xCE7A, 0x10E3, 0x1904,
  0x10E4, 0xD69A, 0xFFFF, 0x4229, 0x10A3, 0x1904, 0x1904, 0x1904, 0x1904, 0x18E4, 0x18E4, 0x18E4,
  0x18E4, 0x1904, 0x18E4, 0x10E3, 0x10E4, 0x18E4, 0x18E4, 0x18E4, 0x18E4, 0x18E4, 0x1904, 0x18E4,
  0x18E4, 0x18E4, 0x1904, 0x10A3, 0x52AB, 0xD69A, 0x52AB, 0x10C3, 0x1904, 0x2125, 0xC618, 0x9492,
  0x10A3, 0x1904, 0x10A3, 0x8C92, 0xC639, 0x2145, 0x18E4, 0x1904, 0x1904, 0x1904, 0x1904, 0x18E4,
  0x18E4, 0x18E4, 0x18E4, 0x18E4, 0x18E4, 0x10E3, 0x10E4, 0x18E4, 0x18E4, 0x18E4, 0x18E4, 0x18E4,
  0x18E4, 0x18E4, 0x18E4, 0x18E4, 0x18E4, 0x1904, 0x10C3, 0x18E4, 0x10C3, 0x1904, 0x1904, 0x18E4,
  0x10C3, 0x10C3, 0x18E4, 0x1904, 0x18E4, 0x10C3, 0x10C3, 0x18E4, 0x1904, 0x1904, 0x1904, 0x1904,
  0x1904, 0x18E4, 0x1904, 0x18E4, 0x18E4, 0x18E4, 0x18E4, 0x10C4, 0x10C3, 0x18E4, 0x18E4, 0x18E4,
  0x18E4, 0x18E4, 0x18E4, 0x18E4, 0x18E4, 0x18E4, 0x18E4, 0x18E4, 0x1904, 0x1904, 0x1904, 0x1904,
  0x1904, 0x1904, 0x1904, 0x1904, 0x18E4, 0x18E4, 0x18E4, 0x1904, 0x1904, 0x1904, 0x1904, 0x1904,
  0x1904, 0x1904, 0x1904, 0x1904, 0x18E4, 0x18E4, 0x18E4, 0x18E4, 0x18E4, 0x10E3, 0x10A2, 0x1904,
  0x18E4, 0x18E4, 0x18E4, 0x18E4, 0x18E4, 0x18E4, 0x18E4, 0x18E4, 0x18E4, 0x18E4, 0x1904, 0x1904,
  0x1904, 0x1904, 0x1904, 0x18E4, 0x1904, 0x18E4, 0x18E4, 0x18E4, 0x18E4, 0x18E4, 0x1904, 0x1904,
  0x1904, 0x1904, 0x18E4, 0x1904, 0x18E4, 0x1904, 0x18E4, 0x1904, 0x1904, 0x18E4, 0x1904, 0x10A2,
  0x0020, 0x10C3, 0x1904, 0x1904, 0x18E4, 0x18E4, 0x18E4, 0x1904, 0x1904, 0x1904, 0x1904, 0x1904,
  0x1904, 0x1904, 0x1904, 0x1904, 0x1904, 0x1904, 0x18E4, 0x18E4, 0x18E4, 0x18E4, 0x1904, 0x18E4,
  0x1904, 0x1904, 0x18E4, 0x1904, 0x1904, 0x1904, 0x1904, 0x1904, 0x1904, 0x1904, 0x1904, 0x1904,
  0x10C3, 0x0020, 0x0000, 0x0020, 0x10A2, 0x10E3, 0x10E4, 0x10E4, 0x10E4, 0x10E4, 0x18E4, 0x10E4,
  0x10E4, 0x10E4, 0x18E4, 0x18E4, 0x10E4, 0x18E4, 0x18E4, 0x10E4, 0x10E3, 0x10E4, 0x18E3, 0x18E3,
  0x18E3, 0x10E3, 0x18E4, 0x10E3, 0x10E3, 0x10E3, 0x10E3, 0x10E3, 0x10E3, 0x10E4, 0x18E3, 0x10E4,
  0x10C3, 0x10A2, 0x0000, 0x0000
};

const uint16_t UI_ICON_SOLAR_DATA[UI_ICON_PIXELS] PROGMEM = {
  0x0000, 0x0000, 0x0882, 0x10C3, 0x10C3, 0x10C3, 0x10E3, 0x10C3, 0x10E3, 0x10E3, 0x10C3, 0x10E3,
  0x10E3, 0x10E3, 0x10E3, 0x10E3, 0x10E3, 0x10E3, 0x10E3, 0x10E3, 0x10E3, 0x10C3, 0x10E3, 0x10E3,
  0x18E3, 0x10C3, 0x10C3, 0x10E3, 0x10E3, 0x10C3, 0x10C3, 0x10C3, 0x10C3, 0x10C3, 0x10C3, 0x0882,
  0x0000, 0x0000, 0x0000, 0x10C3, 0x1904, 0x1904, 0x1904, 0x18E4, 0x18E4, 0x1904, 0x18E4, 0x1904,
  0x1904, 0x1904, 0x1904, 0x1904, 0x1904, 0x1904, 0x1904, 0x1904, 0x1904, 0x18E4, 0x18E4, 0x18E4,
  0x1904, 0x18E4, 0x1904, 0x1904, 0x18E4, 0x1904, 0x18E4, 0x1904, 0x1904, 0x1904, 0x1904, 0x1904,
  0x1904, 0x1904, 0x10C3, 0x0020, 0x1082, 0x1904, 0x18E4, 0x18E4, 0x18E4, 0x18E4, 0x18E4, 0x18E4,
  0x18E4, 0x18E4, 0x1904, 0x1904, 0x18E4, 0x1904, 0x1904, 0x1904, 0x1904, 0x1904, 0x18E4, 0x18E4,
  0x18E4, 0x18E4, 0x18E4, 0x18E4, 0x10C4, 0x10C4, 0x18E4, 0x18E4, 0x18E4, 0x18E4, 0x18E4, 0x18E4,
  0x18E4, 0x18E4, 0x18E4, 0x18E4, 0x1904, 0x1082, 0x10C3, 0x1904, 0x18E4, 0x1904, 0x18E4, 0x18E4,
  0x18E4, 0x18E4, 0x18E4, 0x1904, 0x1904, 0x1904, 0x1904, 0x18E4, 0x1904, 0x1904, 0x1904, 0x18E4,
  0x1904, 0x1904, 0x18E4, 0x18E4, 0x1904, 0x10C4, 0xA426, 0x8365, 0x08A4, 0x1904, 0x18E4, 0x1904,
  0x1904, 0x18E4, 0x18E4, 0x18E4, 0x18E4, 0x18E4, 0x1904, 0x10C3, 0x10C3, 0x18E4, 0x18E4, 0x18E4,
  0x18E4, 0x18E4, 0x18E4, 0x1904, 0x18E4, 0x18E4, 0x1904, 0x1904, 0x1904, 0x1904, 0x18E4, 0x1904,
  0x18E4, 0x1904, 0x10C4, 0x0884, 0x18E4, 0x1904, 0x18E4, 0x10C3, 0xEDE7, 0xC507, 0x08A4, 0x1904,
  0x1904, 0x10E4, 0x0884, 0x18E4, 0x18E4, 0x18E4, 0x18E4, 0x18E4, 0x1904, 0x18E4, 0x10C3, 0x18E4,
  0x18E4, 0x18E4, 0x18E4, 0x18E4, 0x1904, 0x18E4, 0x1904, 0x1904, 0x1904, 0x1904, 0x1904, 0x1904,
  0x1904, 0x1904, 0x1904, 0x10C4, 0x31A4, 0x7325, 0x18E4, 0x10E4, 0x1904, 0x1904, 0xEDE6, 0xBCC6,
  0x08A4, 0x1904, 0x08A3, 0x2944, 0x7B45, 0x2124, 0x18E4, 0x1904, 0x18E4, 0x18E4, 0x1904, 0x18E4,
  0x10C3, 0x18E4, 0x18E4, 0x18E4, 0x18E4, 0x18E4, 0x18E4, 0x18E4, 0x18E4, 0x1904, 0x18E4, 0x18E4,
  0x1904, 0x1904, 0x18E4, 0x18E4, 0x1904, 0x10C4, 0x5A65, 0xFEE7, 0xAC86, 0x1904, 0x1904, 0x08A4,
  0x4A04, 0x39A4, 0x08A3, 0x1904, 0x2985, 0xCD46, 0xFE66, 0x3184, 0x10C4, 0x1904, 0x1904, 0x1904,
  0x1904, 0x18E4, 0x10C3, 0x18E4, 0x18E4, 0x18E4, 0x18E4, 0x1904, 0x18E4, 0x18E4, 0x18E4, 0x18E4,
  0x18E4, 0x18E4, 0x18E4, 0x1904, 0x18E4, 0x18E4, 0x18E4, 0x1904, 0x10A3, 0x7305, 0xFEC8, 0x5265,
  0x0084, 0x41E4, 0x62C5, 0x62A5, 0x3184, 0x0023, 0x8B85, 0xFEA7, 0x4A24, 0x10C4, 0x1904, 0x18E4,
  0x18E4, 0x1904, 0x1904, 0x10E4, 0x18E4, 0x18E4, 0x18E4, 0x18E4, 0x18E4, 0x1904, 0x1904, 0x18E4,
  0x18E4, 0x1904, 0x1904, 0x18E4, 0x18E4, 0x18E4, 0x18E4, 0x18E4, 0x18E4, 0x18E4, 0x18E3, 0x10E4,
  0x39A4, 0x1903, 0xA446, 0xFE26, 0xFE87, 0xFE67, 0xF5E6, 0x7B25, 0x2104, 0x39C4, 0x10C4, 0x1903,
  0x18E4, 0x1904, 0x1904, 0x1904, 0x1904, 0x10E4, 0x18C3, 0x18E4, 0x18E4, 0x1904, 0x18E4, 0x18E4,
  0x1904, 0x1904, 0x1904, 0x1904, 0x1904, 0x1904, 0x18E4, 0x18E4, 0x18E4, 0x18E4, 0x18E3, 0x18E3,
  0x10E3, 0x18E3, 0x0883, 0xA426, 0xFEA7, 0xFE06, 0xF606, 0xF5E6, 0xFE06, 0xFE87, 0x7305, 0x0883,
  0x2124, 0x18E3, 0x18E4, 0x1904, 0x18E4, 0x18E4, 0x18E4, 0x10E3, 0x18E3, 0x18E4, 0x18E4, 0x18E4,
  0x1904, 0x18E4, 0x1904, 0x18E4, 0x1904, 0x1904, 0x1904, 0x1904, 0x18E4, 0x18E4, 0x18E4, 0x18E4,
  0x10C4, 0x1904, 0x1904, 0x10A3, 0x39A4, 0xFE47, 0xFE06, 0xFE06, 0xFE06, 0xFE06, 0xFE06, 0xFE26,
  0xDD66, 0x1904, 0x10C3, 0x1904, 0x1904, 0x10C4, 0x18E4, 0x18E4, 0x18E4, 0x10C3, 0x18E3, 0x1904,
  0x18E4, 0x1904, 0x1904, 0x1904, 0x18E4, 0x1904, 0x1904, 0x1904, 0x18E4, 0x18E4, 0x18E4, 0x18E4,
  0x1904, 0x08A4, 0x93C5, 0xF607, 0xF627, 0x6AC5, 0x4A24, 0xFE66, 0xF606, 0xFE06, 0xFE06, 0xFE06,
  0xFE06, 0xFE06, 0xFE07, 0x3184, 0x8BA5, 0xF627, 0xEE27, 0x62A4, 0x08A4, 0x1904, 0x18E4, 0x10C3,
  0x10C4, 0x18E4, 0x18E4, 0x1904, 0x18E4, 0x18E4, 0x18E4, 0x18E4, 0x1904, 0x18E4, 0x18E4, 0x18E4,
  0x18E4, 0x18E4, 0x18E4, 0x10C4, 0x62A5, 0xA426, 0xA446, 0x39C4, 0x4A04, 0xFE46, 0xFE06, 0xFE06,
  0xFE06, 0xFE06, 0xFE06, 0xFE26, 0xF5E7, 0x2964, 0x5A85, 0xA446, 0xA425, 0x41E4, 0x10C4, 0x1904,
  0x18E4, 0x10E3, 0x10E3, 0x18E4, 0x18E4, 0x18E4, 0x18E4, 0x1904, 0x1904, 0x1904, 0x18E4, 0x1904,
  0x18E4, 0x18E4, 0x18E4, 0x18E4, 0x18E4, 0x18E4, 0x10C4, 0x0884, 0x08A4, 0x10C3, 0x2964, 0xE5A6,
  0xFE26, 0xF606, 0xFE06, 0xFE06, 0xF5E6, 0xFE86, 0xBCA6, 0x10C4, 0x10C4, 0x08A4, 0x0883, 0x10C4,
  0x1904, 0x18E4, 0x18E4, 0x10E3, 0x18E3, 0x18E4, 0x18E4, 0x18E4, 0x18E4, 0x1904, 0x1904, 0x1904,
  0x1904, 0x1904, 0x1904, 0x18E4, 0x1904, 0x18E4, 0x18E4, 0x1904, 0x1904, 0x1924, 0x2124, 0x1904,
  0x0064, 0x5244, 0xFE47, 0xFE67, 0xFE46, 0xFE46, 0xFE87, 0xE5C6, 0x3184, 0x0084, 0x2104, 0x1904,
  0x1904, 0x1904, 0x1904, 0x1904, 0x1904, 0x18E3, 0x18C4, 0x18E4, 0x18E4, 0x18E4, 0x18E4, 0x1904,
  0x18E4, 0x18E4, 0x1904, 0x18E4, 0x18E3, 0x18E4, 0x18E4, 0x18E4, 0x18E4, 0x18E4, 0x18E4, 0x18E4,
  0x18C3, 0x2103, 0x9385, 0x3164, 0x41E4, 0xBCA6, 0xDD65, 0xDD66, 0xA426, 0x2124, 0x4204, 0x8386,
  0x10C4, 0x18E4, 0x1904, 0x1904, 0x1904, 0x1904, 0x18E4, 0x10E4, 0x10C3, 0x18E4, 0x18E4, 0x18E4,
  0x18E4, 0x18E4, 0x18E4, 0x18E4, 0x18C3, 0x1925, 0x1966, 0x1945, 0x1966, 0x1966, 0x1946, 0x1946,
  0x1946, 0x1966, 0x1146, 0x8BE8, 0xF669, 0x4A86, 0x08E5, 0x1946, 0x1965, 0x1945, 0x10A3, 0x0083,
  0x7325, 0xFF28, 0x9BE6, 0x18E4, 0x1904, 0x1904, 0x1904, 0x1904, 0x18E4, 0x10E4, 0x10C3, 0x18E4,
  0x18E4, 0x18E4, 0x18E4, 0x18E4, 0x1904, 0x18C3, 0x1A2A, 0x25BC, 0x2DFF, 0x25DE, 0x25FF, 0x2E1F,
  0x259D, 0x25DD, 0x2E1F, 0x2E1F, 0x261F, 0x363E, 0x2DDD, 0x1DDE, 0x2E1F, 0x2E1F, 0x25FE, 0x25FD,
  0x230E, 0x18E3, 0x08C4, 0x8BA5, 0xFE67, 0x31A4, 0x10C4, 0x1904, 0x18E4, 0x18E4, 0x1904, 0x10E4,
  0x10C3, 0x18E4, 0x18E4, 0x18E4, 0x18E4, 0x18E4, 0x1904, 0x18A2, 0x2456, 0x265F, 0x1C35, 0x2415,
  0x1BF4, 0x1C15, 0x261F, 0x255B, 0x23F4, 0x1C14, 0x1BD3, 0x1CD9, 0x1E1F, 0x2497, 0x2414, 0x1BD4,
  0x1BF4, 0x2E3F, 0x2D3A, 0x18C3, 0x18E4, 0x18E4, 0x31A5, 0x1904, 0x1904, 0x18E4, 0x18E4, 0x1904,
  0x1904, 0x18E4, 0x10C3, 0x18E4, 0x18E4, 0x18E4, 0x18E4, 0x18E4, 0x18E4, 0x1105, 0x25BD, 0x24FA,
  0x1081, 0x18A3, 0x1861, 0x1105, 0x263F, 0x23D3, 0x1040, 0x10A3, 0x1020, 0x22CE, 0x2E9F, 0x1A4B,
  0x1840, 0x10A2, 0x1841, 0x2456, 0x263F, 0x19A8, 0x18E3, 0x1904, 0x10C3, 0x1904, 0x1904, 0x1904,
  0x1904, 0x1904, 0x1904, 0x10E4, 0x10C3, 0x18E4, 0x18E4, 0x18E4, 0x18E4, 0x1904, 0x18A2, 0x1A4B,
  0x267F, 0x1B71, 0x18C3, 0x1925, 0x18E4, 0x1A2B, 0x267F, 0x1B51, 0x18C3, 0x1945, 0x18E3, 0x1A8C,
  0x269F, 0x1AEF, 0x18C3, 0x1946, 0x18C3, 0x1A8C, 0x269F, 0x2351, 0x18C3, 0x1904, 0x1904, 0x1904,
  0x1904, 0x1904, 0x1904, 0x1904, 0x1904, 0x10E4, 0x18C4, 0x18E4, 0x18E4, 0x18E4, 0x18E4, 0x1904,
  0x18A2, 0x2414, 0x263F, 0x1967, 0x1881, 0x18C3, 0x1041, 0x1A8C, 0x269F, 0x1A4B, 0x1040, 0x18C3,
  0x1861, 0x19A7, 0x267F, 0x1B51, 0x1040, 0x18C3, 0x1082, 0x10E3, 0x25DD, 0x2519, 0x18C3, 0x1904,
  0x1904, 0x1904, 0x1904, 0x1904, 0x1904, 0x1904, 0x1904, 0x10E4, 0x10C3, 0x18E4, 0x18E4, 0x18E4,
  0x1904, 0x18E4, 0x1905, 0x1D7C, 0x1D7D, 0x1A6C, 0x1A8C, 0x22CE, 0x1A6B, 0x1C14, 0x265F, 0x1B71,
  0x1A6C, 0x22AD, 0x1A6C, 0x230F, 0x2E3F, 0x24D8, 0x228C, 0x1A8D, 0x1A6C, 0x1A6C, 0x2D3A, 0x2E1F,
  0x19A8, 0x18C3, 0x1904, 0x1904, 0x1904, 0x1904, 0x1904, 0x1904, 0x1904, 0x18E4, 0x10C3, 0x18E4,
  0x18E3, 0x18E4, 0x1904, 0x18A3, 0x1A2B, 0x261F, 0x261F, 0x267F, 0x267F, 0x2E7F, 0x369F, 0x263F,
  0x1DFF, 0x2E7F, 0x2E9F, 0x2E7F, 0x267F, 0x2E7F, 0x261F, 0x2E1F, 0x2E9F, 0x267F, 0x267F, 0x2E9F,
  0x263F, 0x265F, 0x1B50, 0x18A2, 0x1905, 0x1904, 0x1904, 0x1904, 0x1904, 0x1904, 0x1904, 0x18E4,
  0x10C3, 0x18E4, 0x18E3, 0x18E4, 0x1904, 0x18A2, 0x23D3, 0x2E5F, 0x2330, 0x1A4B, 0x1A4B, 0x1A4C,
  0x222B, 0x1CD9, 0x25FF, 0x1AAD, 0x1A4B, 0x1A4B, 0x1A4B, 0x1A4B, 0x255B, 0x2DBD, 0x228C, 0x1A4B,
  0x1A4B, 0x1A4B, 0x1A6C, 0x25FE, 0x2D19, 0x18E3, 0x1904, 0x18E4, 0x1904, 0x1904, 0x18E4, 0x1904,
  0x1904, 0x10E4, 0x10C3, 0x18E4, 0x18E3, 0x18E4, 0x18E4, 0x18E4, 0x257C, 0x1D7C, 0x10A3, 0x18A3,
  0x18C3, 0x18C3, 0x1061, 0x24B8, 0x2DBD, 0x18E4, 0x18A2, 0x18A3, 0x18C3, 0x1061, 0x1C77, 0x25DE,
  0x18E4, 0x18A2, 0x18C3, 0x18C3, 0x1861, 0x2497, 0x2E1F, 0x1187, 0x18C3, 0x18E4, 0x18E4, 0x1904,
  0x1904, 0x18E4, 0x1904, 0x10E3, 0x10C3, 0x18E4, 0x10C3, 0x18E4, 0x10A2, 0x11E9, 0x267F, 0x23F4,
  0x18C3, 0x1946, 0x1925, 0x1905, 0x1925, 0x257C, 0x253A, 0x1904, 0x1925, 0x1925, 0x1946, 0x10C3,
  0x1BF4, 0x263F, 0x11A7, 0x18E4, 0x1925, 0x1945, 0x18C3, 0x1AEE, 0x267F, 0x1AEF, 0x18A3, 0x1904,
  0x18E4, 0x1904, 0x1904, 0x1904, 0x1904, 0x18E3, 0x10C3, 0x18E4, 0x10C3, 0x18E4, 0x1082, 0x2392,
  0x2E7F, 0x2209, 0x1861, 0x18C3, 0x18A2, 0x1082, 0x1925, 0x2E1F, 0x2456, 0x1040, 0x18C3, 0x18A3,
  0x18A3, 0x1040, 0x1B0F, 0x267F, 0x19C8, 0x1861, 0x18C3, 0x18A2, 0x1882, 0x1104, 0x1DDE, 0x24D9,
  0x18E3, 0x18E4, 0x18E4, 0x18E4, 0x1904, 0x1904, 0x1904, 0x18E4, 0x10C3, 0x18E3, 0x18E3, 0x18E3,
  0x1105, 0x255B, 0x25DE, 0x1B0F, 0x1AEF, 0x1B0F, 0x1AEF, 0x1AEE, 0x2371, 0x261F, 0x24D8, 0x1ACE,
  0x2330, 0x230F, 0x1AEE, 0x1ACE, 0x2435, 0x263F, 0x2414, 0x22EE, 0x1B0F, 0x1B0F, 0x1B0F, 0x1ACE,
  0x255B, 0x25FF, 0x19A8, 0x18C3, 0x18E4, 0x18E4, 0x18E4, 0x18E4, 0x1904, 0x18E4, 0x10C3, 0x18E4,
  0x18E4, 0x18C3, 0x1125, 0x1D7C, 0x265F, 0x267F, 0x2E9F, 0x267F, 0x267F, 0x2E9F, 0x267F, 0x261F,
  0x265F, 0x2E9F, 0x1E3F, 0x161F, 0x1E3F, 0x267F, 0x267F, 0x261F, 0x267F, 0x267F, 0x269F, 0x2E9F,
  0x269F, 0x269F, 0x265F, 0x261F, 0x19E9, 0x18C3, 0x1904, 0x1904, 0x18E4, 0x1904, 0x1904, 0x18E3,
  0x10C3, 0x18E3, 0x18C3, 0x18C4, 0x18C3, 0x19C8, 0x1A8C, 0x1A6B, 0x1A4B, 0x1A4B, 0x1A4B, 0x1A6B,
  0x1A6B, 0x1A6C, 0x228C, 0x1A4B, 0x8578, 0xB73F, 0xA67C, 0x22AD, 0x228C, 0x1A6C, 0x1A6B, 0x1A4B,
  0x1A4B, 0x1A6B, 0x1A4B, 0x1A6B, 0x1A6C, 0x19E9, 0x18E4, 0x10E4, 0x18E4, 0x18E4, 0x18E4, 0x1904,
  0x1904, 0x10E4, 0x10C3, 0x18E4, 0x18E3, 0x18E4, 0x18E4, 0x18C3, 0x18A3, 0x18A3, 0x18A3, 0x18A3,
  0x18A3, 0x18A2, 0x18C3, 0x1082, 0x0841, 0x0000, 0xB575, 0xFFFF, 0xDEBA, 0x0841, 0x0841, 0x1061,
  0x18A3, 0x18A3, 0x18A3, 0x18A3, 0x18A2, 0x18A3, 0x18A3, 0x18C3, 0x18E4, 0x10E4, 0x18E4, 0x18E4,
  0x1904, 0x18E4, 0x18E4, 0x18E4, 0x10C4, 0x18E4, 0x18E4, 0x18E4, 0x18E4, 0x18E4, 0x18E4, 0x18E4,
  0x18E4, 0x1904, 0x1904, 0x1905, 0x10E4, 0x426A, 0x6B8E, 0x634D, 0xC659, 0xF7BF, 0xDEFC, 0x6B8E,
  0x6B8E, 0x5B0C, 0x1904, 0x1904, 0x1904, 0x18E4, 0x18E4, 0x1904, 0x1904, 0x1904, 0x18E4, 0x18E4,
  0x18E4, 0x1904, 0x18E4, 0x18E4, 0x18E4, 0x10E4, 0x10C3, 0x18E4, 0x18E4, 0x18E4, 0x18E4, 0x18E4,
  0x18E4, 0x18E4, 0x18E4, 0x18E4, 0x18E4, 0x1904, 0x10A3, 0xC639, 0xFFFF, 0xFFFF, 0xFFFF, 0xFFFF,
  0xFFFF, 0xFFFF, 0xFFFF, 0xF79E, 0x2145, 0x18E4, 0x18E4, 0x18E4, 0x18E4, 0x18E4, 0x18E4, 0x18E4,
  0x18E4, 0x18E4, 0x1904, 0x18E4, 0x18E4, 0x18E4, 0x18E4, 0x10E4, 0x10E3, 0x1904, 0x18E4, 0x1904,
  0x18E4, 0x1904, 0x1904, 0x18E4, 0x18E4, 0x18E4, 0x18E4, 0x18E4, 0x10C3, 0x3A08, 0x6B6E, 0x632D,
  0x632D, 0x634D, 0x634D, 0x632D, 0x632D, 0x4A8A, 0x18E4, 0x1904, 0x1904, 0x18E4, 0x18E4, 0x18E4,
  0x18E4, 0x1904, 0x18E4, 0x1904, 0x1904, 0x18E4, 0x18E4, 0x18E4, 0x18E4, 0x10E4, 0x10A2, 0x1904,
  0x18E4, 0x1904, 0x1904, 0x18E4, 0x18E4, 0x18E4, 0x18E4, 0x18E4, 0x18E4, 0x10E4, 0x10E4, 0x10A3,
  0x0882, 0x0882, 0x0882, 0x0882, 0x0882, 0x0882, 0x0882, 0x10A3, 0x1904, 0x18E4, 0x18E4, 0x1904,
  0x1904, 0x1904, 0x1904, 0x1904, 0x18E4, 0x1904, 0x1904, 0x18E4, 0x18E4, 0x18E4, 0x1904, 0x10A3,
  0x0020, 0x10C3, 0x1904, 0x1904, 0x1904, 0x1904, 0x1904, 0x1904, 0x18E4, 0x18E4, 0x18E4, 0x18E4,
  0x10C4, 0x18E4, 0x1904, 0x1904, 0x1904, 0x1904, 0x1904, 0x1904, 0x1904, 0x1904, 0x18E4, 0x18E4,
  0x18E4, 0x1904, 0x1904, 0x1904, 0x1904, 0x1904, 0x1904, 0x1904, 0x1904, 0x1904, 0x18E4, 0x1904,
  0x10C3, 0x0020, 0x0000, 0x0020, 0x10A2, 0x10E3, 0x10E4, 0x18E4, 0x18E4, 0x18E4, 0x10E4, 0x10E3,
  0x10E3, 0x10E3, 0x10E3, 0x10E3, 0x10E4, 0x10E4, 0x10E4, 0x10E4, 0x10E4, 0x10E4, 0x10E4, 0x10E4,
  0x18E4, 0x18E4, 0x10E4, 0x18E4, 0x18E4, 0x18E4, 0x18E4, 0x18E4, 0x18E4, 0x18E4, 0x18E4, 0x18E4,
  0x18E3, 0x10A2, 0x0020, 0x0000
};

const uint16_t UI_ICON_GRID_DATA[UI_ICON_PIXELS] PROGMEM = {
  0x0000, 0x0000, 0x0882, 0x10C3, 0x10C3, 0x10C3, 0x10C3, 0x10C3, 0x10C3, 0x10C3, 0x10E3, 0x10E3,
  0x10C3, 0x10C3, 0x10C3, 0x10C3, 0x10C3, 0x10E3, 0x10C3, 0x10C3, 0x10C3, 0x10C3, 0x10C3, 0x10C3,
  0x10C3, 0x10C3, 0x10C3, 0x10C3, 0x10C3, 0x10C3, 0x10C3, 0x10C3, 0x10C3, 0x10C3, 0x10C3, 0x0882,
  0x0000, 0x0000, 0x0000, 0x10C3, 0x1904, 0x1904, 0x1904, 0x1904, 0x1904, 0x1904, 0x18E4, 0x1904,
  0x1904, 0x1904, 0x1904, 0x1904, 0x18E4, 0x18E4, 0x18E4, 0x18E4, 0x18E4, 0x18E4, 0x18E4, 0x18E4,
  0x18E4, 0x18E4, 0x18E4, 0x1904, 0x1904, 0x18E4, 0x18E4, 0x18E4, 0x18E4, 0x1904, 0x1904, 0x1904,
  0x1904, 0x1904, 0x10C3, 0x0000, 0x0882, 0x1904, 0x18E4, 0x18E4, 0x18E4, 0x18E4, 0x18E4, 0x18E4,
  0x18E4, 0x18E4, 0x1904, 0x1904, 0x18E4, 0x18E4, 0x1904, 0x18E4, 0x18E4, 0x1904, 0x1904, 0x1904,
  0x1904, 0x18E4, 0x18E4, 0x18E4, 0x18E4, 0x18E4, 0x18E4, 0x18E4, 0x18E4, 0x18E4, 0x18E4, 0x18E4,
  0x18E4, 0x1904, 0x18E4, 0x18E4, 0x1904, 0x0882, 0x10C3, 0x1904, 0x1904, 0x1904, 0x1904, 0x18E4,
  0x1904, 0x1904, 0x18E4, 0x1904, 0x18E4, 0x18E4, 0x1904, 0x1904, 0x18E4, 0x18E4, 0x18E4, 0x0882,
  0x0882, 0x0862, 0x0882, 0x18E4, 0x18E4, 0x18E4, 0x18E4, 0x18E4, 0x18E4, 0x18E4, 0x18E4, 0x18E4,
  0x18E4, 0x1904, 0x18E4, 0x18E4, 0x18E4, 0x18E4, 0x1904, 0x10C3, 0x10C3, 0x1904, 0x1904, 0x1904,
  0x1904, 0x1904, 0x1904, 0x1904, 0x18E4, 0x1904, 0x1904, 0x18E4, 0x1904, 0x1904, 0x1904, 0x18E4,
  0x18E4, 0x8451, 0xA534, 0xA514, 0x8451, 0x18E4, 0x18E4, 0x18E4, 0x18E4, 0x1904, 0x18E4, 0x18E4,
  0x18E4, 0x18E4, 0x18E4, 0x18E4, 0x18E4, 0x18E4, 0x18E4, 0x18E4, 0x18E4, 0x10C3, 0x10C3, 0x1904,
  0x18E4, 0x1904, 0x1904, 0x1904, 0x1904, 0x18E4, 0x1904, 0x1904, 0x18E4, 0x18E4, 0x1904, 0x1904,
  0x1904, 0x10A3, 0x4229, 0xFFFF, 0xFFFF, 0xFFFF, 0xFFFF, 0x4229, 0x10C3, 0x1904, 0x1904, 0x1904,
  0x18E4, 0x18E4, 0x18E4, 0x18E4, 0x18E4, 0x18E4, 0x18E4, 0x18E4, 0x18E4, 0x18E4, 0x1904, 0x10C3,
  0x10C3, 0x1904, 0x18E4, 0x18E4, 0x1904, 0x1904, 0x1904, 0x18E4, 0x1904, 0x18E4, 0x18E4, 0x18E4,
  0x18E4, 0x18E4, 0x2125, 0x0882, 0x73CF, 0xFFFF, 0x6B8E, 0x73AF, 0xFFFF, 0x73AE, 0x0862, 0x2125,
  0x1904, 0x18E4, 0x18E4, 0x18E4, 0x18E4, 0x18E4, 0x18E4, 0x18E4, 0x18E4, 0x18E4, 0x18E4, 0x18E4,
  0x1904, 0x10C3, 0x10C3, 0x1904, 0x18E4, 0x18E4, 0x1904, 0x1904, 0x1904, 0x1904, 0x18E4, 0x1904,
  0x18E4, 0x1904, 0x1904, 0x18E4, 0x0882, 0x0882, 0xB5B7, 0xFFFF, 0x31A6, 0x31C7, 0xFFDF, 0xB596,
  0x0882, 0x10A3, 0x1904, 0x1904, 0x18E4, 0x18E4, 0x18E4, 0x18E4, 0x18E4, 0x1904, 0x18E4, 0x1904,
  0x18E4, 0x18E4, 0x18E4, 0x10C3, 0x10C3, 0x1904, 0x18E4, 0x1904, 0x1904, 0x1904, 0x1904, 0x1904,
  0x18E4, 0x1904, 0x1904, 0x18E4, 0x0882, 0x1904, 0x5B0C, 0xBE18, 0xFFDF, 0xDEDB, 0x1905, 0x1904,
  0xDEDB, 0xFFDF, 0xC639, 0x5B0C, 0x10C3, 0x0882, 0x18E4, 0x1904, 0x1904, 0x18E4, 0x18E4, 0x18E4,
  0x18E4, 0x18E4, 0x1904, 0x18E4, 0x1904, 0x10C3, 0x10C3, 0x1904, 0x18E4, 0x1904, 0x18E4, 0x18E4,
  0x18E4, 0x1904, 0x1904, 0x10E4, 0x0882, 0x2125, 0x6B8E, 0xDEFB, 0xFFFF, 0xF7BF, 0xFFFF, 0xAD55,
  0x10C3, 0x10C3, 0xB596, 0xFFFF, 0xFFDF, 0xFFFF, 0xD69A, 0x6B6E, 0x1904, 0x0882, 0x18E4, 0x1904,
  0x18E4, 0x18E4, 0x18E4, 0x18E4, 0x1904, 0x1904, 0x1904, 0x10C3, 0x10C3, 0x1904, 0x1904, 0x18E4,
  0x18E4, 0x18E4, 0x18E4, 0x1904, 0x08A3, 0x2966, 0x8410, 0xDEDB, 0xFFFF, 0xE71C, 0x6B8E, 0x9492,
  0xFFFF, 0x5B0C, 0x0021, 0x0020, 0x632D, 0xFFFF, 0x8C72, 0x634D, 0xDEDB, 0xFFFF, 0xD6DB, 0x7C10,
  0x2145, 0x0882, 0x1904, 0x18E4, 0x18E4, 0x1904, 0x18E4, 0x18E4, 0x1904, 0x10C3, 0x10C3, 0x1904,
  0x18E4, 0x18E4, 0x1904, 0x18E4, 0x1904, 0x10A3, 0x73CF, 0xEF5D, 0xFFFF, 0xFFDF, 0xEF7E, 0xBDF7,
  0x94B3, 0xDEDB, 0xFFDF, 0xB5D7, 0xA534, 0xA514, 0xBDF8, 0xFFDF, 0xD69A, 0x9492, 0xB5B7, 0xEF7E,
  0xFFFF, 0xFFFF, 0xE71C, 0x73AF, 0x10C3, 0x1904, 0x18E4, 0x1904, 0x18E4, 0x18E4, 0x1904, 0x10C3,
  0x10C3, 0x1904, 0x18E4, 0x1904, 0x18E4, 0x18E4, 0x1904, 0x10A3, 0xC639, 0xFFFF, 0xEF5D, 0xE73D,
  0xEF5D, 0xF7BE, 0xFFDF, 0xFFDF, 0xF79E, 0xEF7E, 0xFFDF, 0xF7BF, 0xF79E, 0xF7BE, 0xF79F, 0xFFDF,
  0xF79E, 0xEF7D, 0xEF5D, 0xE73D, 0xFFFF, 0xCE79, 0x10C3, 0x1904, 0x18E4, 0x18E4, 0x18E4, 0x18E4,
  0x1904, 0x10E3, 0x10C3, 0x1904, 0x18E4, 0x18E4, 0x18E4, 0x18E4, 0x1904, 0x0020, 0x9CF4, 0xDEDB,
  0x2145, 0x31A7, 0x31C7, 0x2966, 0x39E7, 0xE71C, 0xFFDF, 0x8C71, 0x2145, 0x1924, 0x8431, 0xFFDF,
  0xE73C, 0x3A08, 0x31A7, 0x31C7, 0x31A7, 0x2125, 0xDEDB, 0xA555, 0x0021, 0x1904, 0x18E4, 0x18E4,
  0x1904, 0x18E4, 0x1904, 0x10E3, 0x10C3, 0x1904, 0x18E4, 0x18E4, 0x18E4, 0x18E4, 0x10C3, 0x94D3,
  0xEF5D, 0xEF5D, 0xB5B7, 0x2125, 0x10C3, 0x0882, 0x31C7, 0xF79E, 0xF7BF, 0xFFFF, 0x5B0C, 0x52AB,
  0xFFDF, 0xF7BF, 0xF79E, 0x39E8, 0x10A3, 0x10C3, 0x1904, 0xB5B6, 0xF79E, 0xEF5D, 0x9CF4, 0x10C3,
  0x1904, 0x18E4, 0x18E4, 0x18E4, 0x1904, 0x10C3, 0x10C3, 0x1904, 0x18E4, 0x18E4, 0x18E4, 0x18E4,
  0x18E4, 0x5B0C, 0xCE7A, 0xE71D, 0x73AF, 0x2145, 0x2125, 0x10A3, 0x52CB, 0xFFFF, 0xA514, 0xCE79,
  0xF7BF, 0xF79E, 0xCE7A, 0xA535, 0xFFFF, 0x52CB, 0x10A3, 0x1904, 0x2125, 0x73CF, 0xE73D, 0xD69A,
  0x632D, 0x18E4, 0x1904, 0x18E4, 0x18E4, 0x18E4, 0x18E4, 0x10C3, 0x10C3, 0x1904, 0x1904, 0x1904,
  0x18E4, 0x18E4, 0x1904, 0x0000, 0xA534, 0xDEFB, 0x0021, 0x1904, 0x2125, 0x0882, 0x6B8E, 0xFFFF,
  0x5AEB, 0x528A, 0xFFFF, 0xFFFF, 0x5AEB, 0x52AA, 0xFFFF, 0x634D, 0x0882, 0x2145, 0x1904, 0x0021,
  0xD69A, 0xAD55, 0x0000, 0x1925, 0x18E4, 0x18E4, 0x18E4, 0x18E4, 0x18E4, 0x10E3, 0x10C3, 0x1904,
  0x1904, 0x1904, 0x18E4, 0x18E4, 0x18E4, 0x18E4, 0x3A08, 0x4AAA, 0x1925, 0x1904, 0x10C3, 0x0061,
  0x9CD3, 0xFFDF, 0x73CF, 0xD69A, 0xF77E, 0xEF7E, 0xD6BB, 0x7BF0, 0xFFDF, 0x9CF4, 0x0862, 0x10A3,
  0x1904, 0x18E4, 0x4249, 0x4229, 0x18E4, 0x1904, 0x1904, 0x1904, 0x18E4, 0x18E4, 0x1904, 0x10E3,
  0x10C3, 0x1904, 0x1904, 0x1904, 0x18E4, 0x18E4, 0x18E4, 0x1904, 0x18E4, 0x10C3, 0x10A3, 0x10E4,
  0x5AEC, 0xC659, 0xF7BF, 0xEF7E, 0xEF7D, 0xFFFF, 0x52CB, 0x52AB, 0xFFFF, 0xF7BE, 0xEF7E, 0xF7BF,
  0xC638, 0x52CB, 0x10A3, 0x08A3, 0x10A3, 0x18E4, 0x1904, 0x18E4, 0x1904, 0x1904, 0x1904, 0x18E4,
  0x1904, 0x10C3, 0x10C3, 0x1904, 0x1904, 0x1904, 0x1904, 0x18E4, 0x18E4, 0x18E4, 0x0882, 0x18E4,
  0x634D, 0xCE59, 0xFFFF, 0xEF7E, 0xEF5D, 0xF79E, 0xFFFF, 0x73AF, 0x0882, 0x08A2, 0x738E, 0xFFDF,
  0xF79E, 0xEF7D, 0xF79E, 0xFFFF, 0xC639, 0x634D, 0x1904, 0x0882, 0x18E4, 0x1904, 0x1904, 0x1904,
  0x1904, 0x18E4, 0x1904, 0x10C3, 0x10C3, 0x1904, 0x1904, 0x1904, 0x1904, 0x18E4, 0x18E4, 0x1904,
  0x634D, 0xC639, 0xFFDF, 0xFFDF, 0xA535, 0x4A8A, 0xDEDB, 0xFFFF, 0x8431, 0x0041, 0x2125, 0x2125,
  0x0041, 0x8431, 0xFFFF, 0xDEDB, 0x4249, 0xA555, 0xFFFF, 0xFFDF, 0xCE79, 0x632D, 0x18E4, 0x18E4,
  0x1904, 0x1904, 0x1904, 0x18E4, 0x1904, 0x10C3, 0x10C3, 0x1904, 0x18E4, 0x1904, 0x1904, 0x1904,
  0x0882, 0x8430, 0xFFFF, 0xFFFF, 0xFFFF, 0xFFDF, 0xF79E, 0xF7BE, 0xF79E, 0xFFDF, 0xBDF8, 0x2145,
  0x1904, 0x18E4, 0x2145, 0xC639, 0xFFDF, 0xEF7E, 0xEF7E, 0xF79E, 0xFFFF, 0xFFFF, 0xFFFF, 0xFFFF,
  0x73CF, 0x0882, 0x1904, 0x18E4, 0x1904, 0x18E4, 0x1904, 0x10E3, 0x10C3, 0x1904, 0x18E4, 0x1904,
  0x18E4, 0x1904, 0x0862, 0x52CB, 0xFFFF, 0xA555, 0x8C92, 0x9CF4, 0x9D14, 0xB596, 0xF7BF, 0xE71C,
  0xFFFF, 0xC638, 0x18E4, 0x18E4, 0xBDF8, 0xFFFF, 0xE71C, 0xF7BE, 0xB5B7, 0x94D3, 0x9CF4, 0x94B3,
  0x9CF4, 0xFFFF, 0x52CB, 0x0862, 0x1904, 0x18E4, 0x1904, 0x18E4, 0x1904, 0x10E3, 0x10C3, 0x1904,
  0x18E4, 0x18E4, 0x18E4, 0x18E4, 0x2145, 0x738E, 0xF7BF, 0x73CF, 0x1904, 0x0882, 0x0021, 0x52AA,
  0xFFFF, 0x7C10, 0x8451, 0xFFFF, 0xAD76, 0xA555, 0xFFFF, 0x8C92, 0x8410, 0xFFFF, 0x52AA, 0x0000,
  0x0882, 0x1904, 0x6B8E, 0xFFFF, 0x73CF, 0x2145, 0x18E4, 0x1904, 0x18E4, 0x18E4, 0x1904, 0x10C3,
  0x10C3, 0x1904, 0x18E4, 0x18E4, 0x1904, 0x0882, 0x632D, 0xF7BE, 0xE73D, 0xF7BF, 0x73AF, 0x10C4,
  0x10A3, 0x73AF, 0xFFFF, 0x630C, 0x0862, 0x9CF4, 0xFFFF, 0xFFFF, 0xA535, 0x0041, 0x6B4D, 0xFFFF,
  0x73CF, 0x10A3, 0x10C3, 0x6B6E, 0xF7BE, 0xEF7E, 0xF7BE, 0x634D, 0x0882, 0x1904, 0x18E4, 0x18E4,
  0x1904, 0x10C3, 0x10C3, 0x1904, 0x18E4, 0x18E4, 0x18E4, 0x1904, 0x10A3, 0x5AEC, 0xFFFF, 0x52CB,
  0x10A3, 0x2125, 0x0882, 0x94D3, 0xFFFF, 0x4A8A, 0x0061, 0x8C72, 0xFFFF, 0xFFFF, 0x94B2, 0x0041,
  0x52AB, 0xFFFF, 0x94D3, 0x0882, 0x2125, 0x10A3, 0x52AB, 0xFFFF, 0x52CB, 0x10A3, 0x1904, 0x1904,
  0x18E4, 0x18E4, 0x1904, 0x10E3, 0x10C3, 0x18E4, 0x18E4, 0x18E4, 0x18E4, 0x1904, 0x10C3, 0x29A7,
  0xB5D7, 0x31A7, 0x10C3, 0x1924, 0x08A3, 0xB5B7, 0xFFDF, 0x1924, 0x7BF0, 0xFFFF, 0xC659, 0xC618,
  0xFFFF, 0x7BCF, 0x2125, 0xFFFF, 0xBDF7, 0x10A3, 0x1904, 0x10C3, 0x31A7, 0xB5D7, 0x31A7, 0x10C3,
  0x1904, 0x1904, 0x18E4, 0x18E4, 0x1904, 0x10E3, 0x10C3, 0x18E4, 0x18E4, 0x18E4, 0x18E4, 0x18E4,
  0x1904, 0x10E4, 0x10A3, 0x18E4, 0x1904, 0x1904, 0x10E3, 0xCE7A, 0xDEDB, 0x73AF, 0xFFFF, 0xDEDB,
  0x2966, 0x2145, 0xCE7A, 0xFFFF, 0x7BF0, 0xE73C, 0xD6BB, 0x18E4, 0x1904, 0x1904, 0x18E4, 0x10A3,
  0x18E4, 0x1904, 0x1904, 0x18E4, 0x18E4, 0x18E4, 0x1904, 0x10C3, 0x10C3, 0x18E4, 0x1904, 0x1904,
  0x1904, 0x18E4, 0x18E4, 0x18E4, 0x18E4, 0x18E4, 0x18E4, 0x18E4, 0x2966, 0xE73C, 0xEF7E, 0xFFDF,
  0xE71C, 0x31E7, 0x10C3, 0x10C3, 0x2986, 0xE71C, 0xFFFF, 0xEF7E, 0xDF1C, 0x2145, 0x18E4, 0x1904,
  0x1904, 0x1904, 0x1904, 0x1904, 0x1904, 0x1904, 0x1904, 0x18E4, 0x1904, 0x10E3, 0x10C3, 0x1904,
  0x18E4, 0x18E4, 0x18E4, 0x1904, 0x1904, 0x18E4, 0x18E4, 0x18E4, 0x1904, 0x10C3, 0x3A08, 0xEF7E,
  0xFFDF, 0xEF5D, 0x39E8, 0x08A2, 0x1904, 0x1904, 0x10A3, 0x4229, 0xEF5D, 0xFFDF, 0xEF7E, 0x39E8,
  0x10C3, 0x1904, 0x1904, 0x1904, 0x1904, 0x1904, 0x1904, 0x1904, 0x1904, 0x18E4, 0x1904, 0x10E3,
  0x10C3, 0x1904, 0x18E4, 0x18E4, 0x1904, 0x1904, 0x1904, 0x18E4, 0x1904, 0x1904, 0x2125, 0x10A3,
  0x52AB, 0xFFDF, 0xEF7E, 0x52AB, 0x08A2, 0x1925, 0x1904, 0x1904, 0x2125, 0x08A3, 0x4A6A, 0xEF5D,
  0xFFDF, 0x52CB, 0x10C3, 0x1924, 0x1904, 0x1904, 0x1904, 0x1904, 0x1904, 0x1904, 0x1904, 0x18E4,
  0x1904, 0x10E3, 0x10C3, 0x1904, 0x1904, 0x18E4, 0x1904, 0x1904, 0x18E4, 0x18E4, 0x18E4, 0x1904,
  0x18E4, 0x0041, 0x634D, 0xFFFF, 0x73D0, 0x0020, 0x18E4, 0x10A3, 0x10C3, 0x10C3, 0x10A3, 0x10C3,
  0x0000, 0x7C10, 0xFFFF, 0x634D, 0x0000, 0x18E4, 0x1904, 0x1904, 0x1904, 0x1904, 0x18E4, 0x1904,
  0x1904, 0x18E4, 0x1904, 0x10C3, 0x10C3, 0x1904, 0x18E4, 0x1904, 0x1904, 0x1904, 0x18E4, 0x18E4,
  0x1904, 0x10A3, 0x4249, 0xC618, 0xDEFB, 0xFFFF, 0xCE7A, 0xBDF8, 0xC639, 0xC618, 0xC638, 0xC618,
  0xC618, 0xBE18, 0xC638, 0xD6DB, 0xFFDF, 0xD6BB, 0xBDF7, 0x4229, 0x10C3, 0x1904, 0x1904, 0x18E4,
  0x1904, 0x1904, 0x1904, 0x18E4, 0x18E4, 0x10C3, 0x10C3, 0x1904, 0x18E4, 0x18E4, 0x18E4, 0x18E4,
  0x18E4, 0x18E4, 0x1904, 0x08A3, 0x52CB, 0xEF7E, 0xE71C, 0xE71C, 0xEF5D, 0xEF5D, 0xEF5D, 0xEF7D,
  0xEF7D, 0xEF7D, 0xEF5D, 0xEF7D, 0xEF7E, 0xEF5D, 0xDEDB, 0xE71C, 0xF79E, 0x52AB, 0x10A3, 0x1904,
  0x18E4, 0x1904, 0x1904, 0x1904, 0x18E4, 0x1904, 0x1904, 0x10C3, 0x10C3, 0x1904, 0x18E4, 0x18E4,
  0x18E4, 0x18E4, 0x18E4, 0x18E4, 0x18E4, 0x1904, 0x10C3, 0x1904, 0x2145, 0x2145, 0x2145, 0x2125,
  0x2125, 0x2145, 0x2145, 0x2145, 0x2125, 0x2145, 0x2125, 0x2125, 0x2145, 0x2145, 0x2125, 0x10C3,
  0x1904, 0x1904, 0x1904, 0x1904, 0x1904, 0x1904, 0x1904, 0x1904, 0x1904, 0x10C3, 0x0882, 0x1904,
  0x18E4, 0x18E4, 0x1904, 0x18E4, 0x18E4, 0x18E4, 0x18E4, 0x18E4, 0x18E4, 0x18E3, 0x10E3, 0x10E3,
  0x10E4, 0x10E4, 0x10E4, 0x10E4, 0x10E4, 0x10E4, 0x10E4, 0x10C3, 0x10E3, 0x10E4, 0x18E4, 0x18E4,
  0x18E4, 0x1904, 0x18E4, 0x18E4, 0x1904, 0x1904, 0x1904, 0x18E4, 0x18E4, 0x18E4, 0x1904, 0x10A2,
  0x0000, 0x10C3, 0x1904, 0x1904, 0x1904, 0x1904, 0x1904, 0x18E4, 0x18E4, 0x18E4, 0x18E4, 0x18E4,
  0x18E4, 0x18E4, 0x18E4, 0x18E4, 0x18E4, 0x1904, 0x1904, 0x1904, 0x18E4, 0x18E4, 0x1904, 0x1904,
  0x1904, 0x1904, 0x1904, 0x18E4, 0x18E4, 0x1904, 0x18E4, 0x1904, 0x18E4, 0x18E4, 0x18E4, 0x1904,
  0x10C3, 0x0020, 0x0000, 0x0000, 0x10A2, 0x18E4, 0x18E4, 0x18E4, 0x18E4, 0x18E4, 0x18E3, 0x10E3,
  0x10E3, 0x10E3, 0x10E3, 0x10E4, 0x10C3, 0x10C3, 0x18C3, 0x18E3, 0x18E3, 0x18E3, 0x18E4, 0x18E3,
  0x18E4, 0x10C3, 0x10E4, 0x10E4, 0x18E3, 0x18E3, 0x18E3, 0x18E4, 0x18E4, 0x18E4, 0x18E3, 0x18E4,
  0x18C3, 0x10A2, 0x0020, 0x0000
};

const uint16_t UI_ICON_BATTERY_DATA[UI_ICON_PIXELS] PROGMEM = {
  0x0000, 0x0000, 0x0882, 0x10C3, 0x10C3, 0x10C3, 0x10E3, 0x10E3, 0x10E3, 0x10E3, 0x18C3, 0x18C3,
  0x10C3, 0x10E3, 0x18C3, 0x10C3, 0x10C3, 0x10C3, 0x10C3, 0x10C3, 0x10C3, 0x10C3, 0x10C3, 0x10C3,
  0x10C3, 0x10C3, 0x10E3, 0x10E3, 0x10E3, 0x10E3, 0x10C3, 0x10C3, 0x10E3, 0x10C3, 0x10C3, 0x0882,
  0x0000, 0x0000, 0x0000, 0x10C3, 0x1904, 0x18E4, 0x1904, 0x1904, 0x1904, 0x1904, 0x1904, 0x1904,
  0x1904, 0x1904, 0x1904, 0x1904, 0x1904, 0x1904, 0x18E4, 0x18E4, 0x18E4, 0x18E4, 0x1904, 0x1904,
  0x1904, 0x1904, 0x1904, 0x1904, 0x18E4, 0x1904, 0x1904, 0x1904, 0x1904, 0x18E4, 0x1904, 0x18E4,
  0x18E4, 0x1904, 0x10C3, 0x0020, 0x0882, 0x1904, 0x18E4, 0x18E4, 0x18E4, 0x18E4, 0x18E4, 0x18E4,
  0x18E4, 0x1904, 0x1904, 0x1904, 0x1904, 0x1904, 0x18E4, 0x18E4, 0x18E4, 0x18E4, 0x18E4, 0x18E4,
  0x18E4, 0x18E4, 0x18E4, 0x18E4, 0x18E4, 0x18E4, 0x18E4, 0x18E4, 0x18E4, 0x18E4, 0x18E4, 0x18E4,
  0x18E4, 0x18E4, 0x18E4, 0x18E4, 0x1904, 0x10A2, 0x10C3, 0x18E4, 0x18E4, 0x18E4, 0x1904, 0x1904,
  0x18E4, 0x18E4, 0x1904, 0x1904, 0x18E4, 0x18E4, 0x18E4, 0x18E4, 0x18E4, 0x18E4, 0x1904, 0x1904,
  0x1904, 0x1904, 0x1904, 0x1904, 0x1904, 0x1904, 0x18E4, 0x18E4, 0x18E4, 0x18E4, 0x18E4, 0x18E4,
  0x18E4, 0x18E4, 0x18E4, 0x18E4, 0x18E4, 0x18E4, 0x18E4, 0x10E3, 0x18C3, 0x1904, 0x18E4, 0x1904,
  0x1904, 0x18E4, 0x18E4, 0x18E4, 0x18E4, 0x18E4, 0x1904, 0x1904, 0x1904, 0x18E4, 0x18E4, 0x18E4,
  0x0862, 0x0862, 0x0882, 0x0882, 0x0882, 0x0882, 0x0882, 0x18E4, 0x18E4, 0x18E4, 0x18E4, 0x18E4,
  0x18E4, 0x18E4, 0x18E4, 0x18E4, 0x18E4, 0x18E4, 0x18E4, 0x18E4, 0x18E4, 0x10E3, 0x10C3, 0x18E4,
  0x18E4, 0x18E4, 0x18E4, 0x1904, 0x18E4, 0x1904, 0x18E4, 0x18E4, 0x1904, 0x1904, 0x1904, 0x1904,
  0x18E4, 0x2165, 0x73CF, 0x8431, 0x8431, 0x8431, 0x8430, 0x8C51, 0x634D, 0x18E4, 0x1904, 0x1904,
  0x1904, 0x18E4, 0x18E4, 0x18E4, 0x18E4, 0x18E4, 0x18E4, 0x18E4, 0x18E4, 0x1904, 0x18E4, 0x10E3,
  0x10C3, 0x18E4, 0x18E4, 0x18E4, 0x1904, 0x18E4, 0x1904, 0x18E4, 0x1904, 0x18E4, 0x1904, 0x1904,
  0x10C4, 0x18E4, 0x0041, 0x5B0C, 0xFFFF, 0xFFFF, 0xFFFF, 0xFFFF, 0xFFFF, 0xFFFF, 0xFFFF, 0x39E7,
  0x0882, 0x10C3, 0x10C3, 0x1904, 0x18E4, 0x18E4, 0x18E4, 0x18E4, 0x18E4, 0x18E4, 0x18E4, 0x18E4,
  0x18E4, 0x10C4, 0x10C3, 0x18E4, 0x18E4, 0x18E4, 0x18E4, 0x18E4, 0x18E4, 0x18E4, 0x18E4, 0x1904,
  0x10C3, 0x10A3, 0x2986, 0x31C7, 0x2125, 0x738E, 0xF7BE, 0xEF5D, 0xEF7E, 0xEF7D, 0xEF7D, 0xEF7E,
  0xF79E, 0x52AB, 0x2145, 0x2986, 0x2145, 0x08A3, 0x18E4, 0x18E4, 0x18E4, 0x18E4, 0x18E4, 0x18E4,
  0x18E4, 0x18E4, 0x18E4, 0x18E4, 0x10E3, 0x18E4, 0x18E4, 0x18E4, 0x18E4, 0x18E4, 0x18E4, 0x18E4,
  0x1904, 0x10C3, 0x2986, 0xB5B7, 0xF79E, 0xF7BE, 0xFFDF, 0xFFDF, 0xFFFF, 0xFFFF, 0xFFFF, 0xFFFF,
  0xFFFF, 0xFFFF, 0xFFFF, 0xF79E, 0xF7BF, 0xFFDF, 0xEF7D, 0x94B3, 0x18E4, 0x18E4, 0x18E4, 0x18E4,
  0x18E4, 0x18E4, 0x18E4, 0x18E4, 0x18E4, 0x10E3, 0x10C3, 0x18E4, 0x18E4, 0x18E4, 0x18E4, 0x18E4,
  0x18E4, 0x18E4, 0x1904, 0x10C3, 0xBDF7, 0xFFFF, 0xCE9A, 0xB596, 0xBDF7, 0xBDD7, 0xB5B7, 0xB5D7,
  0xBDD7, 0xBDD7, 0xB5D7, 0xB5D7, 0xB5B7, 0xBDD7, 0xBDF7, 0xB5B6, 0xD6BB, 0xFFFF, 0x8451, 0x0882,
  0x1904, 0x18E4, 0x18E4, 0x18E4, 0x18E4, 0x18E4, 0x18E4, 0x10E3, 0x10E3, 0x1904, 0x18E4, 0x18E4,
  0x18E4, 0x18E4, 0x18E4, 0x1904, 0x10C3, 0x31A7, 0xFFDF, 0xC618, 0x18E4, 0x10C3, 0x1103, 0x10E3,
  0x10E3, 0x10E3, 0x10E3, 0x10E3, 0x10E3, 0x10E3, 0x10E3, 0x10E3, 0x10C3, 0x0041, 0x2165, 0xEF5D,
  0xD6DB, 0x10E4, 0x18E4, 0x18E4, 0x18E4, 0x18E4, 0x18E4, 0x1904, 0x18E4, 0x10E3, 0x18E3, 0x1904,
  0x18E4, 0x18E4, 0x18E4, 0x18E4, 0x18E4, 0x1904, 0x10C3, 0x39E8, 0xFFFF, 0x9CF4, 0x10C3, 0x456B,
  0x460A, 0x45EB, 0x45EB, 0x45EB, 0x45EB, 0x45EB, 0x45EB, 0x45EB, 0x45EB, 0x45CB, 0x3E0A, 0x3469,
  0x18C4, 0xD6BA, 0xDEFB, 0x1904, 0x18E4, 0x18E4, 0x18E4, 0x18E4, 0x18E4, 0x18E4, 0x18E4, 0x10C3,
  0x18E4, 0x1904, 0x18E4, 0x1904, 0x18E4, 0x18E4, 0x18E4, 0x1904, 0x10C3, 0x39E8, 0xFFFF, 0xAD35,
  0x1123, 0x466C, 0x46AC, 0x468C, 0x46AC, 0x468C, 0x468B, 0x46AC, 0x46AC, 0x46AC, 0x46AC, 0x468B,
  0x46EC, 0x3D8B, 0x18C4, 0xD69A, 0xDEFB, 0x1904, 0x18E4, 0x18E4, 0x18E4, 0x18E4, 0x1904, 0x18E4,
  0x18E4, 0x10C3, 0x18C3, 0x1904, 0x18E4, 0x1904, 0x18E4, 0x18E4, 0x18E4, 0x1904, 0x10A3, 0x39E8,
  0xFFFF, 0xAD35, 0x1103, 0x462B, 0x466C, 0x466B, 0x466C, 0x466B, 0x468C, 0x3E8B, 0x3E6B, 0x468C,
  0x466B, 0x466B, 0x46CC, 0x3D6B, 0x18C4, 0xD6BA, 0xDEFC, 0x1904, 0x18E4, 0x1904, 0x18E4, 0x18E4,
  0x18E4, 0x18E4, 0x18E4, 0x10E3, 0x18C3, 0x1904, 0x18E4, 0x18E4, 0x18E4, 0x18E4, 0x18E4, 0x1904,
  0x10C3, 0x39E8, 0xFFFF, 0xA535, 0x1103, 0x45EB, 0x466C, 0x464B, 0x464B, 0x464C, 0x3E6B, 0x668F,
  0x86F3, 0x466B, 0x464B, 0x464C, 0x4ECC, 0x34C9, 0x10A3, 0xD6BA, 0xDEFB, 0x1904, 0x18E4, 0x1904,
  0x18E4, 0x18E4, 0x18E4, 0x18E4, 0x18E4, 0x10E3, 0x18C3, 0x1904, 0x18E4, 0x18E4, 0x18E4, 0x18E4,
  0x18E4, 0x1904, 0x10A3, 0x39E8, 0xFFFF, 0xA555, 0x10A3, 0x2145, 0x21A5, 0x21A5, 0x1965, 0x1965,
  0x1164, 0xD6BA, 0xBDD7, 0x1123, 0x2185, 0x2185, 0x2185, 0x1924, 0x18E4, 0xD6BB, 0xDEDB, 0x1904,
  0x18E4, 0x1904, 0x18E4, 0x18E4, 0x1904, 0x1904, 0x18E4, 0x10E3, 0x18C3, 0x1904, 0x18E4, 0x1904,
  0x1904, 0x18E4, 0x18E4, 0x1904, 0x10A3, 0x39E8, 0xFFFF, 0xA535, 0x10C3, 0x3CCA, 0x3D29, 0x34E9,
  0x3D2A, 0x2CC8, 0x6D4F, 0xFFFF, 0x9674, 0x34E8, 0x3D09, 0x34C9, 0x3D29, 0x33C8, 0x18E4, 0xD6BA,
  0xDEDB, 0x1904, 0x18E4, 0x1904, 0x18E4, 0x18E4, 0x18E4, 0x18E4, 0x18E4, 0x10E3, 0x10E3, 0x18E4,
  0x18E4, 0x1904, 0x1904, 0x1904, 0x18E4, 0x1904, 0x10A3, 0x39E8, 0xFFFF, 0xA535, 0x08E3, 0x4E8C,
  0x4EEC, 0x46AC, 0x46AC, 0x4ECC, 0xDFBC, 0xFF9F, 0x7EF1, 0x46CB, 0x4ECC, 0x46AC, 0x4F0C, 0x458B,
  0x18C4, 0xD6BA, 0xDEFB, 0x1904, 0x18E4, 0x1904, 0x18E4, 0x18E4, 0x18E4, 0x18E4, 0x1904, 0x10E4,
  0x18C3, 0x1904, 0x18E4, 0x18E4, 0x1904, 0x18E4, 0x18E4, 0x1904, 0x10A3, 0x39E7, 0xFFFF, 0xAD55,
  0x1103, 0x460B, 0x466B, 0x466C, 0x364A, 0x9F15, 0xFFDF, 0xF79E, 0x568D, 0x2E49, 0x3E4A, 0x464B,
  0x468B, 0x3D09, 0x18C3, 0xD6BA, 0xDEFB, 0x1904, 0x18E4, 0x1904, 0x1904, 0x18E4, 0x18E4, 0x18E4,
  0x18E4, 0x10E4, 0x18E3, 0x1904, 0x18E4, 0x18E4, 0x1904, 0x18E4, 0x18E4, 0x1904, 0x10A3, 0x39E7,
  0xFFFF, 0xA515, 0x1124, 0x4E4C, 0x46AC, 0x468B, 0x568E, 0xEF9D, 0xF7BF, 0xF7BE, 0xB757, 0xAF17,
  0x8F13, 0x3E8B, 0x4EEC, 0x3509, 0x18C4, 0xD6BB, 0xDEFC, 0x1904, 0x18E4, 0x1904, 0x18E4, 0x1904,
  0x18E4, 0x18E4, 0x1904, 0x10E3, 0x18C3, 0x1904, 0x18E4, 0x18E4, 0x1904, 0x18E4, 0x18E4, 0x1904,
  0x10A3, 0x39E8, 0xFFFF, 0xA535, 0x08A3, 0x29E6, 0x21E6, 0x19A4, 0xBE38, 0xFFFF, 0xF79E, 0xF7BE,
  0xFFBF, 0xFFFF, 0x9473, 0x1164, 0x2A27, 0x2185, 0x18E4, 0xD6BA, 0xDEFC, 0x1904, 0x18E4, 0x1904,
  0x1904, 0x1904, 0x18E4, 0x18E4, 0x1904, 0x10E4, 0x10E3, 0x1904, 0x1904, 0x1904, 0x18E4, 0x18E4,
  0x18E4, 0x1904, 0x10C3, 0x39E8, 0xFFFF, 0xAD55, 0x08A2, 0x3409, 0x3C89, 0x3C89, 0xC739, 0xDF9B,
  0xDF9C, 0xF7BE, 0xF7BF, 0xDF9C, 0x3CEA, 0x3428, 0x3489, 0x3368, 0x18E4, 0xD6BA, 0xDEFB, 0x1904,
  0x18E4, 0x1904, 0x1904, 0x1904, 0x1904, 0x18E4, 0x18E4, 0x10E4, 0x18E4, 0x1904, 0x1904, 0x1904,
  0x1904, 0x1904, 0x18E4, 0x1904, 0x10C3, 0x39E8, 0xFFFF, 0xA535, 0x1103, 0x468C, 0x4EEC, 0x46CC,
  0x3E6B, 0x3E6A, 0x86F2, 0xFFDF, 0xFFDF, 0x7ED1, 0x3ECB, 0x4EEC, 0x470C, 0x3D8B, 0x18E4, 0xD6BB,
  0xDEFB, 0x1904, 0x18E4, 0x1904, 0x18E4, 0x1904, 0x18E4, 0x1904, 0x18E4, 0x10E3, 0x18E3, 0x1904,
  0x1904, 0x1904, 0x1904, 0x1904, 0x18E4, 0x1904, 0x10C3, 0x39E8, 0xFFFF, 0xA514, 0x1124, 0x4E2C,
  0x466B, 0x464B, 0x4E6C, 0x366A, 0x9F15, 0xFFBF, 0xC759, 0x3E6B, 0x466B, 0x464B, 0x468C, 0x3D4A,
  0x18C4, 0xD6DB, 0xDEFB, 0x1904, 0x18E4, 0x1904, 0x18E4, 0x18E4, 0x18E4, 0x1904, 0x1904, 0x10E3,
  0x18E3, 0x1904, 0x18E4, 0x1904, 0x1904, 0x1904, 0x1904, 0x1904, 0x10C3, 0x39E8, 0xFFFF, 0xA535,
  0x1944, 0x4E6C, 0x46EC, 0x46CC, 0x4ECC, 0x46CC, 0xC759, 0xFFDF, 0x5EEF, 0x46CB, 0x46CC, 0x46AC,
  0x4F2D, 0x3D4A, 0x10A3, 0xD6DB, 0xDEFC, 0x1904, 0x18E4, 0x1904, 0x18E4, 0x18E4, 0x18E4, 0x1904,
  0x18E4, 0x10E3, 0x18E3, 0x1904, 0x18E4, 0x1904, 0x1904, 0x18E4, 0x1904, 0x1904, 0x10C3, 0x39E8,
  0xFFFF, 0xA555, 0x10A3, 0x21E6, 0x2A66, 0x2246, 0x1A05, 0x32A7, 0xFFBF, 0x9CF3, 0x11C4, 0x2205,
  0x2226, 0x2A46, 0x2A67, 0x1985, 0x18C3, 0xD6BA, 0xDEFB, 0x1904, 0x18E4, 0x1904, 0x18E4, 0x1904,
  0x18E4, 0x18E4, 0x18E4, 0x10C3, 0x18E3, 0x1904, 0x18E4, 0x18E4, 0x1904, 0x1904, 0x1904, 0x1904,
  0x10C3, 0x39E8, 0xFFFF, 0xA535, 0x08A2, 0x3387, 0x3449, 0x3428, 0x2BE7, 0x446A, 0xBF58, 0x44CB,
  0x33E8, 0x33E8, 0x3408, 0x3429, 0x3448, 0x2AE6, 0x18E4, 0xD6BA, 0xDEDB, 0x1904, 0x18E4, 0x1904,
  0x18E4, 0x18E4, 0x18E4, 0x18E4, 0x18E4, 0x10C3, 0x18E4, 0x1904, 0x1904, 0x1904, 0x1904, 0x1904,
  0x1904, 0x1904, 0x10C3, 0x3A08, 0xFFFF, 0xA535, 0x1944, 0x4EAC, 0x46EC, 0x46CC, 0x4EEC, 0x46CC,
  0x3E6A, 0x46CC, 0x4EEC, 0x4EEC, 0x46EC, 0x46CC, 0x472C, 0x3D8A, 0x18E4, 0xD6BA, 0xDEFB, 0x1904,
  0x18E4, 0x1904, 0x18E4, 0x18E4, 0x18E4, 0x18E4, 0x18E4, 0x10C3, 0x18E3, 0x1904, 0x18E4, 0x1904,
  0x1904, 0x1904, 0x18E4, 0x1904, 0x10C3, 0x39E8, 0xFFFF, 0xA535, 0x1123, 0x462C, 0x464B, 0x464B,
  0x464B, 0x464B, 0x466B, 0x464B, 0x464B, 0x464C, 0x464B, 0x462B, 0x468C, 0x3D2A, 0x10A3, 0xD6BA,
  0xDEFC, 0x1904, 0x18E4, 0x1904, 0x18E4, 0x18E4, 0x18E4, 0x18E4, 0x18E4, 0x10C3, 0x18E3, 0x18E4,
  0x18E4, 0x18E4, 0x18E4, 0x1904, 0x18E4, 0x1904, 0x10C3, 0x31C7, 0xFFDF, 0xA514, 0x1104, 0x4E6C,
  0x4F0D, 0x4ECC, 0x4ECC, 0x4ECC, 0x4EED, 0x4EED, 0x4EED, 0x4EED, 0x4EEC, 0x4ECD, 0x4F2D, 0x3D4A,
  0x18C4, 0xD6BA, 0xDEFC, 0x1904, 0x18E4, 0x1904, 0x18E4, 0x18E4, 0x18E4, 0x18E4, 0x18E4, 0x10C3,
  0x18C3, 0x1904, 0x18E4, 0x18E4, 0x18E4, 0x18E4, 0x18E4, 0x1904, 0x10C3, 0x31C7, 0xFFFF, 0xBDF7,
  0x0862, 0x19E5, 0x1A65, 0x1A24, 0x1A45, 0x1A65, 0x1A65, 0x1A45, 0x1A45, 0x1A45, 0x1A65, 0x1A65,
  0x1A65, 0x0943, 0x2125, 0xE71C, 0xD69A, 0x18E4, 0x18E4, 0x18E4, 0x18E4, 0x18E4, 0x18E4, 0x18E4,
  0x18E4, 0x10C3, 0x18C3, 0x1904, 0x18E4, 0x1904, 0x18E4, 0x18E4, 0x18E4, 0x1904, 0x1904, 0x18E4,
  0xC639, 0xFFFF, 0x9CF3, 0x6B6E, 0x6B4E, 0x6B4E, 0x6B4E, 0x736E, 0x6B4E, 0x6B2E, 0x6B4E, 0x6B4E,
  0x6B2E, 0x6B2E, 0x6B4E, 0x6B4E, 0xB5D7, 0xFFFF, 0x8C92, 0x0882, 0x1904, 0x18E4, 0x18E4, 0x18E4,
  0x18E4, 0x18E4, 0x18E4, 0x10E3, 0x10C3, 0x1904, 0x18E4, 0x18E4, 0x18E4, 0x18E4, 0x18E4, 0x18E4,
  0x18E4, 0x10A3, 0x31C7, 0xD6BA, 0xFFFF, 0xFFFF, 0xFFFF, 0xFFFF, 0xFFFF, 0xFFFF, 0xFFFF, 0xFFFF,
  0xFFFF, 0xFFFF, 0xFFFF, 0xFFFF, 0xFFFF, 0xFFFF, 0xFFFF, 0xBDF7, 0x2145, 0x18E4, 0x1904, 0x18E4,
  0x18E4, 0x18E4, 0x18E4, 0x18E4, 0x18E4, 0x10E4, 0x18C3, 0x1904, 0x18E4, 0x18E4, 0x18E4, 0x18E4,
  0x18E4, 0x18E4, 0x18E4, 0x18E4, 0x10A3, 0x2125, 0x52CB, 0x5B0C, 0x632D, 0x632D, 0x632C, 0x5B0C,
  0x632C, 0x632C, 0x632C, 0x5B0C, 0x5B0C, 0x630C, 0x5B0C, 0x5B0C, 0x4A6A, 0x10E4, 0x10E4, 0x1904,
  0x18E4, 0x18E4, 0x18E4, 0x18E4, 0x18E4, 0x18E4, 0x18E4, 0x18C3, 0x10C3, 0x1904, 0x1904, 0x18E4,
  0x18E4, 0x18E4, 0x18E4, 0x18E4, 0x18E4, 0x18E4, 0x1904, 0x18E3, 0x0882, 0x08A2, 0x08A2, 0x0882,
  0x0882, 0x0882, 0x08A2, 0x0882, 0x0882, 0x0882, 0x0882, 0x0882, 0x0882, 0x0882, 0x10A3, 0x1904,
  0x1904, 0x18E4, 0x18E4, 0x18E4, 0x1904, 0x18E4, 0x18E4, 0x18E4, 0x18E4, 0x10E3, 0x10A2, 0x1904,
  0x18E4, 0x18E4, 0x18E4, 0x1904, 0x18E4, 0x18E4, 0x18E4, 0x18E3, 0x18E4, 0x18E4, 0x1904, 0x1904,
  0x1904, 0x1904, 0x1904, 0x1904, 0x1904, 0x1904, 0x1904, 0x1904, 0x1904, 0x1904, 0x1904, 0x1904,
  0x1904, 0x18E4, 0x18E4, 0x18E4, 0x18E4, 0x18E4, 0x18E4, 0x18E4, 0x18E4, 0x18E4, 0x1904, 0x10A3,
  0x0020, 0x10C3, 0x1904, 0x18E4, 0x18E4, 0x1904, 0x1904, 0x1904, 0x18E4, 0x18E4, 0x18E4, 0x18E4,
  0x18E4, 0x18E4, 0x18E4, 0x18E4, 0x18E4, 0x18E4, 0x18E4, 0x18E4, 0x18E4, 0x18E4, 0x18E4, 0x18E4,
  0x18E4, 0x18E4, 0x18E4, 0x18E4, 0x18E4, 0x18E4, 0x18E4, 0x1904, 0x1904, 0x1904, 0x18E4, 0x1904,
  0x10C3, 0x0020, 0x0000, 0x0020, 0x10A2, 0x18C3, 0x10E4, 0x10E4, 0x10E4, 0x10E4, 0x10E3, 0x10E3,
  0x10E3, 0x10E4, 0x10E3, 0x10E3, 0x10E3, 0x10C3, 0x10E3, 0x10E3, 0x10E4, 0x10C3, 0x10C3, 0x10E3,
  0x10E3, 0x10C4, 0x18C3, 0x18E4, 0x10E4, 0x10C4, 0x10E3, 0x10E3, 0x18E3, 0x18E4, 0x18E4, 0x18E3,
  0x18E3, 0x10A3, 0x0020, 0x0000
};

const uint16_t UI_ICON_HOUSE_DATA[UI_ICON_PIXELS] PROGMEM = {
  0x0000, 0x0020, 0x10A3, 0x18C3, 0x10E4, 0x18E4, 0x10E4, 0x10E4, 0x10E4, 0x10E4, 0x18E4, 0x10E4,
  0x10E4, 0x18E4, 0x18E4, 0x18E4, 0x10E4, 0x18E4, 0x10E4, 0x10E4, 0x10E4, 0x18E4, 0x10E4, 0x10E4,
  0x18E4, 0x18E4, 0x18E4, 0x18E4, 0x18E4, 0x10E4, 0x10E4, 0x10E4, 0x10E4, 0x10E4, 0x10C3, 0x10A2,
  0x0000, 0x0000, 0x0020, 0x10E3, 0x1904, 0x18E4, 0x1904, 0x1904, 0x1904, 0x1904, 0x1904, 0x1904,
  0x1904, 0x18E4, 0x18E4, 0x1904, 0x1904, 0x18E4, 0x1904, 0x18E4, 0x18E4, 0x18E4, 0x18E4, 0x18E4,
  0x1904, 0x1904, 0x1904, 0x1904, 0x1904, 0x1904, 0x1904, 0x18E4, 0x18E4, 0x18E4, 0x18E4, 0x18E4,
  0x1904, 0x1904, 0x10C3, 0x0000, 0x10A2, 0x1904, 0x18E4, 0x18E4, 0x18E4, 0x1904, 0x18E4, 0x18E4,
  0x18E4, 0x18E4, 0x18E4, 0x18E4, 0x1904, 0x1904, 0x18E4, 0x18E4, 0x18E4, 0x18E4, 0x18E4, 0x18E4,
  0x18E4, 0x18E4, 0x18E4, 0x18E4, 0x18E4, 0x18E4, 0x18E4, 0x18E4, 0x18E4, 0x18E4, 0x18E4, 0x18E4,
  0x18E4, 0x18E4, 0x18E4, 0x18E4, 0x1904, 0x10A2, 0x18C3, 0x18E4, 0x18E4, 0x18E4, 0x1904, 0x18E4,
  0x18E4, 0x18E4, 0x18E4, 0x1904, 0x18E4, 0x1904, 0x1904, 0x1904, 0x18E4, 0x18E4, 0x18E4, 0x18E4,
  0x18E4, 0x18E4, 0x18E4, 0x18E4, 0x18E4, 0x18E4, 0x18E4, 0x1904, 0x18E4, 0x18E4, 0x18E4, 0x18E4,
  0x18E4, 0x18E4, 0x18E4, 0x18E4, 0x18E4, 0x18E4, 0x18E4, 0x10E3, 0x10E3, 0x18E4, 0x18E4, 0x18E4,
  0x18E4, 0x1904, 0x18E4, 0x1904, 0x1904, 0x1904, 0x1904, 0x1904, 0x1904, 0x1904, 0x18E4, 0x18E4,
  0x18E4, 0x18E4, 0x18E4, 0x18E4, 0x18E4, 0x18E4, 0x18E4, 0x1904, 0x18E4, 0x18E4, 0x18E4, 0x18E4,
  0x18E4, 0x18E4, 0x18E4, 0x18E4, 0x18E4, 0x18E4, 0x18E4, 0x18E4, 0x18E4, 0x10E3, 0x10E3, 0x18E4,
  0x18E4, 0x18E4, 0x18E4, 0x1904, 0x1904, 0x1904, 0x1904, 0x1904, 0x1904, 0x18E4, 0x18E4, 0x1904,
  0x18E4, 0x18E4, 0x18E4, 0x1904, 0x18E4, 0x18E4, 0x1904, 0x18E4, 0x18E4, 0x18E4, 0x18E4, 0x18E4,
  0x18E4, 0x18E4, 0x18E4, 0x18E4, 0x18E4, 0x18E4, 0x18E4, 0x18E4, 0x18E4, 0x18E4, 0x18E4, 0x10E4,
  0x10E3, 0x18E4, 0x18E4, 0x18E4, 0x1904, 0x1904, 0x1904, 0x1904, 0x1904, 0x1904, 0x1904, 0x1904,
  0x18E4, 0x18E4, 0x18E4, 0x18E4, 0x1904, 0x10A3, 0x1925, 0x18E4, 0x10C3, 0x1904, 0x18E4, 0x18E4,
  0x18E4, 0x18E4, 0x1904, 0x1904, 0x1904, 0x18E4, 0x18E4, 0x18E4, 0x18E4, 0x18E4, 0x18E4, 0x18E4,
  0x18E4, 0x10E4, 0x18E3, 0x18E4, 0x18E4, 0x18E4, 0x1904, 0x1904, 0x18E4, 0x18E4, 0x1904, 0x1904,
  0x18E4, 0x18E4, 0x18E4, 0x18E4, 0x1904, 0x1904, 0x0862, 0x4A8A, 0xDEFB, 0xBDF8, 0x2966, 0x0882,
  0x1924, 0x18E4, 0x18E4, 0x18E4, 0x0882, 0x0862, 0x10A3, 0x18E4, 0x18E4, 0x18E4, 0x18E4, 0x18E4,
  0x18E4, 0x18E4, 0x1904, 0x10E4, 0x18E3, 0x1904, 0x1904, 0x18E4, 0x1904, 0x1904, 0x18E4, 0x1904,
  0x1904, 0x1904, 0x1904, 0x1904, 0x18E4, 0x1904, 0x1904, 0x0882, 0x6B8E, 0xF7BE, 0xFFDF, 0xFFFF,
  0xDEDB, 0x4229, 0x0882, 0x1904, 0x18E4, 0x1904, 0x52CB, 0x632D, 0x4249, 0x10E4, 0x18E4, 0x18E4,
  0x18E4, 0x18E4, 0x1904, 0x1904, 0x1904, 0x10E4, 0x18E3, 0x1904, 0x1904, 0x1904, 0x18E4, 0x18E4,
  0x1904, 0x1904, 0x1904, 0x1904, 0x18E4, 0x18E4, 0x1904, 0x10E4, 0x10C3, 0x94D3, 0xFFFF, 0xF79E,
  0xFFFF, 0xFFDF, 0xF7BF, 0xF7BE, 0x634D, 0x0882, 0x10C3, 0x4A69, 0xFFFF, 0xFFFF, 0xD69A, 0x10C3,
  0x18E4, 0x1904, 0x1904, 0x1904, 0x18E4, 0x1904, 0x1904, 0x10E4, 0x18E3, 0x1904, 0x18E4, 0x18E4,
  0x1904, 0x1904, 0x18E4, 0x1904, 0x1904, 0x18E4, 0x18E4, 0x1904, 0x10A3, 0x2145, 0xBDD7, 0xFFFF,
  0xF79E, 0xFFFF, 0x9CF4, 0xBDD7, 0xFFFF, 0xF7BE, 0xFFFF, 0x8C92, 0x0862, 0x4229, 0xF7BF, 0xF7BF,
  0xCE7A, 0x18E4, 0x18E4, 0x1904, 0x18E4, 0x1904, 0x18E4, 0x18E4, 0x1904, 0x18E4, 0x18C3, 0x1904,
  0x18E4, 0x18E4, 0x18E4, 0x18E4, 0x18E4, 0x18E4, 0x18E4, 0x1904, 0x1904, 0x0882, 0x39E8, 0xD6BB,
  0xFFFF, 0xF7BE, 0xFFDF, 0x7C10, 0x0021, 0x10C3, 0xA555, 0xFFFF, 0xF79E, 0xFFFF, 0xA534, 0x52CB,
  0xF7BF, 0xFFDF, 0xD69A, 0x18E4, 0x18E4, 0x18E4, 0x18E4, 0x1904, 0x1904, 0x1904, 0x1904, 0x10E4,
  0x10C3, 0x18E4, 0x18E4, 0x18E4, 0x18E4, 0x18E4, 0x18E4, 0x1904, 0x1904, 0x1904, 0x0862, 0x52CB,
  0xEF7D, 0xFFDF, 0xFFDF, 0xE73C, 0x52AB, 0x0021, 0x5B0C, 0x4229, 0x0001, 0x7BF0, 0xFFFF, 0xF7BE,
  0xFFDF, 0xF79E, 0xF79E, 0xFFDF, 0xD69A, 0x1904, 0x18E4, 0x1904, 0x18E4, 0x1904, 0x18E4, 0x1904,
  0x1904, 0x10E4, 0x18E3, 0x18E4, 0x18E4, 0x18E4, 0x18E4, 0x18E4, 0x18E4, 0x1904, 0x18E4, 0x0882,
  0x73CF, 0xFFDF, 0xF79E, 0xFFFF, 0xD69A, 0x31A7, 0x0000, 0x8430, 0xFFFF, 0xEF5D, 0x52AB, 0x0000,
  0x5B0C, 0xEF5D, 0xFFDF, 0xF79E, 0xF79E, 0xFFDF, 0xD69A, 0x1904, 0x1904, 0x1904, 0x1904, 0x1904,
  0x1904, 0x18E4, 0x1904, 0x10E4, 0x18E3, 0x18E4, 0x18E4, 0x18E4, 0x18E4, 0x18E4, 0x1904, 0x10C3,
  0x10C3, 0x9CF4, 0xFFFF, 0xF79E, 0xFFFF, 0xAD96, 0x10E4, 0x10C3, 0xA534, 0xFFFF, 0xF79E, 0xFFBF,
  0xFFDF, 0x7BCF, 0x0000, 0x39E8, 0xDEDB, 0xFFFF, 0xEF7E, 0xFFDF, 0xD6DB, 0x10C3, 0x18E4, 0x1904,
  0x18E4, 0x18E4, 0x18E4, 0x18E4, 0x1904, 0x18E4, 0x18E3, 0x18E4, 0x18E4, 0x18E4, 0x18E4, 0x1904,
  0x10A3, 0x2145, 0xBDF7, 0xFFFF, 0xF79E, 0xFFFF, 0x8C72, 0x0041, 0x2966, 0xC659, 0xFFFF, 0xF79E,
  0xF7BE, 0xF79E, 0xF7BF, 0xFFFF, 0x94D3, 0x10A3, 0x2125, 0xB5B6, 0xFFFF, 0xF79E, 0xF7BE, 0x8C92,
  0x10A3, 0x18E4, 0x1904, 0x18E4, 0x18E4, 0x18E4, 0x18E4, 0x18E4, 0x10C3, 0x18E4, 0x18E4, 0x18E4,
  0x1904, 0x0882, 0x3A08, 0xDEDB, 0xFFFF, 0xF7BF, 0xF79E, 0x634D, 0x0000, 0x4A6A, 0xE71C, 0xFFFF,
  0xF79E, 0xF7BE, 0xF7BE, 0xF7BE, 0xF79E, 0xF79E, 0xFFFF, 0xBE18, 0x1904, 0x0862, 0x9CD3, 0xFFFF,
  0xF79E, 0xFFFF, 0xB5B7, 0x2125, 0x10A3, 0x1904, 0x18E4, 0x18E4, 0x18E4, 0x10E4, 0x10C3, 0x18E4,
  0x18E4, 0x1904, 0x10C3, 0x5AEC, 0xEF7D, 0xF7BF, 0xFFDF, 0xDEFC, 0x4249, 0x0000, 0x632D, 0xF79E,
  0xFFDF, 0xF79E, 0xF7BE, 0xF7BE, 0xF7BE, 0xF7BE, 0xF7BE, 0xF7BE, 0xF79E, 0xFFFF, 0xD6BB, 0x4229,
  0x0000, 0x6B8E, 0xF7BE, 0xF7BE, 0xFFFF, 0xD69A, 0x31C7, 0x10C3, 0x1904, 0x18E4, 0x18E4, 0x10E4,
  0x10C3, 0x18E4, 0x18E4, 0x1904, 0x10A3, 0xC639, 0xFFFF, 0xFFFF, 0xC618, 0x2966, 0x0862, 0x8C92,
  0xFFFF, 0xF79E, 0xEF7E, 0xF79E, 0xF79E, 0xF7BE, 0xF7BE, 0xF7BE, 0xF79E, 0xF79E, 0xF79E, 0xEF5D,
  0xFFDF, 0xEF7D, 0x5AEC, 0x0021, 0x52AB, 0xE73C, 0xF7BF, 0xFFFF, 0x8430, 0x0862, 0x1904, 0x18E4,
  0x18E4, 0x18E4, 0x10C3, 0x18E4, 0x18E4, 0x1904, 0x10C3, 0x39E8, 0xDEFB, 0xA555, 0x0882, 0x1904,
  0xB596, 0xFFFF, 0xFFDF, 0xFFFF, 0xFFFF, 0xFFFF, 0xFFFF, 0xF7BF, 0xF79E, 0xF79E, 0xFFDF, 0xFFFF,
  0xFFFF, 0xFFFF, 0xFFFF, 0xF7BF, 0xFFDF, 0x7C10, 0x0000, 0x2966, 0xCE59, 0xB5B7, 0x18E4, 0x18E4,
  0x18E4, 0x18E4, 0x1904, 0x18E4, 0x10C3, 0x18E4, 0x18E4, 0x18E4, 0x1904, 0x10C3, 0x2145, 0x10C3,
  0x18E4, 0xC639, 0xFFFF, 0xF79E, 0xE71C, 0xAD75, 0xAD96, 0xAD76, 0xAD76, 0xEF5D, 0xF7BF, 0xF7BF,
  0xD6BB, 0xAD75, 0xAD76, 0xAD96, 0xB5B7, 0xEF5D, 0xF7BE, 0xFFFF, 0x8C92, 0x0862, 0x1925, 0x1904,
  0x10C3, 0x1904, 0x18E4, 0x1904, 0x1904, 0x10E4, 0x10C3, 0x18E4, 0x18E4, 0x18E4, 0x18E4, 0x1904,
  0x18E4, 0x10C3, 0x4249, 0xFFFF, 0xEF7D, 0xFFFF, 0x8410, 0x0020, 0x10C3, 0x10C3, 0x0041, 0xAD55,
  0xFFFF, 0xFFFF, 0x6B4D, 0x0021, 0x10C3, 0x10A3, 0x0882, 0xC618, 0xFFFF, 0xF7BF, 0xD6BB, 0x1904,
  0x18E4, 0x18E4, 0x1904, 0x18E4, 0x18E4, 0x1904, 0x1904, 0x10E4, 0x10C3, 0x18E4, 0x18E4, 0x18E4,
  0x1904, 0x1904, 0x1904, 0x10C3, 0x4208, 0xF79E, 0xF77E, 0xFFFF, 0x73AF, 0x3183, 0xDDA7, 0xCD27,
  0x2103, 0xA535, 0xFFFF, 0xFFFF, 0x634E, 0x41E3, 0xDDE7, 0xBCA6, 0x18E3, 0xBDD7, 0xFFFF, 0xFFBF,
  0xCE7A, 0x18E4, 0x18E4, 0x1904, 0x18E4, 0x18E4, 0x18E4, 0x1904, 0x1904, 0x18E4, 0x18E3, 0x18E4,
  0x1904, 0x1904, 0x1904, 0x1904, 0x1904, 0x10A3, 0x3A08, 0xF7BE, 0xF79E, 0xFFFF, 0x73D0, 0x41E4,
  0xFEA8, 0xF5E7, 0x2103, 0xA535, 0xFFFF, 0xFFFF, 0x5B2E, 0x5244, 0xFEC7, 0xE586, 0x18E3, 0xBDD7,
  0xFFFF, 0xFFDF, 0xD69A, 0x18E4, 0x18E4, 0x1904, 0x18E4, 0x18E4, 0x18E4, 0x18E4, 0x1904, 0x18E4,
  0x18C3, 0x18E4, 0x18E4, 0x18E4, 0x1904, 0x1904, 0x1904, 0x10C3, 0x4229, 0xF7BE, 0xF79E, 0xFFFF,
  0x73B0, 0x3182, 0xFE27, 0xEDC7, 0x2123, 0xA535, 0xFFFF, 0xFFFF, 0x5B0D, 0x5244, 0xFE67, 0xD546,
  0x1904, 0xBDD7, 0xFFFF, 0xFFDF, 0xCE9A, 0x18E4, 0x18E4, 0x1904, 0x18E4, 0x18E4, 0x18E4, 0x18E4,
  0x1904, 0x18E4, 0x10E3, 0x1904, 0x18E4, 0x1904, 0x1904, 0x18E4, 0x1904, 0x10C3, 0x4229, 0xF7BE,
  0xF77E, 0xFFFF, 0x73B0, 0x41E3, 0xFEC7, 0xFE27, 0x2123, 0xA535, 0xFFFF, 0xFFFF, 0x5B2E, 0x5244,
  0xFF07, 0xE5C6, 0x10C3, 0xBDD7, 0xFFFF, 0xFFDF, 0xCE9A, 0x18E4, 0x18E4, 0x1904, 0x18E4, 0x18E4,
  0x18E4, 0x18E4, 0x1904, 0x18E4, 0x10E3, 0x18E4, 0x18E4, 0x1904, 0x18E4, 0x18E4, 0x1904, 0x10C3,
  0x4229, 0xF7BE, 0xF79E, 0xFFFF, 0x73D0, 0x2963, 0x9C26, 0x8B85, 0x10C2, 0xA515, 0xFFFF, 0xFFFF,
  0x5B0C, 0x2922, 0x9C46, 0x8385, 0x0862, 0xB5B7, 0xFFFF, 0xFFBF, 0xCE9A, 0x18E4, 0x18E4, 0x1904,
  0x18E4, 0x18E4, 0x18E4, 0x18E4, 0x18E4, 0x18E4, 0x10E3, 0x18E4, 0x1904, 0x1904, 0x18E4, 0x18E4,
  0x1904, 0x10C3, 0x4229, 0xF7BE, 0xF79E, 0xFFFF, 0x94B3, 0x18E4, 0x1926, 0x1926, 0x2125, 0xBDF7,
  0xFFDF, 0xFFFF, 0x8431, 0x18E4, 0x1906, 0x2146, 0x2966, 0xCE59, 0xFFDF, 0xFFDF, 0xD69A, 0x18E4,
  0x18E4, 0x1904, 0x18E4, 0x1904, 0x18E4, 0x18E4, 0x18E4, 0x10E4, 0x10E4, 0x1904, 0x18E4, 0x1904,
  0x18E4, 0x18E4, 0x1904, 0x10C3, 0x4229, 0xF7BE, 0xF7BE, 0xF7BE, 0xF79E, 0xDEFC, 0xE71C, 0xE73C,
  0xE73C, 0xF7BE, 0xF7BE, 0xF7BE, 0xF7BE, 0xE71C, 0xE71C, 0xE71C, 0xEF5D, 0xF7BF, 0xF79E, 0xFFDF,
  0xD69A, 0x1904, 0x18E4, 0x1904, 0x1904, 0x1904, 0x18E4, 0x18E4, 0x1904, 0x10E4, 0x10E4, 0x1904,
  0x18E4, 0x18E4, 0x18E4, 0x18E4, 0x1904, 0x10C3, 0x4228, 0xF79E, 0xF79E, 0xF79E, 0xF7BE, 0xF7BF,
  0xF7BF, 0xF7BE, 0xF7BF, 0xF79E, 0xF79E, 0xF79E, 0xF79E, 0xF7BF, 0xF7BF, 0xF7BF, 0xF7BF, 0xF79E,
  0xEF7E, 0xFFDF, 0xCE9A, 0x1904, 0x18E4, 0x1904, 0x1904, 0x1904, 0x18E4, 0x18E4, 0x18E4, 0x10E4,
  0x18E4, 0x1904, 0x1904, 0x18E4, 0x18E4, 0x18E4, 0x1904, 0x10A3, 0x4229, 0xFFFF, 0xFFDF, 0xFFDF,
  0xFFDF, 0xFFDF, 0xFFDF, 0xFFDF, 0xFFDF, 0xFFDF, 0xFFDF, 0xFFDF, 0xFFDF, 0xFFDF, 0xFFDF, 0xFFDF,
  0xFFDF, 0xFFDF, 0xFFDF, 0xFFFF, 0xDEFB, 0x1904, 0x18E4, 0x1904, 0x1904, 0x18E4, 0x1904, 0x18E4,
  0x18E4, 0x10E4, 0x10E4, 0x1904, 0x18E4, 0x18E4, 0x18E4, 0x18E4, 0x18E4, 0x10C3, 0x2986, 0xC659,
  0xDEDB, 0xD6BA, 0xD6BB, 0xD6BB, 0xD6BB, 0xD6BB, 0xD6BB, 0xD6BB, 0xD6BB, 0xD6BB, 0xD6BB, 0xD6BB,
  0xD6BB, 0xD6BA, 0xD6BA, 0xD6BB, 0xD6BA, 0xDEFC, 0x9D14, 0x10C3, 0x1904, 0x1904, 0x1904, 0x1904,
  0x18E4, 0x18E4, 0x18E4, 0x10E4, 0x10E4, 0x1904, 0x18E4, 0x18E4, 0x18E4, 0x18E4, 0x18E4, 0x1904,
  0x10E4, 0x18E4, 0x1904, 0x1904, 0x1904, 0x1904, 0x1904, 0x1904, 0x1904, 0x1904, 0x1925, 0x1904,
  0x1904, 0x1904, 0x1904, 0x1904, 0x1904, 0x1904, 0x1904, 0x1904, 0x10C3, 0x18E4, 0x1904, 0x18E4,
  0x1904, 0x18E4, 0x18E4, 0x1904, 0x18E4, 0x10E4, 0x10E4, 0x1904, 0x18E4, 0x18E4, 0x18E4, 0x18E4,
  0x18E4, 0x18E4, 0x1904, 0x1904, 0x18E4, 0x18E4, 0x18E4, 0x18E4, 0x18E4, 0x18E4, 0x18E4, 0x18E4,
  0x18E4, 0x18E4, 0x18E4, 0x18E4, 0x18E4, 0x18E4, 0x18E4, 0x18E4, 0x18E4, 0x18E4, 0x1904, 0x1904,
  0x1904, 0x1904, 0x1904, 0x18E4, 0x18E4, 0x18E4, 0x18E4, 0x10E4, 0x18E4, 0x1904, 0x18E4, 0x18E4,
  0x1904, 0x18E4, 0x18E4, 0x18E4, 0x18E4, 0x1904, 0x1904, 0x1904, 0x1904, 0x1904, 0x1904, 0x1904,
  0x1904, 0x1904, 0x1904, 0x1904, 0x1904, 0x18E4, 0x1904, 0x1904, 0x1904, 0x1904, 0x1904, 0x1904,
  0x18E4, 0x18E4, 0x1904, 0x18E4, 0x18E4, 0x18E4, 0x18E4, 0x18E4, 0x18E4, 0x18E3, 0x10A2, 0x1904,
  0x18E4, 0x18E4, 0x18E4, 0x18E4, 0x18E4, 0x18E4, 0x18E4, 0x18E4, 0x18E4, 0x18E4, 0x1904, 0x18E4,
  0x18E4, 0x18E4, 0x18E4, 0x1904, 0x18E4, 0x18E4, 0x18E4, 0x18E4, 0x18E4, 0x18E4, 0x18E4, 0x18E4,
  0x1904, 0x18E4, 0x18E4, 0x18E4, 0x18E4, 0x18E4, 0x18E4, 0x18E4, 0x18E4, 0x18E4, 0x1904, 0x1082,
  0x0000, 0x10C3, 0x1904, 0x1904, 0x1904, 0x1904, 0x1904, 0x1904, 0x1904, 0x1904, 0x1904, 0x1904,
  0x1904, 0x1904, 0x1904, 0x1904, 0x1904, 0x1904, 0x1904, 0x1904, 0x1904, 0x1904, 0x1904, 0x1904,
  0x1904, 0x1904, 0x1904, 0x1904, 0x1904, 0x1904, 0x18E4, 0x18E4, 0x1904, 0x18E4, 0x1904, 0x1904,
  0x10C3, 0x0020, 0x0000, 0x0000, 0x0882, 0x10C3, 0x10E3, 0x10C3, 0x10E3, 0x10C3, 0x10C3, 0x10C3,
  0x10C3, 0x10C3, 0x10C3, 0x10C3, 0x10C3, 0x10C3, 0x10C3, 0x10C3, 0x10C3, 0x10C3, 0x10C3, 0x10E3,
  0x10C3, 0x10C3, 0x10C3, 0x10C3, 0x10C3, 0x10C3, 0x10C3, 0x10C3, 0x10C3, 0x10C3, 0x10C3, 0x10C3,
  0x10C3, 0x0882, 0x0000, 0x0000
};

const uint16_t UI_ICON_TEMPERATURE_DATA[UI_ICON_PIXELS] PROGMEM = {
  0x0000, 0x0000, 0x1082, 0x18C4, 0x18E4, 0x10E4, 0x10E3, 0x10E4, 0x10E4, 0x10E4, 0x10E4, 0x18E3,
  0x18E4, 0x18C4, 0x10C4, 0x18C4, 0x10C4, 0x18C3, 0x18C4, 0x18E3, 0x18E4, 0x18C4, 0x18E4, 0x18E4,
  0x18E4, 0x18E4, 0x18E4, 0x18E4, 0x18E4, 0x18E3, 0x10E3, 0x10E4, 0x10E4, 0x18E3, 0x10E3, 0x10A3,
  0x0020, 0x0000, 0x0000, 0x10C3, 0x1904, 0x1904, 0x18E4, 0x1904, 0x18E4, 0x18E4, 0x1904, 0x1904,
  0x1904, 0x1904, 0x1904, 0x1904, 0x18E4, 0x18E4, 0x18E4, 0x18E4, 0x18E4, 0x18E4, 0x1904, 0x1904,
  0x1904, 0x1904, 0x1904, 0x1904, 0x1904, 0x1904, 0x1904, 0x1904, 0x1904, 0x1904, 0x1904, 0x1904,
  0x1904, 0x1904, 0x10C3, 0x0000, 0x1082, 0x1904, 0x18E4, 0x18E4, 0x18E4, 0x18E4, 0x18E4, 0x18E4,
  0x18E4, 0x1904, 0x18E4, 0x18E4, 0x1904, 0x1904, 0x18E4, 0x18E4, 0x18E4, 0x18E4, 0x18E4, 0x18E4,
  0x18E4, 0x1904, 0x1904, 0x1904, 0x1904, 0x1904, 0x1904, 0x1904, 0x18E4, 0x1904, 0x18E4, 0x18E4,
  0x1904, 0x18E4, 0x18E4, 0x18E4, 0x1904, 0x10A2, 0x10C3, 0x1904, 0x18E4, 0x18E4, 0x18E4, 0x18E4,
  0x18E4, 0x1904, 0x18E4, 0x1904, 0x1904, 0x18E4, 0x18E4, 0x1904, 0x1904, 0x18E4, 0x18E4, 0x1904,
  0x1904, 0x18E4, 0x1904, 0x18E4, 0x1904, 0x1904, 0x1904, 0x1904, 0x1904, 0x1904, 0x18E4, 0x1904,
  0x18E4, 0x18E4, 0x18E4, 0x18E4, 0x1904, 0x18E4, 0x1904, 0x18E3, 0x18E4, 0x1904, 0x18E4, 0x18E4,
  0x18E4, 0x18E4, 0x18E4, 0x1904, 0x1904, 0x1904, 0x1904, 0x18E4, 0x18E4, 0x1904, 0x0882, 0x10C3,
  0x18E4, 0x0882, 0x10A3, 0x1904, 0x18E4, 0x18E4, 0x18E4, 0x1904, 0x1904, 0x1904, 0x1904, 0x1904,
  0x18E4, 0x18E4, 0x18E4, 0x18E4, 0x18E4, 0x18E4, 0x18E4, 0x18E4, 0x1904, 0x10E4, 0x10C3, 0x18E4,
  0x18E4, 0x18E4, 0x18E4, 0x1904, 0x1904, 0x18E4, 0x1904, 0x1904, 0x18E4, 0x18E4, 0x1904, 0x10A3,
  0x634D, 0xCE59, 0xE71C, 0xB5B7, 0x4229, 0x10A3, 0x1904, 0x18E4, 0x18E4, 0x18E4, 0x1904, 0x1904,
  0x1904, 0x1904, 0x1904, 0x18E4, 0x18E4, 0x18E4, 0x18E4, 0x18E4, 0x1904, 0x1904, 0x1904, 0x10E4,
  0x10C3, 0x18E4, 0x18E4, 0x18E4, 0x18E4, 0x18E4, 0x18E4, 0x1904, 0x1904, 0x1904, 0x1904, 0x1904,
  0x0882, 0x73CF, 0xFFFF, 0xE71C, 0xBE18, 0xFFDF, 0xF79E, 0x4229, 0x10C3, 0x1904, 0x18E4, 0x18E4,
  0x18E4, 0x18E4, 0x1904, 0x1904, 0x1904, 0x1904, 0x18E4, 0x1904, 0x1904, 0x18E4, 0x1904, 0x18E4,
  0x18E4, 0x10E4, 0x10E3, 0x18E4, 0x18E4, 0x18E4, 0x18E4, 0x1904, 0x18E4, 0x18E4, 0x18E4, 0x18E4,
  0x1904, 0x10E4, 0x2145, 0xEF7E, 0xCE7A, 0x2125, 0x0862, 0x4249, 0xFFDF, 0xBDD7, 0x08A3, 0x1904,
  0x18E4, 0x18E4, 0x18E4, 0x18E4, 0x1904, 0x18E4, 0x18E4, 0x18E4, 0x18E4, 0x18E4, 0x18E4, 0x1904,
  0x1904, 0x18E4, 0x1904, 0x10E4, 0x18E3, 0x1904, 0x18E4, 0x18E4, 0x18E4, 0x18E4, 0x18E4, 0x1904,
  0x18E4, 0x18E4, 0x1904, 0x10A3, 0x4A6A, 0xFFFF, 0x6B8E, 0x0862, 0x2145, 0x0882, 0xBDD7, 0xE71C,
  0x18E4, 0x18E4, 0x18E4, 0x18E4, 0x18E4, 0x10E4, 0x08E4, 0x2104, 0x1904, 0x18E4, 0x18E4, 0x18E4,
  0x18E4, 0x18E4, 0x18E4, 0x18E4, 0x1904, 0x10E4, 0x10C3, 0x18E4, 0x18E4, 0x18E4, 0x18E4, 0x18E4,
  0x18E4, 0x18E4, 0x18E4, 0x18E4, 0x1904, 0x10A3, 0x4A8A, 0xFFFF, 0x632D, 0x10A3, 0x2145, 0x0882,
  0xAD96, 0xEF5D, 0x2125, 0x18E4, 0x10E4, 0x08E4, 0x08E3, 0x3104, 0x99C6, 0xEA28, 0xCA07, 0x18E4,
  0x18E4, 0x1904, 0x1904, 0x1904, 0x1904, 0x18E4, 0x1904, 0x10E4, 0x18C3, 0x18E4, 0x18E4, 0x18E4,
  0x18E4, 0x18E4, 0x18E4, 0x18E4, 0x18E4, 0x18E4, 0x1904, 0x10A3, 0x4A8A, 0xFFFF, 0x6B6E, 0x0882,
  0x1925, 0x0882, 0xB5B7, 0xEF5D, 0x2125, 0x10E4, 0x4945, 0xA9C6, 0xA9A6, 0xFA48, 0xFA68, 0xD1E7,
  0xA1C6, 0x1904, 0x18E4, 0x1904, 0x18E4, 0x18E4, 0x18E4, 0x18E4, 0x1904, 0x10E4, 0x18E3, 0x1904,
  0x18E4, 0x18E4, 0x18E4, 0x18E4, 0x18E4, 0x1904, 0x18E4, 0x18E4, 0x1904, 0x10A3, 0x4A8A, 0xFFFF,
  0x6B8E, 0x18A3, 0x4986, 0x08A3, 0xB596, 0xEF5D, 0x2125, 0x08C4, 0x61A6, 0xFA68, 0xFA07, 0xCA27,
  0x5965, 0x10E3, 0x10E4, 0x1904, 0x18E4, 0x1904, 0x1904, 0x1904, 0x18E4, 0x18E4, 0x18E4, 0x10E4,
  0x18E3, 0x18E4, 0x18E4, 0x18E4, 0x18E4, 0x18E4, 0x18E4, 0x18E4, 0x18E4, 0x18E4, 0x1904, 0x10A3,
  0x4A8A, 0xFFFF, 0x532D, 0x6924, 0xFA69, 0x28A2, 0xAD96, 0xEF5D, 0x2124, 0x18E4, 0x1904, 0x3124,
  0x3904, 0x1104, 0x00E4, 0x10E4, 0x10E4, 0x18E4, 0x1904, 0x1904, 0x1904, 0x18E4, 0x18E4, 0x18E4,
  0x1904, 0x18E4, 0x18E3, 0x18E4, 0x18E4, 0x18E4, 0x18E4, 0x18E4, 0x18E4, 0x18E4, 0x18E4, 0x18E4,
  0x1904, 0x10A3, 0x4A6A, 0xFFFF, 0x532D, 0x7945, 0xFA68, 0x30C3, 0xADB6, 0xEF5D, 0x1904, 0x18E4,
  0x10E4, 0x00C3, 0x00E4, 0x2104, 0x7965, 0xC207, 0xA1A6, 0x18E4, 0x18E4, 0x1904, 0x1904, 0x18E4,
  0x1904, 0x18E4, 0x1904, 0x18E4, 0x18E3, 0x18E4, 0x18E4, 0x18E4, 0x18E4, 0x18E4, 0x18E4, 0x18E4,
  0x1904, 0x18E4, 0x1904, 0x10A3, 0x4A6A, 0xFFFF, 0x5B4D, 0x7124, 0xFA68, 0x30E3, 0xAD96, 0xEF5D,
  0x2104, 0x10E4, 0x3925, 0x7965, 0x7965, 0xDA07, 0xFA68, 0xFA28, 0xC9E7, 0x20E4, 0x18E4, 0x1904,
  0x1904, 0x1904, 0x1904, 0x1904, 0x1904, 0x10E4, 0x10E3, 0x18E4, 0x18E4, 0x18E4, 0x18E4, 0x18E4,
  0x18E4, 0x18E4, 0x18E4, 0x18E4, 0x1904, 0x08A3, 0x4A6A, 0xFFFF, 0x5B4D, 0x7124, 0xFA68, 0x30C3,
  0xA596, 0xEF5D, 0x2125, 0x08C3, 0x7186, 0xFA89, 0xFA27, 0xEA27, 0x81A6, 0x2904, 0x18E4, 0x1904,
  0x1904, 0x1904, 0x1904, 0x1904, 0x1904, 0x1904, 0x1904, 0x18E4, 0x10E3, 0x18E4, 0x18E4, 0x18E4,
  0x1904, 0x18E4, 0x18E4, 0x18E4, 0x18E4, 0x18E4, 0x1904, 0x10A3, 0x4A8A, 0xFFFF, 0x5B4D, 0x7924,
  0xFA68, 0x30A3, 0xAD96, 0xEF5D, 0x2104, 0x18E4, 0x2104, 0x5965, 0x5945, 0x2904, 0x00C4, 0x00C3,
  0x08E4, 0x1904, 0x18E4, 0x1904, 0x1904, 0x18E4, 0x1904, 0x18E4, 0x1904, 0x18E3, 0x18E3, 0x18E4,
  0x18E4, 0x18E4, 0x1904, 0x18E4, 0x18E4, 0x1904, 0x18E4, 0x18E3, 0x1904, 0x10A3, 0x4A8A, 0xFFFF,
  0x5B4D, 0x7144, 0xFA68, 0x30C3, 0xAD96, 0xEF5D, 0x1904, 0x18E4, 0x18E4, 0x00C3, 0x00C3, 0x1104,
  0x5145, 0x9986, 0x8186, 0x18E4, 0x18E4, 0x1904, 0x1904, 0x1904, 0x18E4, 0x18E4, 0x1904, 0x18E3,
  0x18E3, 0x1904, 0x18E4, 0x1904, 0x18E4, 0x1904, 0x1904, 0x1904, 0x18E4, 0x18E3, 0x18E4, 0x10A3,
  0x4A8A, 0xFFFF, 0x530C, 0x7144, 0xFA89, 0x30C3, 0xA596, 0xEF5D, 0x1904, 0x10E4, 0x2924, 0x5125,
  0x5145, 0xBA07, 0xFA28, 0xFA48, 0xE207, 0x2104, 0x18E4, 0x1904, 0x18E4, 0x18E4, 0x18E4, 0x18E4,
  0x18E4, 0x10E4, 0x18E3, 0x1904, 0x1904, 0x18E4, 0x1904, 0x1904, 0x1904, 0x1904, 0x18E4, 0x18E3,
  0x18E4, 0x10A3, 0x52AA, 0xFFFF, 0x530C, 0x7124, 0xFA68, 0x30C3, 0xAD96, 0xEF5D, 0x2125, 0x08E4,
  0x7165, 0xFA48, 0xFA28, 0xFA68, 0xA9C6, 0x4945, 0x2904, 0x18E4, 0x1904, 0x1904, 0x18E4, 0x18E4,
  0x1904, 0x18E4, 0x18E4, 0x10E4, 0x18E4, 0x1904, 0x18E4, 0x1904, 0x1904, 0x1904, 0x18E4, 0x18E4,
  0x18E4, 0x18E4, 0x1904, 0x10A3, 0x4228, 0xFFFF, 0x5B4D, 0x7124, 0xFA68, 0x30C3, 0xA576, 0xE73D,
  0x18E4, 0x18E4, 0x2904, 0x7986, 0x8165, 0x4945, 0x1104, 0x10E4, 0x18E4, 0x18E4, 0x18E4, 0x18E4,
  0x18E4, 0x18E4, 0x1904, 0x18E4, 0x18E4, 0x10E4, 0x18E3, 0x18E4, 0x18E4, 0x1904, 0x1904, 0x1904,
  0x18E4, 0x18E4, 0x18E4, 0x18E4, 0x18E4, 0x18E4, 0x9D14, 0xFFFF, 0x5B4D, 0x7124, 0xFA48, 0x30A3,
  0xA576, 0xFFFF, 0x6B8E, 0x0882, 0x1904, 0x08E4, 0x08E4, 0x10E4, 0x1904, 0x1904, 0x1904, 0x18E4,
  0x18E4, 0x18E4, 0x18E4, 0x18E4, 0x1904, 0x18E4, 0x1904, 0x10E4, 0x18E3, 0x18E4, 0x1904, 0x18E4,
  0x18E4, 0x1904, 0x18E4, 0x18E4, 0x18E4, 0x1904, 0x10A3, 0xA535, 0xFFFF, 0xAD76, 0x0945, 0x8186,
  0xFA48, 0x3104, 0x3A6A, 0xDEFB, 0xFFFF, 0x632D, 0x0882, 0x2104, 0x1904, 0x1904, 0x1904, 0x1904,
  0x1904, 0x18E4, 0x18E4, 0x18E4, 0x18E4, 0x18E4, 0x1904, 0x18E4, 0x1904, 0x10E3, 0x18E3, 0x18E4,
  0x18E4, 0x18E4, 0x18E4, 0x1904, 0x18E4, 0x18E4, 0x1904, 0x08A3, 0x632D, 0xFFFF, 0x9CF4, 0x0082,
  0x6165, 0xDA07, 0xFA28, 0xC207, 0x3904, 0x1945, 0xD69A, 0xEF5D, 0x2986, 0x10E4, 0x1904, 0x1904,
  0x1904, 0x1904, 0x18E4, 0x18E4, 0x1904, 0x18E4, 0x18E4, 0x1904, 0x1904, 0x1904, 0x1904, 0x18C3,
  0x18E3, 0x1904, 0x18E4, 0x1904, 0x1904, 0x18E4, 0x18E4, 0x18E4, 0x18E4, 0x10E3, 0xCE7A, 0xEF5D,
  0x1945, 0x7965, 0xFA28, 0xFA07, 0xFA07, 0xFA28, 0xF228, 0x30A3, 0x4AAB, 0xFFFF, 0x8C71, 0x0882,
  0x1924, 0x1904, 0x1904, 0x1904, 0x1904, 0x1904, 0x1904, 0x1904, 0x1904, 0x1904, 0x1904, 0x18E4,
  0x1904, 0x18E3, 0x18E4, 0x1904, 0x18E4, 0x18E4, 0x1904, 0x18E4, 0x18E4, 0x18E4, 0x10C3, 0x31A7,
  0xFFDF, 0x94D3, 0x1062, 0xEA07, 0xFA07, 0xF207, 0xFA07, 0xF207, 0xFA28, 0xB1E7, 0x1104, 0xE6FC,
  0xC639, 0x10A3, 0x1904, 0x1904, 0x1904, 0x1904, 0x1904, 0x1904, 0x1904, 0x1904, 0x1904, 0x1904,
  0x1904, 0x18E4, 0x1904, 0x10E4, 0x18E4, 0x1904, 0x1904, 0x18E4, 0x18E4, 0x18E4, 0x18E4, 0x1904,
  0x10A3, 0x4249, 0xFFFF, 0x6BAF, 0x40E4, 0xFA48, 0xF9E7, 0xFA07, 0xFA07, 0xFA07, 0xFA07, 0xDA07,
  0x1082, 0xBDD7, 0xDEFC, 0x1904, 0x1904, 0x1904, 0x1904, 0x1904, 0x1904, 0x18E4, 0x1904, 0x1904,
  0x1904, 0x1904, 0x1904, 0x1904, 0x1904, 0x18E4, 0x18E4, 0x1904, 0x18E4, 0x18E4, 0x18E4, 0x18E4,
  0x18E4, 0x18E4, 0x10A3, 0x3A08, 0xFFFF, 0x73F0, 0x38E4, 0xFA48, 0xF9E7, 0xFA07, 0xFA07, 0xF207,
  0xFA27, 0xD228, 0x10C4, 0xCE59, 0xDEFB, 0x18E4, 0x1904, 0x1904, 0x1904, 0x1904, 0x1904, 0x1904,
  0x1904, 0x1904, 0x1904, 0x1904, 0x1904, 0x18E4, 0x18E4, 0x10E4, 0x18E3, 0x18E4, 0x1904, 0x18E4,
  0x18E4, 0x18E4, 0x18E4, 0x18E4, 0x18E3, 0x2145, 0xF79E, 0xBDF7, 0x0882, 0xC9E7, 0xFA07, 0xF207,
  0xF207, 0xF207, 0xFA48, 0x8186, 0x1125, 0xF77E, 0xAD76, 0x0882, 0x1924, 0x1904, 0x1904, 0x1904,
  0x1904, 0x18E4, 0x18E4, 0x1904, 0x1904, 0x1904, 0x18E4, 0x18E4, 0x18E4, 0x10E4, 0x18C4, 0x1904,
  0x18E4, 0x18E4, 0x18E4, 0x18E4, 0x18E4, 0x18E4, 0x1904, 0x10A3, 0xB596, 0xFFFF, 0x31E8, 0x28A2,
  0xE269, 0xFA68, 0xFA28, 0xFA68, 0xB208, 0x0041, 0x7BF0, 0xFFFF, 0x632D, 0x08A3, 0x1924, 0x1904,
  0x1904, 0x18E4, 0x1904, 0x1904, 0x1904, 0x1904, 0x1904, 0x1904, 0x18E4, 0x18E4, 0x1904, 0x18E4,
  0x18E3, 0x18E4, 0x18E4, 0x18E4, 0x18E4, 0x18E4, 0x18E4, 0x18E4, 0x18E4, 0x10C3, 0x39E8, 0xF79E,
  0xDEBB, 0x31E8, 0x18A3, 0x6145, 0x8185, 0x48E3, 0x0882, 0x634D, 0xFFFF, 0xC639, 0x1904, 0x1904,
  0x1904, 0x1904, 0x18E4, 0x18E4, 0x1904, 0x1904, 0x1904, 0x1904, 0x18E4, 0x1904, 0x18E4, 0x1904,
  0x1904, 0x18E4, 0x18E3, 0x1904, 0x1904, 0x18E4, 0x1904, 0x18E4, 0x18E4, 0x18E4, 0x18E4, 0x1904,
  0x0882, 0x632D, 0xFFFF, 0xFFDF, 0x8451, 0x3A49, 0x29E8, 0x4ACB, 0xAD55, 0xFFFF, 0xDEDB, 0x31A7,
  0x10C3, 0x1904, 0x1904, 0x18E4, 0x18E4, 0x1904, 0x1904, 0x18E4, 0x1904, 0x1904, 0x1904, 0x1904,
  0x1904, 0x1904, 0x1904, 0x10E3, 0x18E3, 0x18E4, 0x18E4, 0x18E4, 0x1904, 0x18E4, 0x18E4, 0x18E4,
  0x18E4, 0x18E4, 0x1904, 0x10C3, 0x52AB, 0xCE79, 0xFFFF, 0xFFFF, 0xFFFF, 0xFFFF, 0xFFFF, 0xAD55,
  0x2966, 0x10C3, 0x1904, 0x18E4, 0x1904, 0x18E4, 0x1904, 0x18E4, 0x18E4, 0x1904, 0x1904, 0x1904,
  0x1904, 0x18E4, 0x1904, 0x1904, 0x18E4, 0x18E3, 0x18E3, 0x1904, 0x18E4, 0x18E4, 0x18E4, 0x1904,
  0x18E4, 0x1904, 0x18E4, 0x18E4, 0x18E4, 0x1904, 0x08A2, 0x10C3, 0x4A69, 0x7C10, 0x9492, 0x73AE,
  0x39E8, 0x10A3, 0x18E3, 0x1904, 0x18E4, 0x18E4, 0x1904, 0x1904, 0x1904, 0x18E4, 0x18E4, 0x18E4,
  0x18E4, 0x18E4, 0x18E4, 0x1904, 0x18E4, 0x18E4, 0x1904, 0x18E3, 0x10E3, 0x1904, 0x18E4, 0x18E4,
  0x18E4, 0x1904, 0x1904, 0x1904, 0x1904, 0x18E4, 0x18E4, 0x10C4, 0x18E4, 0x18E4, 0x10A3, 0x0882,
  0x0882, 0x0882, 0x10C3, 0x1904, 0x1904, 0x18E4, 0x18E4, 0x18E4, 0x1904, 0x1904, 0x1904, 0x1904,
  0x18E4, 0x18E4, 0x18E4, 0x18E4, 0x18E4, 0x1904, 0x18E4, 0x18E4, 0x1904, 0x10E3, 0x10A2, 0x1904,
  0x18E4, 0x18E4, 0x18E4, 0x1904, 0x1904, 0x1904, 0x18E4, 0x18E4, 0x18E4, 0x18E3, 0x18E4, 0x18E4,
  0x1904, 0x1904, 0x1904, 0x1904, 0x1904, 0x1904, 0x18E4, 0x18E4, 0x18E4, 0x18E4, 0x18E4, 0x18E4,
  0x18E4, 0x1904, 0x1904, 0x18E4, 0x18E4, 0x18E4, 0x18E4, 0x18E4, 0x18E4, 0x18E4, 0x1904, 0x10A2,
  0x0000, 0x10C3, 0x1904, 0x1904, 0x1904, 0x1904, 0x1904, 0x1904, 0x1904, 0x1904, 0x1904, 0x1904,
  0x18E4, 0x18E4, 0x18E4, 0x18E4, 0x18E4, 0x18E4, 0x1904, 0x1904, 0x1904, 0x1904, 0x1904, 0x1904,
  0x1904, 0x1904, 0x1904, 0x1904, 0x1904, 0x1904, 0x1904, 0x1904, 0x1904, 0x1904, 0x1904, 0x1904,
  0x10E3, 0x0000, 0x0000, 0x0000, 0x0882, 0x10C3, 0x10E3, 0x10E3, 0x10C3, 0x10C3, 0x10C3, 0x10C3,
  0x10C3, 0x10C3, 0x10C3, 0x10C3, 0x10C3, 0x10C3, 0x10C3, 0x10C3, 0x10C3, 0x10C3, 0x10C3, 0x10C3,
  0x10E3, 0x10C3, 0x10C3, 0x10C3, 0x10C3, 0x10E3, 0x10E3, 0x10E3, 0x18C3, 0x10C3, 0x10C3, 0x10E3,
  0x10C3, 0x1082, 0x0000, 0x0000
};

const uint16_t UI_ICON_WEATHER_DATA[UI_ICON_PIXELS] PROGMEM = {
  0x0000, 0x0000, 0x10A2, 0x10C3, 0x18E3, 0x18E3, 0x10E3, 0x18E4, 0x10E3, 0x18C4, 0x10C4, 0x10E4,
  0x18E4, 0x18E4, 0x18E3, 0x10E3, 0x18E3, 0x18E3, 0x18E4, 0x18E3, 0x18E3, 0x18E3, 0x18E3, 0x18C4,
  0x18C4, 0x18C4, 0x18E4, 0x18E4, 0x18E4, 0x18E4, 0x18E4, 0x18E3, 0x18E3, 0x18E4, 0x18E4, 0x10A2,
  0x0000, 0x0000, 0x0000, 0x10C3, 0x1904, 0x1904, 0x1904, 0x1904, 0x1904, 0x1904, 0x1904, 0x1904,
  0x1904, 0x1904, 0x1904, 0x1904, 0x1904, 0x1904, 0x1904, 0x1904, 0x1904, 0x1904, 0x1904, 0x1904,
  0x1904, 0x1904, 0x18E4, 0x18E4, 0x1904, 0x1904, 0x1904, 0x1904, 0x1904, 0x1904, 0x1904, 0x1904,
  0x1904, 0x1904, 0x10C3, 0x0000, 0x0882, 0x1904, 0x18E4, 0x18E4, 0x18E4, 0x18E4, 0x1904, 0x1904,
  0x1904, 0x18E4, 0x18E4, 0x18E4, 0x18E4, 0x18E4, 0x1904, 0x18E4, 0x18E4, 0x18E4, 0x1904, 0x1904,
  0x18E4, 0x1904, 0x1904, 0x18E4, 0x18E4, 0x18E4, 0x1904, 0x1904, 0x18E4, 0x1904, 0x1904, 0x1904,
  0x18E4, 0x18E4, 0x1904, 0x18E4, 0x1904, 0x1082, 0x10C3, 0x1904, 0x18E4, 0x18E4, 0x18E4, 0x18E4,
  0x1904, 0x1904, 0x1904, 0x18E4, 0x18E4, 0x18E4, 0x18E4, 0x18E4, 0x18E4, 0x18E4, 0x18E4, 0x18E4,
  0x18E4, 0x18E4, 0x1904, 0x1904, 0x18E4, 0x18E4, 0x18E4, 0x1904, 0x18E4, 0x18E4, 0x1904, 0x1904,
  0x1904, 0x1904, 0x18E4, 0x18E4, 0x18E4, 0x18E4, 0x18E4, 0x10C3, 0x10E3, 0x1904, 0x18E4, 0x18E4,
  0x18E4, 0x18E4, 0x1904, 0x1904, 0x18E4, 0x1904, 0x18E4, 0x18E4, 0x18E4, 0x18E4, 0x1904, 0x1904,
  0x1904, 0x18E4, 0x18E4, 0x18E4, 0x18E4, 0x18E4, 0x18E4, 0x18E4, 0x18E4, 0x1904, 0x18E4, 0x18E4,
  0x1904, 0x1904, 0x1904, 0x1904, 0x1904, 0x1904, 0x18E4, 0x18E4, 0x1904, 0x10C3, 0x10C3, 0x1904,
  0x18E4, 0x1904, 0x18E4, 0x18E4, 0x18E4, 0x1904, 0x18E4, 0x18E4, 0x18E4, 0x18E4, 0x18E4, 0x18E4,
  0x10C4, 0x10C4, 0x10E4, 0x18E4, 0x18E4, 0x18E3, 0x18E4, 0x18E4, 0x18E4, 0x18E4, 0x18E4, 0x18E4,
  0x1904, 0x1904, 0x1904, 0x1904, 0x1904, 0x18E4, 0x1904, 0x18E4, 0x18E4, 0x18E4, 0x1904, 0x10C3,
  0x10C3, 0x1904, 0x18E4, 0x18E4, 0x18E4, 0x18E4, 0x18E4, 0x18E4, 0x18E4, 0x18E4, 0x18E4, 0x18E4,
  0x1904, 0x08A4, 0x7B66, 0xC4E6, 0x2124, 0x18E4, 0x18E3, 0x18E3, 0x18E3, 0x18E4, 0x18E4, 0x18E4,
  0x18E4, 0x18E4, 0x1904, 0x1904, 0x1904, 0x1904, 0x1904, 0x1904, 0x1904, 0x18E4, 0x1904, 0x18E4,
  0x1904, 0x10C3, 0x10C3, 0x1904, 0x18E4, 0x18E4, 0x18E4, 0x18E4, 0x18E4, 0x1904, 0x1904, 0x1904,
  0x18E4, 0x18E3, 0x1904, 0x08A4, 0xBCC6, 0xFEA7, 0x41C4, 0x10C3, 0x18E3, 0x18C3, 0x18E3, 0x1904,
  0x18E4, 0x18E4, 0x18E4, 0x1904, 0x1904, 0x1904, 0x1904, 0x1904, 0x1904, 0x1904, 0x18E4, 0x1904,
  0x1904, 0x18E4, 0x1904, 0x10C3, 0x10C3, 0x1904, 0x18E4, 0x18E4, 0x18E4, 0x18E4, 0x1904, 0x10C4,
  0x18E4, 0x10E4, 0x1903, 0x18E3, 0x1904, 0x10C4, 0xB4A6, 0xFE67, 0x39C4, 0x10C4, 0x18E3, 0x18E3,
  0x18E4, 0x10C4, 0x10C4, 0x10E4, 0x18E4, 0x18E4, 0x1904, 0x1904, 0x1904, 0x1904, 0x1904, 0x1904,
  0x1904, 0x18E4, 0x1904, 0x18E4, 0x1904, 0x10C3, 0x10C3, 0x1904, 0x18E4, 0x18E4, 0x18E4, 0x1904,
  0x08A4, 0x8365, 0xCD47, 0x3164, 0x08A4, 0x1904, 0x1904, 0x10C4, 0xB486, 0xFE88, 0x39A4, 0x10E4,
  0x1904, 0x18E4, 0x08C4, 0x93C5, 0xCD26, 0x2124, 0x10E4, 0x1904, 0x18E4, 0x1904, 0x1904, 0x1904,
  0x1904, 0x1904, 0x1904, 0x18E4, 0x1904, 0x18E4, 0x1904, 0x10C3, 0x10C3, 0x1904, 0x18E4, 0x18E4,
  0x1904, 0x1904, 0x08A4, 0x8B86, 0xFEE7, 0xD566, 0x39A5, 0x18E4, 0x1904, 0x08A3, 0x2124, 0x39A4,
  0x0883, 0x18E4, 0x2104, 0x10E4, 0x93C6, 0xFEC7, 0xDD46, 0x2124, 0x18E4, 0x1904, 0x1904, 0x1904,
  0x1904, 0x1904, 0x1904, 0x1904, 0x1904, 0x1904, 0x1904, 0x1904, 0x1904, 0x10C3, 0x10C3, 0x1904,
  0x18E4, 0x18E4, 0x18E4, 0x18E3, 0x18E3, 0x08A4, 0x8BA5, 0xFF28, 0xAC86, 0x0083, 0x10C4, 0x4A25,
  0x6AE5, 0x7305, 0x5A85, 0x2124, 0x0043, 0x4A45, 0xFEE7, 0xD546, 0x2944, 0x10C4, 0x18E4, 0x18E4,
  0x18E4, 0x1904, 0x1904, 0x1904, 0x1904, 0x1904, 0x1904, 0x1904, 0x1904, 0x1904, 0x18E4, 0x10C3,
  0x10C3, 0x1904, 0x18E4, 0x18E4, 0x18E4, 0x18E3, 0x18E3, 0x18E4, 0x10E4, 0x7305, 0x39C5, 0x2964,
  0xBCC6, 0xFE47, 0xFE66, 0xFE66, 0xFE67, 0xDD86, 0x6285, 0x1904, 0x7325, 0x3184, 0x10C3, 0x18E4,
  0x18E4, 0x18E4, 0x18E4, 0x1904, 0x1904, 0x1904, 0x1904, 0x1904, 0x1904, 0x1904, 0x1904, 0x1904,
  0x1904, 0x10C3, 0x10C3, 0x18E4, 0x18E4, 0x18E4, 0x1904, 0x18E4, 0x18E4, 0x1904, 0x1904, 0x0083,
  0x2124, 0xE5C7, 0xFE66, 0xFE06, 0xF606, 0xF606, 0xF606, 0xFE46, 0xFE87, 0x6AC4, 0x0023, 0x1904,
  0x1904, 0x18E4, 0x18E4, 0x18E4, 0x18E4, 0x1904, 0x1904, 0x1904, 0x1904, 0x1904, 0x1904, 0x1904,
  0x1904, 0x1904, 0x1904, 0x10C3, 0x10C3, 0x18E4, 0x18E4, 0x1904, 0x1904, 0x18E4, 0x18E4, 0x18E4,
  0x1904, 0x10C3, 0xAC66, 0xFE86, 0xF5E6, 0xFE26, 0xFE26, 0xFE26, 0xFE06, 0xF606, 0xFE26, 0xEDE6,
  0x3184, 0x18E4, 0x2124, 0x1904, 0x1904, 0x1904, 0x1904, 0x1904, 0x1904, 0x1904, 0x1904, 0x1904,
  0x1904, 0x1904, 0x1904, 0x18E4, 0x1904, 0x10C3, 0x10C3, 0x18E4, 0x18E4, 0x1904, 0x10C4, 0x2144,
  0x2944, 0x2104, 0x10C4, 0x3184, 0xF5E6, 0xFE26, 0xFE06, 0xFE26, 0xFE26, 0xFE26, 0xFE26, 0xFE06,
  0xF5E6, 0xFEA7, 0x8BA6, 0x08A4, 0x10C3, 0x10A3, 0x0882, 0x0862, 0x10C3, 0x1904, 0x1904, 0x1904,
  0x1904, 0x1904, 0x1904, 0x1904, 0x1904, 0x18E4, 0x1904, 0x10C3, 0x10C3, 0x18E4, 0x1904, 0x08A4,
  0x93C6, 0xF627, 0xEDC7, 0xEE06, 0x5245, 0x4205, 0xFE47, 0xFE06, 0xFE26, 0xFE26, 0xFE26, 0xFE26,
  0xFE26, 0xFE06, 0xFE46, 0xDD86, 0x39C4, 0x10C4, 0x52AA, 0x8C92, 0x9CF4, 0x7C10, 0x4249, 0x10C3,
  0x18E4, 0x1904, 0x1904, 0x1904, 0x1904, 0x1904, 0x1904, 0x1904, 0x1904, 0x10C3, 0x10C3, 0x18E4,
  0x18E4, 0x10A4, 0x8365, 0xDDA6, 0xD567, 0xDD86, 0x41E4, 0x41E4, 0xFE46, 0xFE06, 0xFE26, 0xFE26,
  0xFE26, 0xFE06, 0xF606, 0xFE27, 0xE5C7, 0x2123, 0x2126, 0xC618, 0xFFFF, 0xFFFF, 0xFFFF, 0xFFFF,
  0xFFDF, 0xA535, 0x2125, 0x18E4, 0x1904, 0x1904, 0x1904, 0x1904, 0x1904, 0x1904, 0x1904, 0x10E3,
  0x10C3, 0x18E4, 0x18E4, 0x18E4, 0x10C3, 0x18E4, 0x1904, 0x18E4, 0x10C4, 0x31A4, 0xF5E7, 0xFE27,
  0xFE26, 0xFE26, 0xFE07, 0xFE47, 0xFE67, 0xFEA7, 0x5244, 0x1906, 0xDEDB, 0xFFFF, 0xF79E, 0xF79E,
  0xF79E, 0xF79E, 0xF79E, 0xFFFF, 0xC638, 0x18E4, 0x18E4, 0x1904, 0x1904, 0x1904, 0x1904, 0x1904,
  0x1904, 0x10E3, 0x10C3, 0x18E4, 0x18E4, 0x18E4, 0x18E4, 0x18E3, 0x18E3, 0x1904, 0x2124, 0x10C4,
  0xAC66, 0xFE87, 0xF5E6, 0xFE27, 0xFE67, 0xE5C7, 0xB486, 0x8385, 0x0862, 0xAD55, 0xFFFF, 0xEF7E,
  0xF79E, 0xF7BE, 0xF7BE, 0xF7BE, 0xF7BE, 0xEF7E, 0xFFFF, 0x8410, 0x0882, 0x1904, 0x1904, 0x1904,
  0x1904, 0x18E4, 0x1904, 0x10E3, 0x10C3, 0x18E4, 0x18E4, 0x18E4, 0x18E4, 0x18E4, 0x18E4, 0x1904,
  0x1904, 0x0063, 0x2124, 0xDD86, 0xFE87, 0xFE67, 0x93C6, 0x10C3, 0x10C4, 0x1905, 0x3A08, 0xF79E,
  0xF79E, 0xF79E, 0xF7BE, 0xF7BE, 0xF7BE, 0xF7BE, 0xF7BE, 0xF79E, 0xFFDF, 0xD6BB, 0x2125, 0x1924,
  0x1904, 0x18E4, 0x18E4, 0x18E4, 0x1904, 0x10C3, 0x10C3, 0x1904, 0x18E4, 0x18E4, 0x18E4, 0x18E4,
  0x18E3, 0x18E4, 0x18E4, 0x8365, 0x39C4, 0x2124, 0xBCE6, 0x9C05, 0x0063, 0x73CF, 0xDEDB, 0xE73C,
  0xE71C, 0xF7BF, 0xF79E, 0xF7BE, 0xF7BE, 0xF7BE, 0xF7BE, 0xF7BE, 0xF7BE, 0xF7BE, 0xF7BE, 0xF79E,
  0x3A08, 0x0862, 0x18E4, 0x1904, 0x18E4, 0x1904, 0x1904, 0x10C3, 0x10C3, 0x1904, 0x18E4, 0x1904,
  0x1904, 0x18E4, 0x18E3, 0x18E4, 0xAC45, 0xFEE7, 0x93A5, 0x0084, 0x1905, 0x08A3, 0x7BCF, 0xFFFF,
  0xFFDF, 0xFFDF, 0xFFDF, 0xF79E, 0xF7BE, 0xF79E, 0xF7BE, 0xF7BE, 0xF7BE, 0xF7BE, 0xF7BE, 0xF7BE,
  0xF79E, 0xFFBF, 0xDEDB, 0x94B3, 0x2145, 0x10C3, 0x1904, 0x18E4, 0x1904, 0x10C3, 0x10C3, 0x1904,
  0x1904, 0x1904, 0x1904, 0x1904, 0x08A4, 0xA426, 0xFF07, 0xBCA6, 0x1904, 0x1904, 0x10C3, 0x18E4,
  0xDEDB, 0xF7BF, 0xF79E, 0xF79E, 0xF79E, 0xF7BE, 0xF7BE, 0xF7BE, 0xF7BE, 0xF79E, 0xF7BE, 0xF7BE,
  0xF7BE, 0xF7BE, 0xF7BE, 0xF79E, 0xFFBF, 0xFFFF, 0xD69A, 0x2966, 0x10E3, 0x1904, 0x1904, 0x10C3,
  0x10C3, 0x1904, 0x1904, 0x1904, 0x1904, 0x1904, 0x10A3, 0x7B65, 0xB4C7, 0x2145, 0x10E4, 0x10A3,
  0x39E8, 0x9492, 0xF7BE, 0xF79E, 0xF79E, 0xF7BE, 0xF7BE, 0xF79E, 0xF7BE, 0xF7BE, 0xF7BE, 0xF7BE,
  0xF7BE, 0xF79E, 0xF7BE, 0xF7BE, 0xF7BE, 0xF7BE, 0xF79E, 0xEF7E, 0xFFFF, 0xAD55, 0x10A3, 0x1904,
  0x1904, 0x10C3, 0x10C3, 0x1904, 0x18E4, 0x1904, 0x1904, 0x18E4, 0x18E3, 0x10C4, 0x10C4, 0x1904,
  0x10A3, 0x7BCF, 0xFFDF, 0xFFFF, 0xF7BE, 0xF7BE, 0xF7BE, 0xF7BE, 0xF79E, 0xF79E, 0xF7BE, 0xF7BE,
  0xF7BE, 0xF79E, 0xF79E, 0xF7BE, 0xF7BE, 0xF7BE, 0xF7BE, 0xF7BE, 0xF79E, 0xF79E, 0xF7BF, 0xE73D,
  0x2966, 0x10C3, 0x1904, 0x10C3, 0x10C3, 0x1904, 0x18E4, 0x1904, 0x1904, 0x18E4, 0x18E4, 0x18E4,
  0x1924, 0x10C3, 0x4229, 0xFFDF, 0xF7BF, 0xF77E, 0xF7BE, 0xF7BE, 0xF7BE, 0xF7BE, 0xF7BE, 0xF7BE,
  0xF7BE, 0xF79E, 0xF7BE, 0xF7BE, 0xF7BE, 0xF7BE, 0xF7BE, 0xF7BE, 0xF79E, 0xF7BE, 0xF7BE, 0xF7BE,
  0xF7BE, 0xF7BE, 0x3A08, 0x10C3, 0x1904, 0x10C3, 0x10C3, 0x1904, 0x18E4, 0x1904, 0x1904, 0x1904,
  0x18E4, 0x18E4, 0x1904, 0x0882, 0x73CF, 0xFFFF, 0xF79E, 0xF7BE, 0xF7BE, 0xF7BE, 0xF7BE, 0xF7BE,
  0xF7BE, 0xF79E, 0xF7BE, 0xF7BE, 0xF7BE, 0xF7BE, 0xF7BE, 0xF7BE, 0xF7BE, 0xF7BE, 0xF7BE, 0xF7BE,
  0xF7BE, 0xF7BE, 0xF7BF, 0xEF7D, 0x31A7, 0x10C3, 0x1904, 0x10C3, 0x10C3, 0x1904, 0x1904, 0x1904,
  0x1904, 0x1904, 0x1904, 0x18E4, 0x1904, 0x0882, 0x73AF, 0xFFFF, 0xEF7E, 0xF7BE, 0xF7BE, 0xF7BE,
  0xF7BE, 0xF7BE, 0xF7BE, 0xF7BE, 0xF7BE, 0xF7BE, 0xF7BE, 0xF7BE, 0xF7BE, 0xF7BE, 0xF7BE, 0xF7BE,
  0xF7BE, 0xF7BE, 0xF7BE, 0xEF7E, 0xFFFF, 0xBDD7, 0x10A3, 0x1904, 0x1904, 0x10E3, 0x10C3, 0x1904,
  0x1904, 0x1904, 0x1904, 0x1904, 0x1904, 0x18E4, 0x18E4, 0x10C3, 0x31C7, 0xEF7E, 0xFFDF, 0xF77E,
  0xF79E, 0xF79E, 0xF79E, 0xF79E, 0xF79E, 0xF79E, 0xF79E, 0xF79E, 0xF79E, 0xF79E, 0xF79E, 0xF79E,
  0xF79E, 0xF79E, 0xF79E, 0xF79E, 0xF79E, 0xFFFF, 0xF79E, 0x4229, 0x10C3, 0x1904, 0x1904, 0x10C3,
  0x10C3, 0x1904, 0x18E4, 0x18E4, 0x18E4, 0x18E4, 0x1904, 0x18E4, 0x18E4, 0x1904, 0x10A3, 0x5AEC,
  0xE73C, 0xFFFF, 0xFFFF, 0xFFFF, 0xFFFF, 0xFFFF, 0xFFFF, 0xFFFF, 0xFFFF, 0xFFFF, 0xFFFF, 0xFFFF,
  0xFFFF, 0xFFFF, 0xFFFF, 0xFFFF, 0xFFFF, 0xFFFF, 0xFFDF, 0xCE79, 0x4A6A, 0x10A3, 0x1904, 0x18E4,
  0x1904, 0x10E3, 0x10C3, 0x1904, 0x1904, 0x1904, 0x18E4, 0x1904, 0x1904, 0x18E4, 0x18E4, 0x18E4,
  0x18E4, 0x10A3, 0x2966, 0x52CB, 0x5AEC, 0x5AEC, 0x5AEC, 0x5B0C, 0x5AEC, 0x5B0C, 0x5B0C, 0x5B0C,
  0x5B0C, 0x5B0C, 0x5B0C, 0x5B0C, 0x5B0C, 0x5B0C, 0x5B0C, 0x5B0C, 0x4A6A, 0x18E4, 0x10C3, 0x1904,
  0x1904, 0x18E4, 0x1904, 0x10C3, 0x10C3, 0x1904, 0x18E4, 0x1904, 0x18E4, 0x1904, 0x1904, 0x18E4,
  0x18E4, 0x18E4, 0x18E4, 0x1904, 0x10E3, 0x08A3, 0x08A2, 0x0883, 0x0883, 0x0882, 0x0882, 0x0882,
  0x0882, 0x0882, 0x0882, 0x08A3, 0x08A3, 0x0882, 0x0882, 0x0882, 0x10A3, 0x08A3, 0x10A3, 0x1904,
  0x1904, 0x1904, 0x1904, 0x1904, 0x1904, 0x10C3, 0x10C3, 0x1904, 0x18E4, 0x18E4, 0x1904, 0x1904,
  0x18E4, 0x1904, 0x18E4, 0x18E4, 0x18E4, 0x18E4, 0x18E4, 0x1904, 0x1904, 0x1904, 0x1904, 0x1904,
  0x1904, 0x1904, 0x1904, 0x1904, 0x1904, 0x1904, 0x1904, 0x1904, 0x1904, 0x1904, 0x1904, 0x1904,
  0x1904, 0x1904, 0x1904, 0x1904, 0x1904, 0x1904, 0x1904, 0x10C3, 0x10C3, 0x1904, 0x18E4, 0x1904,
  0x1904, 0x1904, 0x1904, 0x18E4, 0x18E4, 0x1904, 0x18E4, 0x18E4, 0x18E4, 0x18E4, 0x18E4, 0x1904,
  0x18E4, 0x18E4, 0x18E4, 0x18E4, 0x18E4, 0x1904, 0x1904, 0x18E4, 0x18E4, 0x18E4, 0x1904, 0x1904,
  0x18E4, 0x18E4, 0x1904, 0x1904, 0x1904, 0x1904, 0x1904, 0x1904, 0x1904, 0x10E3, 0x0882, 0x1904,
  0x18E4, 0x1904, 0x1904, 0x1904, 0x18E4, 0x18E4, 0x1904, 0x18E4, 0x18E4, 0x18E4, 0x18E4, 0x18E4,
  0x18E4, 0x18E4, 0x18E4, 0x18E4, 0x18E4, 0x18E4, 0x18E4, 0x18E4, 0x18E4, 0x18E4, 0x18E4, 0x18E4,
  0x18E4, 0x18E4, 0x18E4, 0x18E4, 0x18E4, 0x1904, 0x1904, 0x18E4, 0x18E4, 0x18E4, 0x1904, 0x10A2,
  0x0000, 0x10C3, 0x1904, 0x1904, 0x1904, 0x1904, 0x1904, 0x1904, 0x1904, 0x1904, 0x1904, 0x1904,
  0x1904, 0x1904, 0x1904, 0x1904, 0x1904, 0x1904, 0x1904, 0x1904, 0x1904, 0x1904, 0x1904, 0x1904,
  0x1904, 0x1904, 0x1904, 0x1904, 0x1904, 0x1904, 0x1904, 0x1904, 0x1904, 0x1904, 0x1904, 0x1904,
  0x10C3, 0x0000, 0x0000, 0x0000, 0x1082, 0x10C3, 0x18E4, 0x10E3, 0x10E3, 0x10E3, 0x10C3, 0x10C3,
  0x10E3, 0x10E3, 0x10C3, 0x10C3, 0x10C3, 0x10E3, 0x10E3, 0x10E3, 0x10C3, 0x10C3, 0x10C3, 0x10E3,
  0x10C3, 0x10C3, 0x10C3, 0x10C3, 0x10E3, 0x10C3, 0x10C3, 0x10C3, 0x10C3, 0x10C3, 0x10C3, 0x10E3,
  0x10C3, 0x0882, 0x0000, 0x0000
};

const uint16_t UI_ICON_CHART_DATA[UI_ICON_PIXELS] PROGMEM = {
  0x0000, 0x0000, 0x10A2, 0x10E3, 0x10E3, 0x18E3, 0x18E3, 0x18E4, 0x18E4, 0x18E3, 0x18E4, 0x18E4,
  0x18E4, 0x18E3, 0x18E4, 0x10E4, 0x10C3, 0x10C3, 0x10C3, 0x10E3, 0x10E3, 0x18E4, 0x18E4, 0x18E4,
  0x10C4, 0x10C4, 0x10E3, 0x10E3, 0x10E3, 0x10E3, 0x10E3, 0x18E3, 0x18E3, 0x18E3, 0x10C3, 0x10A2,
  0x0020, 0x0000, 0x0000, 0x10C3, 0x1904, 0x1904, 0x1904, 0x1904, 0x1904, 0x1904, 0x1904, 0x1904,
  0x1904, 0x1904, 0x1904, 0x1904, 0x1904, 0x1904, 0x18E4, 0x18E4, 0x18E4, 0x1904, 0x1904, 0x1904,
  0x1904, 0x1904, 0x1904, 0x1904, 0x18E4, 0x18E4, 0x18E4, 0x18E4, 0x18E4, 0x18E4, 0x1904, 0x1904,
  0x1904, 0x1904, 0x10C3, 0x0000, 0x10A2, 0x1904, 0x18E4, 0x18E4, 0x1904, 0x18E4, 0x18E4, 0x18E4,
  0x1904, 0x1904, 0x1904, 0x1904, 0x1904, 0x1904, 0x18E4, 0x18E4, 0x18E4, 0x18E4, 0x1904, 0x1904,
  0x1904, 0x1904, 0x18E4, 0x18E4, 0x18E4, 0x1904, 0x18E4, 0x18E4, 0x1904, 0x18E4, 0x18E4, 0x18E4,
  0x18E4, 0x18E4, 0x18E4, 0x18E4, 0x1904, 0x10A2, 0x10E3, 0x1904, 0x18E4, 0x1904, 0x18E4, 0x18E4,
  0x1904, 0x18E4, 0x1904, 0x1904, 0x18E4, 0x1904, 0x1904, 0x1904, 0x1904, 0x1904, 0x1904, 0x1904,
  0x1904, 0x1904, 0x1904, 0x1904, 0x1904, 0x1904, 0x18E4, 0x18E4, 0x18E4, 0x18E4, 0x1904, 0x18E4,
  0x18E4, 0x18E4, 0x18E4, 0x18E4, 0x1904, 0x18E4, 0x1904, 0x10C3, 0x18E3, 0x18E4, 0x18E4, 0x18E4,
  0x18E4, 0x18E4, 0x18E4, 0x1904, 0x18E4, 0x1904, 0x18E4, 0x1904, 0x1904, 0x1904, 0x1904, 0x1904,
  0x1904, 0x18E4, 0x1904, 0x1904, 0x1904, 0x1904, 0x1904, 0x1904, 0x18E4, 0x18E4, 0x18E4, 0x18E4,
  0x18E4, 0x1904, 0x18E4, 0x18E4, 0x18E4, 0x18E4, 0x18E4, 0x18E4, 0x1904, 0x10E3, 0x10E3, 0x18E4,
  0x18E4, 0x18E4, 0x18E4, 0x18E4, 0x18E4, 0x1904, 0x18E4, 0x18E4, 0x1904, 0x1904, 0x1904, 0x1904,
  0x1904, 0x1904, 0x1904, 0x1904, 0x1904, 0x18E4, 0x1904, 0x1904, 0x1904, 0x1904, 0x1904, 0x1904,
  0x1904, 0x18E4, 0x18E4, 0x18E4, 0x18E4, 0x18E4, 0x18E4, 0x18E4, 0x18E4, 0x18E4, 0x18E4, 0x10C3,
  0x10E3, 0x18E4, 0x18E4, 0x18E4, 0x18E4, 0x18E4, 0x1904, 0x18E4, 0x18E4, 0x18E4, 0x18E4, 0x1904,
  0x1904, 0x1904, 0x1904, 0x1904, 0x1904, 0x1904, 0x1904, 0x1904, 0x1904, 0x1904, 0x1904, 0x1904,
  0x18E4, 0x1904, 0x1904, 0x18E4, 0x18E4, 0x18E4, 0x18E4, 0x18E4, 0x18E4, 0x18E4, 0x18E4, 0x18E4,
  0x18E4, 0x10C3, 0x10E3, 0x18E4, 0x18E4, 0x18E4, 0x10C3, 0x18E4, 0x10C3, 0x18E4, 0x18E4, 0x18E4,
  0x18E4, 0x1904, 0x1904, 0x1904, 0x1904, 0x1904, 0x1904, 0x1904, 0x1904, 0x1904, 0x1904, 0x1904,
  0x1904, 0x1904, 0x1904, 0x18E4, 0x18E4, 0x18E4, 0x18E4, 0x18E3, 0x18E3, 0x18E4, 0x18E4, 0x18E4,
  0x18E4, 0x18E4, 0x18E4, 0x10C3, 0x10C3, 0x18E4, 0x18E4, 0x10E3, 0x2125, 0xC639, 0xA514, 0x10A3,
  0x1904, 0x18E4, 0x1904, 0x1904, 0x1904, 0x1904, 0x1904, 0x1904, 0x1904, 0x1904, 0x1904, 0x1904,
  0x1904, 0x1904, 0x1904, 0x18E4, 0x18E4, 0x18E4, 0x18E4, 0x18E4, 0x18E4, 0x18E4, 0x1904, 0x1904,
  0x18E4, 0x18E4, 0x18E4, 0x18E4, 0x18E4, 0x10C3, 0x10C3, 0x18E4, 0x18E4, 0x10A3, 0x39E8, 0xFFFF,
  0xDEFC, 0x1904, 0x18E4, 0x1904, 0x1904, 0x1904, 0x1904, 0x1904, 0x1904, 0x1904, 0x1904, 0x1904,
  0x1904, 0x1904, 0x1904, 0x1904, 0x1904, 0x1904, 0x18E4, 0x18E4, 0x1904, 0x1904, 0x18E4, 0x18C3,
  0x18A2, 0x18A2, 0x18C3, 0x18E4, 0x10E4, 0x10E4, 0x18E4, 0x10C3, 0x10E3, 0x18E4, 0x1904, 0x10A3,
  0x31C7, 0xF7BF, 0xD69A, 0x1904, 0x18E4, 0x1904, 0x1904, 0x1904, 0x1904, 0x1904, 0x1904, 0x1904,
  0x1904, 0x1904, 0x1904, 0x1904, 0x1904, 0x1904, 0x1904, 0x1904, 0x1904, 0x1904, 0x18E3, 0x18A2,
  0x1925, 0x19C8, 0x1AAD, 0x23F4, 0x1ACD, 0x18C3, 0x10E4, 0x10E4, 0x18E4, 0x10C3, 0x10C3, 0x18E4,
  0x18E4, 0x10A3, 0x31C7, 0xF7BF, 0xD6BB, 0x1904, 0x18E4, 0x1904, 0x1904, 0x1904, 0x1904, 0x1904,
  0x1904, 0x1904, 0x1904, 0x1904, 0x1904, 0x1904, 0x1904, 0x1904, 0x1904, 0x1904, 0x18E4, 0x18E3,
  0x1966, 0x2497, 0x257B, 0x1DFE, 0x263F, 0x269F, 0x1CD8, 0x18A3, 0x18E4, 0x10E4, 0x10E4, 0x10C3,
  0x10E3, 0x18E4, 0x18E4, 0x10A3, 0x31C7, 0xF7BF, 0xD6BB, 0x1904, 0x18E4, 0x1904, 0x1904, 0x1904,
  0x1904, 0x1904, 0x1904, 0x1904, 0x1904, 0x1904, 0x1904, 0x1904, 0x1904, 0x1904, 0x1904, 0x18E4,
  0x18E4, 0x18E3, 0x1987, 0x257C, 0x261F, 0x25FF, 0x25DE, 0x263F, 0x1C76, 0x18A2, 0x18E4, 0x10E4,
  0x10E4, 0x10C3, 0x10C3, 0x18E4, 0x18E4, 0x10A3, 0x31C7, 0xF7BF, 0xD6BB, 0x1904, 0x18E4, 0x1904,
  0x1904, 0x1904, 0x1904, 0x1904, 0x1904, 0x1904, 0x1904, 0x18E4, 0x18E4, 0x1904, 0x1904, 0x1904,
  0x1904, 0x18E4, 0x18E4, 0x1904, 0x18E4, 0x1082, 0x2497, 0x263F, 0x25DE, 0x263F, 0x1C35, 0x18A2,
  0x1904, 0x10E4, 0x10E4, 0x10C3, 0x10E3, 0x18E4, 0x18E4, 0x10A3, 0x31C7, 0xF7BF, 0xD6BB, 0x1904,
  0x18E4, 0x1904, 0x1904, 0x1904, 0x18E4, 0x1904, 0x1904, 0x18E4, 0x1904, 0x18E4, 0x18E4, 0x18E4,
  0x18E4, 0x18E4, 0x18E4, 0x18E4, 0x18E4, 0x1904, 0x18A2, 0x1A8D, 0x25FE, 0x25FF, 0x25DE, 0x265F,
  0x1BF3, 0x18A2, 0x1904, 0x10E4, 0x10E4, 0x10C3, 0x10E3, 0x18E4, 0x1904, 0x10A3, 0x31C7, 0xF7BF,
  0xD6BA, 0x1904, 0x18E4, 0x1904, 0x1904, 0x1904, 0x1904, 0x18E4, 0x1904, 0x18E3, 0x18A2, 0x18C3,
  0x1904, 0x18E4, 0x18E4, 0x18E4, 0x18E4, 0x18E4, 0x1904, 0x10A3, 0x19E9, 0x2DFE, 0x267F, 0x1BB3,
  0x1A4B, 0x2E9F, 0x2391, 0x1882, 0x1904, 0x18E4, 0x18E4, 0x10C3, 0x10E3, 0x18E4, 0x1904, 0x10A3,
  0x31C7, 0xF7BF, 0xD6BA, 0x1904, 0x18E4, 0x1904, 0x1904, 0x1904, 0x1904, 0x1904, 0x18C3, 0x1987,
  0x232F, 0x224B, 0x18C3, 0x18E4, 0x18E4, 0x18E4, 0x18E4, 0x1904, 0x18C3, 0x1966, 0x257B, 0x267F,
  0x2477, 0x18E4, 0x18C3, 0x1A4B, 0x1967, 0x18E3, 0x18E4, 0x18E4, 0x18E4, 0x10C3, 0x18E3, 0x18E4,
  0x18E4, 0x10A3, 0x31C7, 0xF7BF, 0xD6BB, 0x1904, 0x18E4, 0x1904, 0x1904, 0x18E4, 0x1904, 0x18C3,
  0x19E9, 0x1DBD, 0x263F, 0x263F, 0x1B30, 0x18C3, 0x1904, 0x18E4, 0x1904, 0x18E4, 0x18E4, 0x24D8,
  0x267F, 0x251A, 0x1905, 0x18E4, 0x1904, 0x18A3, 0x18C3, 0x18E4, 0x18E4, 0x18E4, 0x18E4, 0x10C3,
  0x10C3, 0x18E4, 0x1904, 0x10A3, 0x31C7, 0xF7BF, 0xD6BB, 0x1904, 0x18E4, 0x1904, 0x18E4, 0x18E4,
  0x1905, 0x18A2, 0x23F4, 0x265F, 0x1DBD, 0x261F, 0x257C, 0x10C3, 0x18C3, 0x1905, 0x18E4, 0x18A2,
  0x1BF4, 0x267F, 0x257C, 0x1987, 0x10C3, 0x1104, 0x10E4, 0x10E4, 0x18E4, 0x18E4, 0x18E4, 0x18E4,
  0x1904, 0x10C3, 0x10E3, 0x18E4, 0x1904, 0x10A3, 0x31C7, 0xF7BF, 0xD6BB, 0x1904, 0x18E4, 0x1904,
  0x18E4, 0x18E4, 0x1905, 0x18A2, 0x1C35, 0x261F, 0x25DE, 0x25FF, 0x25FE, 0x23D3, 0x1966, 0x18C3,
  0x1104, 0x2350, 0x265F, 0x25FE, 0x1A09, 0x18A3, 0x1104, 0x10E4, 0x10E4, 0x18E4, 0x18E4, 0x18E4,
  0x1904, 0x18E4, 0x1904, 0x18E3, 0x10E4, 0x18E4, 0x1904, 0x10A3, 0x31C7, 0xF7BF, 0xD6BB, 0x1904,
  0x18E4, 0x1904, 0x1925, 0x1904, 0x18A2, 0x2351, 0x261F, 0x261F, 0x2E1F, 0x259D, 0x2DDE, 0x26BF,
  0x257C, 0x2497, 0x259C, 0x25FF, 0x2DFE, 0x228D, 0x18A2, 0x1905, 0x10E4, 0x18E4, 0x18E4, 0x18E4,
  0x1904, 0x1904, 0x1904, 0x1904, 0x1904, 0x10C3, 0x10C3, 0x18E4, 0x1904, 0x10C3, 0x31C7, 0xF7BF,
  0xD6BB, 0x1904, 0x1904, 0x18C3, 0x18C3, 0x18A3, 0x1B51, 0x265F, 0x25FF, 0x22CE, 0x220A, 0x1987,
  0x19C8, 0x1C55, 0x261F, 0x263F, 0x25FF, 0x261F, 0x2519, 0x18E3, 0x18E4, 0x18E4, 0x10E4, 0x18E4,
  0x18E4, 0x18E4, 0x1904, 0x1904, 0x1904, 0x1904, 0x1904, 0x18E3, 0x10E3, 0x18E4, 0x1904, 0x10A3,
  0x31C7, 0xF7BF, 0xD6BB, 0x1925, 0x18C3, 0x1A0A, 0x1B71, 0x2C35, 0x263F, 0x25FF, 0x1A8D, 0x18A2,
  0x18C3, 0x18E4, 0x18C3, 0x1861, 0x2455, 0x263F, 0x25BE, 0x261F, 0x257C, 0x1925, 0x10E4, 0x10E4,
  0x18E4, 0x18E4, 0x1904, 0x18E4, 0x1904, 0x1904, 0x1904, 0x1904, 0x1904, 0x18C3, 0x10C4, 0x18E4,
  0x18E4, 0x10A3, 0x31C7, 0xF7BF, 0xD6BB, 0x18C3, 0x1A2A, 0x261F, 0x263F, 0x261F, 0x2DDE, 0x1A8D,
  0x18A2, 0x1905, 0x1904, 0x10E4, 0x1904, 0x18C3, 0x1A4B, 0x263F, 0x263F, 0x267F, 0x23B2, 0x18C3,
  0x1104, 0x10E4, 0x18E4, 0x18E4, 0x1904, 0x1904, 0x1904, 0x18E4, 0x18E4, 0x1904, 0x1904, 0x10C3,
  0x18E3, 0x18E4, 0x1904, 0x10A3, 0x31C7, 0xFFBF, 0xD6DB, 0x18C3, 0x23F4, 0x265F, 0x25BD, 0x25FF,
  0x1D1A, 0x18E4, 0x1905, 0x18E4, 0x18E4, 0x10E4, 0x18E4, 0x18E4, 0x18C3, 0x1A2A, 0x23D2, 0x1AEE,
  0x1904, 0x18E4, 0x18E4, 0x18E4, 0x18E4, 0x1904, 0x1904, 0x1904, 0x1904, 0x18E4, 0x18E4, 0x18E4,
  0x1904, 0x10C3, 0x10E3, 0x18E4, 0x1904, 0x10A3, 0x31C7, 0xFFDF, 0xD6DB, 0x18A2, 0x1B30, 0x267F,
  0x25DE, 0x265F, 0x24F9, 0x18E4, 0x1904, 0x18E4, 0x18E4, 0x18E4, 0x18E4, 0x18E4, 0x18E4, 0x18C3,
  0x18A2, 0x18C3, 0x1904, 0x18E4, 0x18E4, 0x18E4, 0x18E4, 0x1904, 0x1904, 0x1904, 0x1904, 0x18E4,
  0x18E4, 0x18E4, 0x18E4, 0x10C3, 0x10E3, 0x18E4, 0x1904, 0x10A3, 0x31C7, 0xFFBF, 0xD6BB, 0x1904,
  0x1945, 0x2476, 0x25FE, 0x1D3A, 0x1A0A, 0x18E4, 0x1905, 0x1904, 0x1904, 0x18E4, 0x18E4, 0x18E4,
  0x18E4, 0x1904, 0x1925, 0x1925, 0x1904, 0x1904, 0x18E4, 0x1904, 0x1904, 0x1904, 0x1904, 0x1904,
  0x1904, 0x18E4, 0x18E4, 0x18E4, 0x18E4, 0x10C3, 0x10E3, 0x18E4, 0x1904, 0x10A3, 0x31C7, 0xFFBF,
  0xD6DB, 0x1904, 0x18C3, 0x18C3, 0x1987, 0x10E4, 0x18C3, 0x1904, 0x18E4, 0x18E4, 0x18E4, 0x18E4,
  0x18E4, 0x18E4, 0x18E4, 0x18E4, 0x18E4, 0x18E4, 0x18E4, 0x18E4, 0x18E4, 0x18E4, 0x18E4, 0x18E4,
  0x18E4, 0x18E4, 0x18E4, 0x1904, 0x18E4, 0x18E4, 0x18E4, 0x10C3, 0x10E3, 0x18E4, 0x1904, 0x10A3,
  0x31C7, 0xF7BF, 0xD6BB, 0x2145, 0x2145, 0x2166, 0x2125, 0x2145, 0x2166, 0x2145, 0x2145, 0x2145,
  0x2145, 0x2145, 0x2145, 0x2145, 0x2145, 0x2145, 0x2145, 0x2145, 0x2145, 0x2145, 0x2145, 0x2145,
  0x2145, 0x2145, 0x2145, 0x2145, 0x1925, 0x10C3, 0x1904, 0x18E4, 0x18E4, 0x10C3, 0x10C3, 0x18E4,
  0x1904, 0x10A3, 0x39E8, 0xFFDF, 0xF77E, 0xE71C, 0xE71C, 0xE71C, 0xE71C, 0xE71C, 0xE71C, 0xE71C,
  0xE71C, 0xE71C, 0xE71C, 0xE71C, 0xE71C, 0xE71C, 0xE71C, 0xE71C, 0xE71C, 0xE71C, 0xE71C, 0xE71C,
  0xE71C, 0xE71C, 0xE71C, 0xE71C, 0xDF1C, 0xDEFC, 0xE73C, 0x5AEC, 0x08A3, 0x1904, 0x18E4, 0x10C3,
  0x10E3, 0x18E4, 0x18E4, 0x10C3, 0x2145, 0xCE59, 0xEF5D, 0xEF5D, 0xEF5D, 0xEF5D, 0xEF5D, 0xEF5D,
  0xEF5D, 0xEF5D, 0xEF5D, 0xEF5D, 0xEF5D, 0xEF5D, 0xEF5D, 0xEF5D, 0xEF5D, 0xEF5D, 0xEF5D, 0xEF5D,
  0xEF5D, 0xEF5D, 0xEF5D, 0xEF5D, 0xEF5D, 0xEF5D, 0xEF5D, 0xEF5D, 0xEF7D, 0x5B0C, 0x08A3, 0x1904,
  0x18E4, 0x10C3, 0x10E3, 0x18E4, 0x18E4, 0x1904, 0x10E3, 0x1924, 0x2986, 0x2966, 0x2986, 0x2966,
  0x2966, 0x2966, 0x2966, 0x2966, 0x2966, 0x2966, 0x2966, 0x2986, 0x2986, 0x2966, 0x2966, 0x2966,
  0x2966, 0x2966, 0x2966, 0x2986, 0x2986, 0x2966, 0x2966, 0x2986, 0x2986, 0x2986, 0x2145, 0x10C3,
  0x1904, 0x18E4, 0x1904, 0x10C3, 0x10E3, 0x18E4, 0x18E4, 0x18E4, 0x1904, 0x18E4, 0x10C3, 0x10C3,
  0x10E3, 0x10C3, 0x10E3, 0x10E3, 0x10E4, 0x10E4, 0x10E4, 0x10E4, 0x10E4, 0x10E3, 0x10C3, 0x10E3,
  0x10E4, 0x10E4, 0x10E4, 0x10C3, 0x10C3, 0x10C3, 0x10C3, 0x10E3, 0x10E3, 0x10C4, 0x10E4, 0x10C3,
  0x10E4, 0x1904, 0x18E4, 0x1904, 0x1904, 0x10C3, 0x10E4, 0x18E4, 0x18E4, 0x18E4, 0x18E4, 0x1904,
  0x1904, 0x1904, 0x1904, 0x1904, 0x1904, 0x1904, 0x1904, 0x1904, 0x1904, 0x1904, 0x1904, 0x1904,
  0x1904, 0x1904, 0x1904, 0x1904, 0x1904, 0x1904, 0x1904, 0x1904, 0x1904, 0x1904, 0x1904, 0x1904,
  0x1904, 0x1904, 0x1904, 0x1904, 0x1904, 0x1904, 0x1904, 0x10C3, 0x10E4, 0x1904, 0x18E4, 0x18E4,
  0x1904, 0x18E4, 0x18E4, 0x18E4, 0x18E4, 0x18E4, 0x18E4, 0x18E4, 0x18E4, 0x18E4, 0x18E4, 0x18E4,
  0x18E4, 0x18E4, 0x1904, 0x18E4, 0x1904, 0x18E4, 0x18E4, 0x18E4, 0x18E4, 0x18E4, 0x18E4, 0x18E4,
  0x18E4, 0x18E4, 0x18E4, 0x18E4, 0x18E4, 0x18E4, 0x1904, 0x18E4, 0x18E4, 0x10E3, 0x10A3, 0x1904,
  0x18E4, 0x1904, 0x1904, 0x1904, 0x18E4, 0x18E4, 0x18E4, 0x18E4, 0x18E4, 0x18E4, 0x18E4, 0x18E4,
  0x18E4, 0x18E4, 0x18E4, 0x18E4, 0x1904, 0x18E4, 0x18E4, 0x18E4, 0x18E4, 0x18E4, 0x18E4, 0x18E4,
  0x18E4, 0x18E4, 0x18E4, 0x18E4, 0x18E4, 0x18E4, 0x18E4, 0x18E4, 0x18E4, 0x18E4, 0x1904, 0x1082,
  0x0020, 0x10C3, 0x1904, 0x1904, 0x1904, 0x1904, 0x1904, 0x1904, 0x1904, 0x1904, 0x18E4, 0x18E4,
  0x18E4, 0x1904, 0x1904, 0x1904, 0x18E4, 0x1904, 0x1904, 0x1904, 0x1904, 0x1904, 0x1904, 0x1904,
  0x1904, 0x1904, 0x1904, 0x1904, 0x1904, 0x1904, 0x1904, 0x1904, 0x18E4, 0x18E4, 0x18E4, 0x1904,
  0x10C3, 0x0020, 0x0000, 0x0020, 0x10A2, 0x10C3, 0x10C4, 0x10C3, 0x10E3, 0x10E3, 0x10E3, 0x10C3,
  0x10C3, 0x10C3, 0x10C3, 0x10C3, 0x10E3, 0x10E3, 0x10C3, 0x10E3, 0x10C3, 0x10C3, 0x10C3, 0x10E3,
  0x10E3, 0x10E3, 0x10C3, 0x10C3, 0x10E3, 0x10E3, 0x10E3, 0x10E3, 0x10C3, 0x10E3, 0x10C3, 0x10C3,
  0x10C3, 0x1082, 0x0000, 0x0000
};

const uint16_t UI_ICON_HISTORY_DATA[UI_ICON_PIXELS] PROGMEM = {
  0x0000, 0x0000, 0x1082, 0x10C3, 0x18C3, 0x10E3, 0x10C3, 0x10C3, 0x10C3, 0x10C3, 0x10E3, 0x18C3,
  0x18C3, 0x18E3, 0x10C3, 0x10C3, 0x10C3, 0x10E3, 0x10C3, 0x18C3, 0x10E3, 0x10E3, 0x10C3, 0x10C3,
  0x10C3, 0x18C3, 0x10C3, 0x10C3, 0x10C3, 0x10C3, 0x18C3, 0x10C3, 0x18C3, 0x10C3, 0x10C3, 0x1082,
  0x0020, 0x0000, 0x0000, 0x10C3, 0x1904, 0x18E4, 0x18E4, 0x18E4, 0x18E4, 0x18E4, 0x18E4, 0x18E4,
  0x18E4, 0x1904, 0x18E4, 0x18E4, 0x18E4, 0x18E4, 0x18E4, 0x18E4, 0x18E4, 0x18E4, 0x18E4, 0x18E4,
  0x18E4, 0x18E4, 0x18E4, 0x18E4, 0x1904, 0x1904, 0x1904, 0x18E4, 0x18E4, 0x18E4, 0x18E4, 0x18E4,
  0x18E4, 0x1904, 0x10E3, 0x0020, 0x10A2, 0x1904, 0x18E4, 0x18E4, 0x18E4, 0x18E4, 0x18E4, 0x18E4,
  0x18E4, 0x18E4, 0x18E4, 0x18E4, 0x18E4, 0x18E4, 0x18E4, 0x18E4, 0x18E4, 0x18E4, 0x18E4, 0x18E4,
  0x18E4, 0x18E4, 0x18E4, 0x18E4, 0x18E4, 0x18E4, 0x18E4, 0x18E4, 0x18E4, 0x18E4, 0x18E4, 0x18E4,
  0x18E4, 0x18E4, 0x18E4, 0x18E4, 0x1904, 0x10A3, 0x10C3, 0x18E4, 0x18E4, 0x18E4, 0x1904, 0x1904,
  0x18E4, 0x18E4, 0x18E4, 0x18E4, 0x18E4, 0x18E4, 0x18E4, 0x18E4, 0x18E4, 0x18E4, 0x18E4, 0x18E4,
  0x18E4, 0x18E4, 0x18E4, 0x18E4, 0x18E4, 0x18E4, 0x18E4, 0x18E4, 0x18E4, 0x18E4, 0x18E4, 0x18E4,
  0x18E4, 0x18E4, 0x18E4, 0x1904, 0x18E4, 0x1904, 0x1904, 0x18E4, 0x10E3, 0x18E4, 0x18E4, 0x18E4,
  0x18E4, 0x18E4, 0x1904, 0x1904, 0x18E4, 0x18E4, 0x18E4, 0x18E4, 0x18E4, 0x18E4, 0x18E4, 0x1904,
  0x1904, 0x1904, 0x1904, 0x1904, 0x1904, 0x1904, 0x1904, 0x18E4, 0x18E4, 0x18E4, 0x18E4, 0x18E4,
  0x18E4, 0x18E4, 0x18E4, 0x18E4, 0x18E4, 0x18E4, 0x18E4, 0x18E4, 0x1904, 0x18E3, 0x18E3, 0x18E4,
  0x18E4, 0x18E4, 0x18E4, 0x18E4, 0x1904, 0x1904, 0x18E4, 0x18E4, 0x18E4, 0x18E4, 0x18E4, 0x1904,
  0x1904, 0x10C3, 0x0882, 0x0862, 0x0882, 0x0882, 0x0862, 0x0882, 0x10A3, 0x18E4, 0x1904, 0x18E4,
  0x18E4, 0x18E4, 0x18E4, 0x18E4, 0x18E4, 0x18E4, 0x18E4, 0x1904, 0x18E4, 0x18E4, 0x18E4, 0x18E4,
  0x18C3, 0x18E4, 0x18E4, 0x18E4, 0x18E4, 0x18E4, 0x18E4, 0x1904, 0x18E4, 0x18E4, 0x18E4, 0x1904,
  0x1904, 0x08A3, 0x0882, 0x31A7, 0x5B0C, 0x8451, 0x9CF4, 0xA534, 0x94B2, 0x738E, 0x4249, 0x18E4,
  0x0882, 0x18E4, 0x1904, 0x18E4, 0x18E4, 0x18E4, 0x18E4, 0x18E4, 0x1904, 0x18E4, 0x18E4, 0x18E4,
  0x1904, 0x18E4, 0x10C3, 0x18E4, 0x18E4, 0x18E4, 0x18E4, 0x18E4, 0x18E4, 0x18E4, 0x18E4, 0x18E4,
  0x1904, 0x10C3, 0x0882, 0x528A, 0xAD76, 0xE73D, 0xFFFF, 0xFFFF, 0xFFFF, 0xFFFF, 0xFFFF, 0xFFFF,
  0xF7BF, 0xD69A, 0x8431, 0x2145, 0x0882, 0x1904, 0x18E4, 0x18E4, 0x18E4, 0x18E4, 0x18E4, 0x18E4,
  0x1904, 0x18E4, 0x1904, 0x18E4, 0x10C3, 0x18E4, 0x18E4, 0x18E4, 0x18E4, 0x18E4, 0x18E4, 0x18E4,
  0x18E4, 0x1904, 0x10A3, 0x2125, 0xA534, 0xFFDF, 0xFFFF, 0xFFFF, 0xE71C, 0xBDF8, 0xAD55, 0xA514,
  0xAD76, 0xCE7A, 0xFFDF, 0xFFFF, 0xFFFF, 0xD6DB, 0x5ACB, 0x0882, 0x1904, 0x18E4, 0x18E4, 0x18E4,
  0x1904, 0x1904, 0x1904, 0x18E4, 0x1904, 0x18E4, 0x10E3, 0x18E4, 0x18E4, 0x18E4, 0x18E4, 0x18E4,
  0x18E4, 0x18E4, 0x1904, 0x10A3, 0x31A7, 0xD6BA, 0xFFFF, 0xFFFF, 0xBDF8, 0x634D, 0x29A7, 0x10C3,
  0x10A3, 0x10A3, 0x0882, 0x1904, 0x4249, 0x94B3, 0xE73D, 0xFFFF, 0xFFDF, 0x7C10, 0x0882, 0x1904,
  0x18E4, 0x1904, 0x18E4, 0x1904, 0x1904, 0x18E4, 0x1904, 0x18E4, 0x18E3, 0x18E4, 0x18E4, 0x1904,
  0x1904, 0x1904, 0x18E4, 0x1904, 0x10C3, 0x2966, 0xDEDB, 0xFFFF, 0xF77E, 0x7BEF, 0x10C3, 0x08A3,
  0x18E4, 0x1925, 0x10C3, 0x10C3, 0x2125, 0x1904, 0x10C3, 0x0862, 0x39E7, 0xC638, 0xFFFF, 0xFFFF,
  0x7C10, 0x0882, 0x1904, 0x18E4, 0x18E4, 0x1904, 0x1904, 0x18E4, 0x1904, 0x18E4, 0x18E3, 0x18E4,
  0x18E4, 0x1904, 0x1904, 0x18E4, 0x18E4, 0x18E4, 0x10C3, 0xBE18, 0xFFFF, 0xEF5D, 0x4A8A, 0x0882,
  0x1905, 0x2125, 0x1924, 0x10C3, 0x4A8A, 0x4A8A, 0x10C3, 0x1904, 0x1904, 0x1925, 0x10C3, 0x1904,
  0xB596, 0xFFFF, 0xFFDF, 0x4A8A, 0x10A3, 0x1904, 0x18E4, 0x18E4, 0x18E4, 0x1904, 0x1904, 0x18E4,
  0x10C3, 0x18E4, 0x18E4, 0x18E4, 0x18E4, 0x18E4, 0x1904, 0x0882, 0x73AF, 0xFFFF, 0xF7BE, 0x5AEC,
  0x0862, 0x2125, 0x1904, 0x1904, 0x18E4, 0x29A7, 0xF79E, 0xEF7E, 0x2986, 0x18E4, 0x1904, 0x1904,
  0x2125, 0x10E4, 0x1904, 0xD69A, 0xFFFF, 0xCE7A, 0x18E4, 0x18E4, 0x18E4, 0x18E4, 0x1904, 0x1904,
  0x1904, 0x18E4, 0x10C3, 0x18E4, 0x1904, 0x1904, 0x1904, 0x1904, 0x1904, 0x2145, 0xDEDB, 0xFFFF,
  0x9D14, 0x08A3, 0x2125, 0x1904, 0x18E4, 0x1904, 0x10C3, 0x4228, 0xF79E, 0xEF7E, 0x39E8, 0x10C3,
  0x1904, 0x1904, 0x1904, 0x1924, 0x10A3, 0x4A8A, 0xF79E, 0xFFFF, 0x632D, 0x0882, 0x1904, 0x18E4,
  0x18E4, 0x18E4, 0x1904, 0x18E4, 0x10C3, 0x18E4, 0x18E4, 0x1904, 0x18E4, 0x08A3, 0x0000, 0x634D,
  0xFFFF, 0xE71C, 0x2986, 0x18E4, 0x1904, 0x1904, 0x18E4, 0x1904, 0x10C3, 0x39E8, 0xF79E, 0xEF7E,
  0x31C7, 0x10C3, 0x1904, 0x1904, 0x1904, 0x1904, 0x2125, 0x08A3, 0xB596, 0xFFFF, 0xB5B6, 0x10A3,
  0x1904, 0x18E4, 0x18E4, 0x18E4, 0x1904, 0x18E4, 0x10C3, 0x18E4, 0x18E4, 0x18E4, 0x1904, 0x7BF0,
  0x7BF0, 0xC638, 0xFFFF, 0xBDD7, 0x2145, 0x1904, 0x1904, 0x1904, 0x1904, 0x18E4, 0x10C3, 0x39E8,
  0xF79E, 0xEF7E, 0x31C7, 0x10C3, 0x1904, 0x1904, 0x1904, 0x18E4, 0x1904, 0x0882, 0x5B0C, 0xFFFF,
  0xE73C, 0x2986, 0x10C3, 0x1904, 0x18E4, 0x18E4, 0x1904, 0x18E4, 0x10C3, 0x18E4, 0x1904, 0x10C3,
  0x2986, 0xFFDF, 0xFFFF, 0xFFBF, 0xF7BE, 0xEF7E, 0xFFBF, 0x7BF0, 0x08A3, 0x1925, 0x1904, 0x1904,
  0x10C3, 0x39E8, 0xF79E, 0xEF7E, 0x39E8, 0x10C3, 0x1904, 0x1904, 0x1904, 0x18E4, 0x18E4, 0x10C3,
  0x39E7, 0xEF7E, 0xFFFF, 0x4A8A, 0x10A3, 0x1904, 0x18E4, 0x18E4, 0x1904, 0x18E4, 0x10C3, 0x18E4,
  0x18E4, 0x1904, 0x0882, 0x9CD3, 0xFFFF, 0xEF7E, 0xF79E, 0xF7BE, 0xF7BE, 0x52AB, 0x10C3, 0x1904,
  0x1904, 0x1904, 0x10C3, 0x39E8, 0xF79E, 0xEF7E, 0x31A7, 0x18E4, 0x1904, 0x1904, 0x1904, 0x1904,
  0x18E4, 0x1904, 0x2145, 0xD6BB, 0xFFFF, 0x632D, 0x0882, 0x1904, 0x18E4, 0x18E4, 0x18E4, 0x18E4,
  0x10C3, 0x18E4, 0x18E4, 0x1904, 0x10C3, 0x2966, 0xE71C, 0xF7BE, 0xF79E, 0xFFFF, 0x6B6E, 0x0862,
  0x1925, 0x1904, 0x1904, 0x1904, 0x10C3, 0x3A08, 0xF7BE, 0xF7BE, 0x52CB, 0x0041, 0x2125, 0x1904,
  0x1904, 0x1904, 0x18E4, 0x1904, 0x2125, 0xD6BA, 0xFFFF, 0x6B6E, 0x0882, 0x1904, 0x18E4, 0x18E4,
  0x18E4, 0x18E3, 0x10C3, 0x18E4, 0x18E4, 0x18E4, 0x1904, 0x0882, 0x7BD0, 0xFFFF, 0xFFFF, 0x8C92,
  0x08A3, 0x1925, 0x1904, 0x1904, 0x1904, 0x18E4, 0x18E4, 0x2966, 0xDEFC, 0xFFFF, 0xEF5D, 0x73AF,
  0x0882, 0x18E4, 0x1904, 0x1904, 0x1904, 0x1904, 0x2145, 0xDEDB, 0xFFFF, 0x5B0C, 0x0882, 0x1904,
  0x18E4, 0x18E4, 0x18E4, 0x18E4, 0x10C3, 0x18E4, 0x18E4, 0x18E4, 0x18E4, 0x18E4, 0x1904, 0xB5D7,
  0x9D14, 0x10A3, 0x1904, 0x1904, 0x1904, 0x1904, 0x1904, 0x18E4, 0x1904, 0x10E4, 0x31C7, 0xCE59,
  0xFFFF, 0xFFFF, 0x9CD3, 0x1904, 0x1904, 0x1904, 0x1904, 0x10E3, 0x31E7, 0xEF5D, 0xFFDF, 0x4A6A,
  0x10A3, 0x1904, 0x1904, 0x18E4, 0x18E4, 0x18E4, 0x10C3, 0x18E4, 0x18E4, 0x18E4, 0x18E4, 0x1904,
  0x18E4, 0x10C3, 0x10C3, 0x1904, 0x1925, 0x1904, 0x1904, 0x1904, 0x1904, 0x1904, 0x1904, 0x1904,
  0x10C3, 0x2125, 0x9D14, 0xFFDF, 0xFFFF, 0x9492, 0x0862, 0x1924, 0x1924, 0x0882, 0x6B6E, 0xFFFF,
  0xE71C, 0x2986, 0x18E4, 0x1904, 0x18E4, 0x18E4, 0x18E4, 0x18E4, 0x10C3, 0x18E4, 0x18E4, 0x18E4,
  0x18E4, 0x18E4, 0x1904, 0x1904, 0x1904, 0x10A3, 0x10A3, 0x1904, 0x1904, 0x1904, 0x1904, 0x1904,
  0x1904, 0x18E4, 0x1904, 0x1904, 0x0882, 0x73AE, 0xCE7A, 0x5B0C, 0x10A3, 0x1904, 0x1925, 0x08A2,
  0xB5B7, 0xFFFF, 0xB596, 0x10A3, 0x1904, 0x1904, 0x18E4, 0x18E4, 0x18E4, 0x18E4, 0x10C3, 0x18E4,
  0x18E4, 0x18E4, 0x18E4, 0x18E4, 0x1904, 0x1904, 0x10E4, 0x5AEC, 0x4A8A, 0x10A3, 0x1925, 0x1904,
  0x1904, 0x1904, 0x1904, 0x1904, 0x18E4, 0x18E4, 0x1904, 0x10C3, 0x10E4, 0x10E4, 0x1904, 0x1925,
  0x08A3, 0x5AEC, 0xF7BE, 0xFFDF, 0x5B0C, 0x08A3, 0x1904, 0x1904, 0x18E4, 0x18E4, 0x18E4, 0x18E4,
  0x18C3, 0x18E4, 0x18E4, 0x18E4, 0x18E4, 0x18E4, 0x1904, 0x10C3, 0x39E8, 0xFFFF, 0xF7BE, 0x4229,
  0x0882, 0x2125, 0x1904, 0x1904, 0x1904, 0x1904, 0x18E4, 0x18E4, 0x18E4, 0x1904, 0x1904, 0x1904,
  0x2125, 0x10C3, 0x2125, 0xDEDB, 0xFFFF, 0xC618, 0x10E4, 0x1904, 0x1904, 0x18E4, 0x18E4, 0x18E4,
  0x18E4, 0x18E4, 0x10C3, 0x18E4, 0x18E4, 0x18E4, 0x18E4, 0x18E4, 0x1904, 0x18E4, 0x2125, 0xCE7A,
  0xFFFF, 0xD6DB, 0x31C7, 0x08A3, 0x2125, 0x1904, 0x1904, 0x1904, 0x1904, 0x18E4, 0x1904, 0x1904,
  0x1904, 0x1925, 0x10C3, 0x2145, 0xBE18, 0xFFFF, 0xF79E, 0x4249, 0x10C3, 0x1904, 0x1904, 0x18E4,
  0x18E4, 0x18E4, 0x1904, 0x18E4, 0x10C3, 0x18E4, 0x18E4, 0x18E4, 0x18E4, 0x18E4, 0x18E4, 0x1904,
  0x10A3, 0x4229, 0xEF5D, 0xFFFF, 0xDEFC, 0x4A6A, 0x0862, 0x10C3, 0x1904, 0x1925, 0x1925, 0x1925,
  0x1904, 0x1904, 0x10C3, 0x0882, 0x3A08, 0xCE9A, 0xFFFF, 0xFFFF, 0x738E, 0x0882, 0x1904, 0x18E4,
  0x1904, 0x1904, 0x18E4, 0x1904, 0x1904, 0x18E4, 0x18C3, 0x18E4, 0x18E4, 0x18E4, 0x18E4, 0x18E4,
  0x18E4, 0x18E4, 0x1925, 0x08A3, 0x52AB, 0xEF7D, 0xFFFF, 0xF79E, 0xA534, 0x4249, 0x10E4, 0x08A3,
  0x0882, 0x0882, 0x0882, 0x18E4, 0x3A08, 0x9CD3, 0xEF5D, 0xFFFF, 0xFFDF, 0x73CF, 0x0882, 0x1924,
  0x1904, 0x1904, 0x1904, 0x1904, 0x1904, 0x1904, 0x1904, 0x18E4, 0x10E3, 0x18E4, 0x18E4, 0x18E4,
  0x18E4, 0x18E4, 0x1904, 0x18E4, 0x18E4, 0x1924, 0x10A3, 0x3A08, 0xC639, 0xFFFF, 0xFFFF, 0xF79E,
  0xCE59, 0xA534, 0x8C72, 0x8451, 0x9D14, 0xC659, 0xEF7E, 0xFFFF, 0xFFFF, 0xDEFB, 0x5AEC, 0x0882,
  0x1924, 0x1904, 0x1904, 0x1904, 0x1904, 0x1904, 0x1904, 0x1904, 0x1904, 0x18E4, 0x10C3, 0x18E4,
  0x18E4, 0x18E4, 0x18E4, 0x18E4, 0x18E4, 0x18E4, 0x18E4, 0x18E4, 0x1904, 0x10A3, 0x18E4, 0x73AF,
  0xCE59, 0xFFDF, 0xFFFF, 0xFFFF, 0xFFFF, 0xFFFF, 0xFFFF, 0xFFFF, 0xFFFF, 0xDEDB, 0x8C71, 0x2145,
  0x10A3, 0x1904, 0x18E4, 0x1904, 0x1904, 0x1904, 0x1904, 0x1904, 0x1904, 0x1904, 0x1904, 0x18E4,
  0x18E3, 0x1904, 0x18E4, 0x18E4, 0x18E4, 0x18E4, 0x1904, 0x1904, 0x18E4, 0x18E4, 0x18E4, 0x18E4,
  0x18E4, 0x0882, 0x18E4, 0x4A8A, 0x7C10, 0xA514, 0xB5B7, 0xBDD7, 0xAD75, 0x8C72, 0x52CB, 0x2145,
  0x0882, 0x18E4, 0x1904, 0x18E4, 0x18E4, 0x1904, 0x1904, 0x1904, 0x1904, 0x1904, 0x1904, 0x1904,
  0x1904, 0x18E4, 0x18E3, 0x1904, 0x18E4, 0x18E4, 0x18E4, 0x18E4, 0x18E4, 0x18E4, 0x18E4, 0x18E4,
  0x18E4, 0x18E4, 0x18E4, 0x1904, 0x18E4, 0x10A3, 0x0882, 0x0882, 0x10C3, 0x10C3, 0x08A3, 0x0882,
  0x08A3, 0x18E4, 0x1925, 0x18E4, 0x18E4, 0x18E4, 0x1904, 0x1904, 0x1904, 0x1904, 0x1904, 0x1904,
  0x1904, 0x18E4, 0x1904, 0x18E4, 0x10E3, 0x18E4, 0x18E4, 0x18E4, 0x18E4, 0x18E4, 0x18E4, 0x18E4,
  0x18E4, 0x18E4, 0x18E4, 0x18E4, 0x18E3, 0x18E4, 0x18E4, 0x18E4, 0x1904, 0x1904, 0x1904, 0x1904,
  0x1904, 0x1904, 0x1904, 0x1904, 0x1904, 0x1904, 0x1904, 0x18E4, 0x1904, 0x1904, 0x1904, 0x1904,
  0x1904, 0x1904, 0x1904, 0x18E4, 0x18E4, 0x18E4, 0x18E3, 0x18E4, 0x18E4, 0x18E4, 0x18E4, 0x18E4,
  0x18E4, 0x1904, 0x1904, 0x18E4, 0x18E4, 0x18E4, 0x18E4, 0x18E4, 0x18E4, 0x18E3, 0x18E4, 0x18E4,
  0x18E4, 0x18E4, 0x18E4, 0x18E4, 0x18E4, 0x18E4, 0x18E4, 0x1904, 0x1904, 0x1904, 0x1904, 0x1904,
  0x1904, 0x1904, 0x1904, 0x1904, 0x18E4, 0x18E4, 0x18E4, 0x18E4, 0x10A2, 0x1904, 0x18E4, 0x18E4,
  0x18E4, 0x18E4, 0x1904, 0x18E4, 0x1904, 0x18E4, 0x18E4, 0x18E4, 0x18E4, 0x18E4, 0x18E4, 0x18E4,
  0x18E4, 0x18E4, 0x18E4, 0x18E4, 0x18E4, 0x18E4, 0x18E4, 0x18E4, 0x18E4, 0x18E4, 0x18E4, 0x18E4,
  0x1904, 0x1904, 0x18E4, 0x18E4, 0x18E4, 0x1904, 0x18E4, 0x18E4, 0x1904, 0x10A3, 0x0020, 0x10C3,
  0x1904, 0x1904, 0x1904, 0x1904, 0x1904, 0x1904, 0x1904, 0x1904, 0x1904, 0x1904, 0x18E4, 0x1904,
  0x1904, 0x1904, 0x18E4, 0x18E4, 0x18E4, 0x18E4, 0x18E4, 0x18E4, 0x1904, 0x1904, 0x1904, 0x1904,
  0x1904, 0x1904, 0x1904, 0x1904, 0x1904, 0x1904, 0x1904, 0x1904, 0x1904, 0x1904, 0x10C3, 0x0020,
  0x0000, 0x0000, 0x0882, 0x10C3, 0x10C3, 0x10C3, 0x10C3, 0x10C3, 0x10C3, 0x10E3, 0x10C3, 0x10C3,
  0x10C3, 0x10C3, 0x10C3, 0x10C3, 0x10C3, 0x10C3, 0x10C3, 0x10C3, 0x10C3, 0x10C3, 0x10C3, 0x10C3,
  0x10C3, 0x10C3, 0x10C3, 0x10C3, 0x10C3, 0x10C3, 0x10E3, 0x10C3, 0x10C3, 0x10C3, 0x10C3, 0x10A2,
  0x0000, 0x0000, 0x0000, 0x0000, 0x0000, 0x0000, 0x0000, 0x0000, 0x0000, 0x0000, 0x0000, 0x0000,
  0x0000, 0x0000, 0x0000, 0x0000, 0x0000, 0x0000, 0x0000, 0x0000, 0x0000, 0x0000, 0x0000, 0x0000,
  0x0000, 0x0000, 0x0000, 0x0000, 0x0000, 0x0000, 0x0000, 0x0000, 0x0000, 0x0000, 0x0000, 0x0000,
  0x0000, 0x0000, 0x0000, 0x0000
};

const uint16_t UI_ICON_SAVINGS_DATA[UI_ICON_PIXELS] PROGMEM = {
  0x0000, 0x0000, 0x0882, 0x10C3, 0x10C3, 0x10C3, 0x10C3, 0x10C3, 0x10C3, 0x10C3, 0x10C3, 0x10C3,
  0x10C3, 0x10C3, 0x10C3, 0x10C3, 0x10C3, 0x10C3, 0x10C3, 0x10C3, 0x10C3, 0x10C3, 0x10C3, 0x10C3,
  0x10C3, 0x10C3, 0x10C3, 0x10C3, 0x10C3, 0x10C3, 0x10C3, 0x10C3, 0x10C3, 0x10E3, 0x10C3, 0x10A2,
  0x0020, 0x0000, 0x0000, 0x10C3, 0x1904, 0x1904, 0x1904, 0x1904, 0x1904, 0x18E4, 0x18E4, 0x18E4,
  0x18E4, 0x18E4, 0x18E4, 0x18E4, 0x18E4, 0x18E4, 0x18E4, 0x18E4, 0x18E4, 0x18E4, 0x18E4, 0x18E4,
  0x1904, 0x1904, 0x1904, 0x1904, 0x1904, 0x1904, 0x1904, 0x1904, 0x1904, 0x1904, 0x1904, 0x1904,
  0x1904, 0x1904, 0x10E3, 0x0020, 0x0882, 0x1904, 0x18E4, 0x18E4, 0x18E4, 0x18E4, 0x18E4, 0x18E4,
  0x18E4, 0x18E4, 0x18E4, 0x18E4, 0x18E3, 0x18E4, 0x18E4, 0x18E4, 0x18E4, 0x18E4, 0x18E4, 0x18E4,
  0x18E4, 0x18E4, 0x18E4, 0x18E4, 0x18E4, 0x1904, 0x1904, 0x1904, 0x18E4, 0x18E4, 0x1904, 0x18E4,
  0x18E4, 0x1904, 0x18E4, 0x18E4, 0x1904, 0x10A3, 0x10C3, 0x1904, 0x1904, 0x18E4, 0x18E4, 0x18E4,
  0x18E4, 0x18E4, 0x18E4, 0x18E4, 0x18E4, 0x18E3, 0x18E3, 0x18E4, 0x18E4, 0x18E4, 0x18E4, 0x18E4,
  0x18E4, 0x18E4, 0x18E4, 0x18E4, 0x18E4, 0x18E4, 0x18E4, 0x18E4, 0x18E4, 0x1904, 0x1904, 0x1904,
  0x1904, 0x1904, 0x1904, 0x1904, 0x18E4, 0x18E4, 0x1904, 0x18E3, 0x10E4, 0x1904, 0x18E4, 0x18E4,
  0x18E4, 0x18E4, 0x18E4, 0x18E3, 0x18E3, 0x18E3, 0x18E3, 0x1903, 0x1903, 0x1903, 0x1903, 0x1904,
  0x1904, 0x1903, 0x1903, 0x1903, 0x18E3, 0x18E3, 0x18E3, 0x18E3, 0x18E3, 0x18E4, 0x18E4, 0x1904,
  0x1904, 0x1904, 0x1904, 0x1904, 0x1904, 0x18E4, 0x18E4, 0x18E4, 0x1904, 0x10E4, 0x10C3, 0x18E4,
  0x18E4, 0x18E4, 0x18E4, 0x18E4, 0x18E4, 0x18E3, 0x18E3, 0x1904, 0x18E4, 0x10A4, 0x0883, 0x08A3,
  0x08A3, 0x08A4, 0x08A4, 0x08A4, 0x0883, 0x10A3, 0x18E3, 0x1903, 0x18E3, 0x18E3, 0x18E3, 0x18E4,
  0x18E4, 0x1904, 0x1904, 0x1904, 0x1904, 0x1904, 0x18E4, 0x18E4, 0x18E4, 0x18E4, 0x1904, 0x10E4,
  0x18C3, 0x18E4, 0x18E4, 0x18E4, 0x18E4, 0x10E4, 0x18E4, 0x18E3, 0x10C3, 0x08A4, 0x2144, 0x4A25,
  0x7305, 0x93C6, 0xA426, 0xAC45, 0xA425, 0x93A5, 0x7305, 0x4A04, 0x2124, 0x0884, 0x10E4, 0x18E3,
  0x10E3, 0x10E4, 0x18E4, 0x1904, 0x18E4, 0x1904, 0x1904, 0x18E4, 0x18E4, 0x1904, 0x1904, 0x18E4,
  0x1904, 0x10E3, 0x18C3, 0x18E4, 0x18E4, 0x18E4, 0x18E3, 0x10E3, 0x18E3, 0x10A3, 0x39C4, 0xA425,
  0xE5A6, 0xFE26, 0xFE87, 0xFE67, 0xFE66, 0xFE66, 0xFE66, 0xFE67, 0xFE67, 0xFE47, 0xDD87, 0x93C5,
  0x2944, 0x10A3, 0x18E3, 0x18E3, 0x18E4, 0x1904, 0x18E4, 0x1904, 0x1904, 0x1904, 0x1904, 0x1904,
  0x18E4, 0x18E4, 0x18E4, 0x10E4, 0x10C3, 0x18E4, 0x18E4, 0x18E4, 0x18E3, 0x18E3, 0x10A3, 0x62A5,
  0xF626, 0xFE66, 0xFE26, 0xFE06, 0xF606, 0xF606, 0xF606, 0xF606, 0xF606, 0xF606, 0xF606, 0xFE06,
  0xFE26, 0xFE66, 0xE5A6, 0x41E4, 0x10C3, 0x18E3, 0x18E4, 0x18E4, 0x18E4, 0x1904, 0x1904, 0x18E4,
  0x1904, 0x1904, 0x1904, 0x18E4, 0x18E4, 0x10E4, 0x10E3, 0x1904, 0x18E4, 0x18E3, 0x18E3, 0x18E3,
  0x18E4, 0xDDA7, 0xFE46, 0xF5E6, 0xFE06, 0xFE06, 0xFE06, 0xFE06, 0xFE06, 0xFE06, 0xFE26, 0xFE26,
  0xFE26, 0xFE26, 0xFE06, 0xF5E6, 0xFE87, 0xBCA6, 0x10A4, 0x1904, 0x18E4, 0x18E3, 0x18E4, 0x18E4,
  0x18E4, 0x1904, 0x1904, 0x1904, 0x18E4, 0x1904, 0x1904, 0x10E4, 0x18C3, 0x18E4, 0x18E4, 0x18E3,
  0x18E3, 0x18E4, 0x10C3, 0xAC66, 0xFEA7, 0xFE27, 0xF5E6, 0xFE06, 0xFE06, 0xFE06, 0xFE06, 0xFE06,
  0xFE06, 0xFE06, 0xFE06, 0xF606, 0xF606, 0xFE26, 0xFEA7, 0x8385, 0x10A4, 0x1904, 0x18E4, 0x18E3,
  0x18E4, 0x18E4, 0x1904, 0x18E4, 0x1904, 0x1904, 0x1904, 0x1904, 0x1904, 0x18E3, 0x10E3, 0x18E4,
  0x18E4, 0x18E3, 0x18E3, 0x18E3, 0x18E3, 0x10C3, 0xA467, 0xFE47, 0xFE66, 0xFE46, 0xFE26, 0xFE27,
  0xFE06, 0xFE06, 0xFE06, 0xFE26, 0xFE26, 0xFE66, 0xFE87, 0xF606, 0x8365, 0x08C4, 0x18E4, 0x18E4,
  0x18E4, 0x18E4, 0x18E4, 0x1904, 0x1904, 0x18E4, 0x1904, 0x1904, 0x1904, 0x1904, 0x1904, 0x10E3,
  0x10E3, 0x18E4, 0x18E4, 0x18E3, 0x18E3, 0x18E3, 0x2144, 0x5A85, 0x10C4, 0x3184, 0x8365, 0xBCC6,
  0xE5A6, 0xF607, 0xFE27, 0xFE27, 0xFE27, 0xF5E7, 0xDD86, 0xB4A6, 0x7305, 0x18E3, 0x10C3, 0x6AE6,
  0x1904, 0x18E4, 0x18E3, 0x18E3, 0x18E3, 0x18E4, 0x18E4, 0x18E4, 0x18E4, 0x1904, 0x1904, 0x1904,
  0x1904, 0x10E4, 0x18C4, 0x18E4, 0x18E4, 0x18E3, 0x18E3, 0x18E3, 0x1904, 0xE5A7, 0xCD26, 0x5A64,
  0x2124, 0x08A3, 0x10E4, 0x2144, 0x3184, 0x3184, 0x2984, 0x2124, 0x10E4, 0x08A4, 0x2944, 0x8365,
  0xF626, 0xC506, 0x10C4, 0x2104, 0x1903, 0x18E3, 0x18E3, 0x18E3, 0x18E3, 0x18E4, 0x1904, 0x1904,
  0x1904, 0x1904, 0x1904, 0x18E4, 0x10C3, 0x18E4, 0x18E4, 0x18E3, 0x18E3, 0x18E3, 0x1903, 0xDD66,
  0xFE66, 0xFE67, 0xEDE7, 0xC4E6, 0x9C06, 0x8365, 0x6AE5, 0x6AC5, 0x6AE5, 0x7B45, 0xA406, 0xD566,
  0xFE68, 0xD587, 0x7B25, 0x2944, 0x0063, 0x08A4, 0x10A4, 0x10E4, 0x1904, 0x18E4, 0x18E3, 0x18E3,
  0x18E4, 0x1904, 0x1904, 0x1904, 0x1904, 0x10E4, 0x10C3, 0x1904, 0x18E4, 0x18E3, 0x18E3, 0x18E3,
  0x10C3, 0x9C26, 0xFEA7, 0xFE27, 0xFE26, 0xFE47, 0xFE67, 0xFE87, 0xFE67, 0xFE67, 0xFE67, 0xFE67,
  0xFEC7, 0xDD66, 0x4A25, 0x08A4, 0x3184, 0x6B06, 0x8365, 0x8365, 0x62E6, 0x3184, 0x08A4, 0x18E4,
  0x1904, 0x18E3, 0x18E4, 0x18E4, 0x1904, 0x1904, 0x1904, 0x18E4, 0x10E3, 0x18E4, 0x18E4, 0x18E4,
  0x18E3, 0x18E3, 0x1904, 0x10C4, 0x8365, 0xE5C7, 0xFE46, 0xFE87, 0xFE47, 0xFE47, 0xFE27, 0xFE27,
  0xFE27, 0xFE67, 0xA446, 0x0883, 0x4205, 0xC4E6, 0xFE67, 0xFF08, 0xFEE7, 0xFEE8, 0xFEC8, 0xEDE6,
  0xA426, 0x2964, 0x10C4, 0x1903, 0x18E3, 0x18E4, 0x1904, 0x1904, 0x1904, 0x18E4, 0x10E3, 0x18E4,
  0x18E4, 0x18E3, 0x18E3, 0x18E3, 0x2964, 0x8366, 0x18E4, 0x10C3, 0x5244, 0x93C6, 0xBCC6, 0xD566,
  0xE5A7, 0xE5C7, 0xE5C7, 0xA426, 0x08A4, 0x7325, 0xFE67, 0xFEA7, 0xEDE7, 0xAC66, 0x8345, 0x93C6,
  0xC4E6, 0xFE46, 0xFEC7, 0xE5C7, 0x41E4, 0x10A3, 0x1904, 0x18E3, 0x18E4, 0x1904, 0x1904, 0x18E4,
  0x10E3, 0x18E4, 0x18E4, 0x18E3, 0x18E3, 0x18E3, 0x1924, 0xE5A6, 0xE5A6, 0x8B85, 0x4205, 0x18E4,
  0x08A4, 0x10A3, 0x10C3, 0x18E4, 0x2144, 0x08A4, 0x6AE5, 0xFE87, 0xFE47, 0x93A5, 0x1904, 0x10C4,
  0x2103, 0x2144, 0x0883, 0x39A4, 0xCD27, 0xFE86, 0xE5A5, 0x3184, 0x10C4, 0x1904, 0x18E4, 0x1904,
  0x1904, 0x10E4, 0x18C3, 0x18E4, 0x18E3, 0x18E3, 0x18E3, 0x18E4, 0x18E3, 0xDD66, 0xFE66, 0xFE67,
  0xFE47, 0xE5A6, 0xCD27, 0xAC86, 0x93C5, 0x9C05, 0x4205, 0x2964, 0xEDE6, 0xFE66, 0x7B45, 0x0043,
  0x7305, 0xD567, 0xF606, 0xF5E7, 0xBCC6, 0x39C4, 0x10C4, 0xBCA5, 0xFEA6, 0xBCC6, 0x10E4, 0x1904,
  0x18E4, 0x1904, 0x1904, 0x10E3, 0x10C3, 0x18E4, 0x18E3, 0x18E3, 0x18E3, 0x1903, 0x10C4, 0x8366,
  0xFEA7, 0xFE26, 0xFE06, 0xFE27, 0xFE46, 0xFE47, 0xFE87, 0xFE06, 0x2964, 0x8B86, 0xFEC7, 0xB485,
  0x0084, 0x9C06, 0xFEA7, 0xFE46, 0xFE26, 0xFE27, 0xFE67, 0xFE47, 0x41E4, 0x2123, 0xEE07, 0xFE67,
  0x4A25, 0x10C4, 0x1904, 0x1904, 0x1904, 0x10E4, 0x18C3, 0x18E4, 0x18E3, 0x18E3, 0x18E3, 0x18E3,
  0x2104, 0x10C4, 0x5A85, 0xC506, 0xFE26, 0xFE87, 0xFE67, 0xFE46, 0xFEA7, 0xBCC6, 0x0883, 0xD526,
  0xFEA7, 0x4A04, 0x39C4, 0xFE67, 0xFE06, 0xF606, 0xFE06, 0xFE07, 0xF607, 0xFE46, 0xD545, 0x10A4,
  0xA446, 0xFEC7, 0x8365, 0x0884, 0x1904, 0x1904, 0x1904, 0x10E4, 0x10E4, 0x1904, 0x18E4, 0x18E3,
  0x18E3, 0x18C3, 0x2964, 0xA426, 0x3164, 0x0883, 0x3184, 0x62A4, 0x93E6, 0xB486, 0xC506, 0x7B25,
  0x2144, 0xF5E6, 0xF5E6, 0x2144, 0x93C6, 0xFE87, 0xF606, 0xFE06, 0xFE26, 0xFE06, 0xFE06, 0xFE06,
  0xFE47, 0x41E5, 0x62C5, 0xFEA6, 0xB465, 0x10C4, 0x1904, 0x1904, 0x18E4, 0x10E3, 0x18E4, 0x1904,
  0x18E3, 0x18E3, 0x18E4, 0x18E3, 0x2124, 0xE5A6, 0xFE06, 0xB4A6, 0x62A5, 0x2964, 0x1904, 0x10C4,
  0x0863, 0x0883, 0x39E5, 0xFE27, 0xE586, 0x1904, 0xAC66, 0xFE66, 0xF606, 0xFE06, 0xFE06, 0xFE06,
  0xFE06, 0xFE06, 0xFE47, 0x4A25, 0x4A24, 0xFEA6, 0xBCC6, 0x10E4, 0x1904, 0x18E4, 0x18E4, 0x10E3,
  0x18C4, 0x1904, 0x18E4, 0x10E3, 0x18E3, 0x18E4, 0x10E3, 0xD546, 0xFE87, 0xFE46, 0xFE67, 0xFE27,
  0xE5A7, 0xCD06, 0xC506, 0x6AE5, 0x2144, 0xF607, 0xF607, 0x1903, 0x8365, 0xFE86, 0xF606, 0xFE06,
  0xFE06, 0xFE06, 0xFE06, 0xFE06, 0xFE06, 0x2943, 0x6AC5, 0xFEC7, 0xAC66, 0x10C4, 0x1904, 0x1904,
  0x18E4, 0x10C3, 0x18C4, 0x1904, 0x18E4, 0x18E4, 0x18E4, 0x1904, 0x10C3, 0x62C5, 0xF647, 0xFE46,
  0xFE26, 0xFE27, 0xFE06, 0xFE06, 0xFEA7, 0xC4E7, 0x10C4, 0xCD26, 0xFE86, 0x5244, 0x31A5, 0xFE67,
  0xFE26, 0xF5E6, 0xFE06, 0xFE06, 0xF5E6, 0xFE87, 0xBCC6, 0x0063, 0xB486, 0xFEC7, 0x7B45, 0x08A3,
  0x1904, 0x1904, 0x1904, 0x18E4, 0x18C4, 0x1904, 0x18E4, 0x18E4, 0x18E4, 0x18E4, 0x18E4, 0x10C3,
  0x41C4, 0xAC66, 0xE5C7, 0xFE46, 0xFE67, 0xFE67, 0xFE67, 0xFE27, 0x2944, 0x7B24, 0xFEA6, 0xCD47,
  0x08C4, 0x7325, 0xFE67, 0xFE66, 0xFE46, 0xFE47, 0xFEA7, 0xDDA7, 0x2144, 0x4A04, 0xF626, 0xF607,
  0x39A4, 0x10C3, 0x18E4, 0x18E4, 0x1904, 0x18E4, 0x10E3, 0x1904, 0x18E4, 0x18E4, 0x18E4, 0x18E4,
  0x18E4, 0x1904, 0x10C3, 0x10C4, 0x2944, 0x5224, 0x7B45, 0x93E6, 0xA405, 0xAC45, 0x41E4, 0x2104,
  0xE5C7, 0xFEA7, 0x9BE5, 0x0084, 0x41E4, 0xAC86, 0xD546, 0xCD06, 0x8BA6, 0x10C4, 0x31A4, 0xDDA7,
  0xFEC7, 0x9BE6, 0x08A3, 0x18E3, 0x18E3, 0x1904, 0x1904, 0x18E4, 0x10E4, 0x1904, 0x18E4, 0x18E4,
  0x10E4, 0x10E4, 0x10E4, 0x18E4, 0x1904, 0x1903, 0x10C3, 0x10A3, 0x08A3, 0x08A3, 0x08A3, 0x0883,
  0x18E3, 0x10E4, 0x5A85, 0xFE26, 0xFE66, 0xBCC7, 0x39C4, 0x10C4, 0x10E4, 0x08A3, 0x1904, 0x6AE5,
  0xEDA6, 0xFEC7, 0xCD26, 0x2124, 0x18E3, 0x18E3, 0x18E4, 0x1904, 0x1904, 0x18E4, 0x18E4, 0x1904,
  0x18E4, 0x18E4, 0x18E4, 0x18E4, 0x10E4, 0x10E4, 0x10E4, 0x18E3, 0x18E3, 0x18E3, 0x18E3, 0x18E3,
  0x18E3, 0x1903, 0x18E4, 0x1904, 0x10A3, 0x5A65, 0xEE07, 0xFEE7, 0xFE46, 0xD566, 0xBCC6, 0xBCA5,
  0xEDC6, 0xFEA7, 0xFE86, 0xBCC5, 0x2964, 0x10E4, 0x1904, 0x18E4, 0x18E4, 0x18E4, 0x1904, 0x18E4,
  0x18C4, 0x1904, 0x1904, 0x18E4, 0x18E4, 0x1904, 0x18E4, 0x10E3, 0x10E3, 0x10E3, 0x10E3, 0x10E3,
  0x10E3, 0x10E3, 0x10E3, 0x18E4, 0x18E3, 0x18E4, 0x1904, 0x10A3, 0x39C5, 0xA446, 0xEDE7, 0xFE87,
  0xFEA7, 0xFE87, 0xFE26, 0xD567, 0x7325, 0x18E3, 0x10C4, 0x1904, 0x18E4, 0x18E4, 0x18E4, 0x18E4,
  0x1904, 0x18E3, 0x10E3, 0x1904, 0x1904, 0x1904, 0x18E4, 0x1904, 0x18E4, 0x18E4, 0x18E4, 0x18E4,
  0x18E4, 0x18E4, 0x18E4, 0x18E3, 0x18E4, 0x18E4, 0x18E4, 0x18E4, 0x18E3, 0x1903, 0x10C3, 0x08A4,
  0x3164, 0x5244, 0x62C5, 0x62A5, 0x41E4, 0x1904, 0x08A3, 0x18E4, 0x18E4, 0x18E4, 0x18E4, 0x18E4,
  0x18E4, 0x1904, 0x1904, 0x18E3, 0x10E3, 0x1904, 0x18E4, 0x1904, 0x18E4, 0x18E4, 0x1904, 0x1904,
  0x18E4, 0x18E4, 0x18E4, 0x18E4, 0x18E4, 0x18E4, 0x18E4, 0x18E4, 0x18E4, 0x18E4, 0x18E4, 0x18E3,
  0x18E3, 0x1903, 0x10C3, 0x10A3, 0x08A3, 0x10A3, 0x10C3, 0x18E3, 0x1904, 0x18E4, 0x18E4, 0x18E4,
  0x18E4, 0x1904, 0x1904, 0x1904, 0x1904, 0x18E4, 0x10C3, 0x1904, 0x18E4, 0x18E4, 0x1904, 0x1904,
  0x1904, 0x1904, 0x1904, 0x1904, 0x18E4, 0x18E4, 0x1904, 0x18E4, 0x18E4, 0x1904, 0x18E4, 0x18E4,
  0x18E4, 0x18E4, 0x18E4, 0x18E3, 0x18E3, 0x18E3, 0x1904, 0x1904, 0x1904, 0x18E4, 0x18E4, 0x18E4,
  0x18E4, 0x18E4, 0x18E4, 0x1904, 0x1904, 0x1904, 0x1904, 0x18E4, 0x1082, 0x1904, 0x18E4, 0x18E4,
  0x18E4, 0x1904, 0x1904, 0x1904, 0x1904, 0x1904, 0x1904, 0x18E4, 0x18E4, 0x18E4, 0x18E4, 0x18E4,
  0x18E4, 0x18E4, 0x18E4, 0x18E4, 0x18E4, 0x18E4, 0x18E3, 0x18E4, 0x18E4, 0x18E4, 0x18E4, 0x18E4,
  0x18E4, 0x18E4, 0x18E4, 0x18E4, 0x18E4, 0x1904, 0x18E4, 0x18E4, 0x1904, 0x10A3, 0x0000, 0x10C3,
  0x1904, 0x1904, 0x1904, 0x1904, 0x1904, 0x1904, 0x1904, 0x1904, 0x1904, 0x1904, 0x1904, 0x1904,
  0x1904, 0x1904, 0x1904, 0x1904, 0x1904, 0x1904, 0x1904, 0x18E4, 0x18E4, 0x18E4, 0x18E4, 0x18E4,
  0x18E4, 0x18E4, 0x18E4, 0x1904, 0x1904, 0x1904, 0x1904, 0x1904, 0x1904, 0x1904, 0x10C3, 0x0020,
  0x0000, 0x0000, 0x0882, 0x10C3, 0x10C3, 0x10E3, 0x18E3, 0x10E3, 0x10E3, 0x10C3, 0x10C3, 0x10C3,
  0x10C3, 0x10E3, 0x10C3, 0x10C3, 0x10C3, 0x10C3, 0x10C3, 0x10C3, 0x10C3, 0x10C3, 0x10C3, 0x10C3,
  0x10C3, 0x10C3, 0x10C3, 0x10C3, 0x10C3, 0x10C3, 0x10C3, 0x10C3, 0x18E3, 0x10C3, 0x10C3, 0x0882,
  0x0000, 0x0000, 0x0000, 0x0000, 0x0000, 0x0000, 0x0000, 0x0000, 0x0000, 0x0000, 0x0000, 0x0000,
  0x0000, 0x0000, 0x0000, 0x0000, 0x0000, 0x0000, 0x0000, 0x0000, 0x0000, 0x0000, 0x0000, 0x0000,
  0x0000, 0x0000, 0x0000, 0x0000, 0x0000, 0x0000, 0x0000, 0x0000, 0x0000, 0x0000, 0x0000, 0x0000,
  0x0000, 0x0000, 0x0000, 0x0000
};

const uint16_t UI_ICON_FORECAST_DATA[UI_ICON_PIXELS] PROGMEM = {
  0x0000, 0x0000, 0x0882, 0x10C3, 0x10C3, 0x10C3, 0x10C3, 0x10C3, 0x10C3, 0x10C3, 0x10C3, 0x10C3,
  0x10C3, 0x10C3, 0x10C3, 0x10C3, 0x10C3, 0x10C3, 0x10C3, 0x10C3, 0x10C3, 0x10C3, 0x10C3, 0x10C3,
  0x10C3, 0x10C3, 0x10C3, 0x10C3, 0x10C3, 0x10C3, 0x10C3, 0x10C3, 0x10C3, 0x10C3, 0x10C3, 0x1082,
  0x0000, 0x0000, 0x0000, 0x10A3, 0x1904, 0x1904, 0x1904, 0x1904, 0x1904, 0x1904, 0x18E4, 0x18E4,
  0x1904, 0x1904, 0x18E4, 0x1904, 0x1904, 0x1904, 0x1904, 0x1904, 0x18E4, 0x18E4, 0x18E4, 0x18E4,
  0x18E4, 0x18E4, 0x18E4, 0x18E4, 0x18E4, 0x18E4, 0x18E4, 0x18E4, 0x18E4, 0x18E4, 0x1904, 0x1904,
  0x1904, 0x1904, 0x10C3, 0x0000, 0x0882, 0x1904, 0x18E4, 0x18E4, 0x18E4, 0x1904, 0x1904, 0x1904,
  0x1904, 0x18E4, 0x18E4, 0x18E4, 0x18E4, 0x18E4, 0x1904, 0x18E4, 0x18E4, 0x18E4, 0x18E4, 0x1904,
  0x1904, 0x18E4, 0x18E4, 0x18E4, 0x18E4, 0x18E4, 0x18E4, 0x18E4, 0x18E3, 0x18E3, 0x18E4, 0x18E4,
  0x18E4, 0x18E4, 0x18E4, 0x18E4, 0x1904, 0x10A2, 0x10C3, 0x1904, 0x18E4, 0x18E4, 0x1904, 0x18E4,
  0x18E4, 0x1904, 0x1904, 0x1904, 0x18E4, 0x1904, 0x18E4, 0x18E4, 0x18E4, 0x18E4, 0x18E4, 0x18E4,
  0x1904, 0x1904, 0x18E4, 0x1904, 0x18E4, 0x18E4, 0x18E4, 0x18E4, 0x18E4, 0x18E4, 0x18E4, 0x18E4,
  0x18E4, 0x18E4, 0x18E4, 0x18E4, 0x18E4, 0x18E4, 0x1904, 0x10E3, 0x10C3, 0x18E4, 0x18E4, 0x18E4,
  0x18E4, 0x1904, 0x1904, 0x18E4, 0x1904, 0x1904, 0x1904, 0x18E4, 0x18E4, 0x18E4, 0x18E4, 0x18E4,
  0x18E4, 0x18E4, 0x18E4, 0x1904, 0x1904, 0x1904, 0x1904, 0x1904, 0x1904, 0x1905, 0x1904, 0x18E4,
  0x18C3, 0x18E4, 0x18E4, 0x18E4, 0x18E4, 0x18E4, 0x1904, 0x18E4, 0x1904, 0x10C4, 0x10C3, 0x1904,
  0x18E4, 0x18E4, 0x18E4, 0x18E4, 0x18E4, 0x1904, 0x18E4, 0x1904, 0x1904, 0x1904, 0x1904, 0x18E4,
  0x1904, 0x18E4, 0x1904, 0x18E4, 0x18E4, 0x1904, 0x1904, 0x1904, 0x1904, 0x1904, 0x18C3, 0x18A2,
  0x18A3, 0x1925, 0x19A8, 0x1904, 0x18E4, 0x18E4, 0x18E4, 0x1904, 0x1904, 0x1904, 0x1904, 0x10E3,
  0x10C3, 0x1904, 0x18E4, 0x18E4, 0x18E4, 0x18E4, 0x1904, 0x1904, 0x1904, 0x1904, 0x1904, 0x1904,
  0x1904, 0x1904, 0x1904, 0x1904, 0x18E4, 0x1904, 0x18E4, 0x1904, 0x18E4, 0x1904, 0x18E4, 0x1904,
  0x1A0A, 0x1B30, 0x1C56, 0x1D5B, 0x263F, 0x1B50, 0x18A2, 0x1904, 0x18E4, 0x18E4, 0x1904, 0x18E4,
  0x1904, 0x10E3, 0x10C3, 0x1904, 0x18E4, 0x18E4, 0x18E4, 0x1904, 0x1904, 0x1904, 0x1904, 0x1904,
  0x1904, 0x1904, 0x1904, 0x1904, 0x1904, 0x1904, 0x18E4, 0x1904, 0x1904, 0x18E4, 0x1904, 0x18E4,
  0x1925, 0x253B, 0x263F, 0x263F, 0x263F, 0x25FF, 0x265F, 0x1BD3, 0x18A2, 0x1904, 0x18E4, 0x1904,
  0x1904, 0x18E4, 0x1904, 0x10E3, 0x10C3, 0x1904, 0x18E4, 0x1904, 0x18E4, 0x1904, 0x1904, 0x1904,
  0x1904, 0x1904, 0x1904, 0x1904, 0x1904, 0x1904, 0x1904, 0x1904, 0x1904, 0x1904, 0x1904, 0x1904,
  0x1904, 0x1904, 0x1904, 0x1BD4, 0x25DD, 0x25DE, 0x25DE, 0x25DE, 0x265F, 0x1B91, 0x18A2, 0x1904,
  0x18E4, 0x1904, 0x1904, 0x18E4, 0x1904, 0x10E3, 0x10C3, 0x1904, 0x18E4, 0x1904, 0x1904, 0x1904,
  0x1904, 0x1904, 0x1904, 0x1904, 0x1904, 0x1904, 0x1904, 0x1904, 0x1904, 0x1904, 0x1904, 0x1904,
  0x1904, 0x18E4, 0x1904, 0x1904, 0x1925, 0x1040, 0x1ACE, 0x261F, 0x25FF, 0x25DE, 0x265F, 0x1B71,
  0x18A2, 0x1904, 0x18E4, 0x1904, 0x1904, 0x18E4, 0x1904, 0x10E3, 0x10C3, 0x1904, 0x1904, 0x1904,
  0x1904, 0x1904, 0x1904, 0x1904, 0x1904, 0x1904, 0x1904, 0x1904, 0x1904, 0x1904, 0x1904, 0x1904,
  0x18E4, 0x1904, 0x18E4, 0x18E4, 0x1904, 0x1905, 0x1082, 0x1A2A, 0x259C, 0x261F, 0x25DE, 0x25FE,
  0x265F, 0x1B50, 0x18A2, 0x1905, 0x1904, 0x18E4, 0x1904, 0x18E4, 0x1904, 0x18C4, 0x10C3, 0x1904,
  0x1904, 0x1904, 0x1904, 0x1904, 0x1904, 0x1904, 0x18E4, 0x1904, 0x18E4, 0x1904, 0x1904, 0x1904,
  0x1904, 0x1904, 0x1904, 0x18E4, 0x1904, 0x1904, 0x1904, 0x18A2, 0x1AAD, 0x25DE, 0x265F, 0x259C,
  0x19A8, 0x1B71, 0x2EFF, 0x1AEE, 0x18A2, 0x1905, 0x1904, 0x1904, 0x1904, 0x18E4, 0x1904, 0x10C3,
  0x10C3, 0x1904, 0x1904, 0x1904, 0x1904, 0x1904, 0x1904, 0x1904, 0x1904, 0x1904, 0x1904, 0x1904,
  0x1904, 0x1904, 0x1904, 0x1904, 0x1904, 0x1904, 0x1905, 0x18C3, 0x18E4, 0x1BB2, 0x261F, 0x265F,
  0x253A, 0x19A7, 0x18A2, 0x1905, 0x22CD, 0x1946, 0x18E4, 0x1904, 0x1904, 0x1904, 0x1904, 0x1904,
  0x1904, 0x10C3, 0x10C3, 0x1904, 0x1904, 0x1904, 0x1904, 0x1904, 0x1904, 0x1904, 0x1904, 0x1904,
  0x18E4, 0x18E4, 0x18E4, 0x18E4, 0x1904, 0x1904, 0x1905, 0x18E4, 0x18A2, 0x19E9, 0x24F9, 0x265F,
  0x263F, 0x2476, 0x1925, 0x18C3, 0x1904, 0x18E4, 0x18A2, 0x1904, 0x1904, 0x1904, 0x1904, 0x1904,
  0x1904, 0x1904, 0x1904, 0x10C4, 0x10C3, 0x1904, 0x1904, 0x1904, 0x1904, 0x1904, 0x1904, 0x1904,
  0x1904, 0x18E4, 0x18E4, 0x18E4, 0x1904, 0x1904, 0x1904, 0x18E4, 0x18A2, 0x1946, 0x23B2, 0x25FE,
  0x267F, 0x25DE, 0x232F, 0x18C3, 0x18C3, 0x1104, 0x1925, 0x1925, 0x1905, 0x18E4, 0x18E4, 0x1904,
  0x1904, 0x1904, 0x1904, 0x1904, 0x1904, 0x10C4, 0x10C3, 0x1904, 0x1904, 0x1904, 0x1904, 0x1904,
  0x1904, 0x18E4, 0x18E4, 0x18E4, 0x1904, 0x1905, 0x1904, 0x18C3, 0x18A2, 0x1946, 0x1B30, 0x257C,
  0x267F, 0x263F, 0x24B7, 0x19C8, 0x18C3, 0x18C3, 0x1ACE, 0x1D5B, 0x253B, 0x1D3B, 0x1D7B, 0x1BB3,
  0x18C3, 0x1904, 0x1904, 0x1904, 0x1904, 0x1904, 0x1904, 0x10C4, 0x10C3, 0x1904, 0x18E4, 0x18E4,
  0x1904, 0x1904, 0x1904, 0x18E4, 0x1904, 0x18E4, 0x18C3, 0x18A2, 0x18C3, 0x19C8, 0x1BB3, 0x259C,
  0x267F, 0x265F, 0x251A, 0x1AAD, 0x18E3, 0x18C3, 0x1925, 0x18A2, 0x1C56, 0x265F, 0x1DFF, 0x1DFF,
  0x1E3F, 0x1D5C, 0x1905, 0x1904, 0x1904, 0x1904, 0x1904, 0x1904, 0x1904, 0x10C4, 0x10C3, 0x1904,
  0x18E4, 0x18E4, 0x18E4, 0x18E4, 0x18E4, 0x1904, 0x18C3, 0x1905, 0x19E9, 0x2350, 0x1CD8, 0x25FF,
  0x269F, 0x263F, 0x2519, 0x230F, 0x1925, 0x18C3, 0x1925, 0x1905, 0x1905, 0x18A3, 0x1C35, 0x263F,
  0x1DDE, 0x1DDE, 0x1DFF, 0x1D3A, 0x1925, 0x1904, 0x18E4, 0x1904, 0x1904, 0x18E4, 0x1904, 0x10C4,
  0x10C3, 0x1904, 0x18E4, 0x18E4, 0x18E4, 0x18E4, 0x18E4, 0x18C3, 0x1B0F, 0x257C, 0x25FF, 0x269F,
  0x267F, 0x2DBD, 0x2435, 0x1A4B, 0x18C3, 0x1861, 0x18A3, 0x18C3, 0x18A2, 0x18C3, 0x1925, 0x18A3,
  0x1C15, 0x1E3F, 0x1DDE, 0x1DDF, 0x1E1F, 0x255B, 0x1925, 0x1904, 0x18E4, 0x1904, 0x1904, 0x1904,
  0x1904, 0x10E3, 0x10C3, 0x1904, 0x18E4, 0x18E4, 0x18E4, 0x18E4, 0x18E4, 0x18A3, 0x2476, 0x265F,
  0x1D1B, 0x2435, 0x1AAD, 0x1966, 0x18C3, 0x1882, 0x1987, 0x1B0F, 0x1B0F, 0x1AEE, 0x1B2F, 0x1A09,
  0x18E4, 0x18A3, 0x1C35, 0x1E3F, 0x1DDE, 0x1DDF, 0x1DFF, 0x255B, 0x1925, 0x1904, 0x1904, 0x1904,
  0x1904, 0x1904, 0x1904, 0x10E3, 0x10C3, 0x1904, 0x18E4, 0x18E4, 0x18E4, 0x18E4, 0x18E4, 0x18E4,
  0x1945, 0x19C8, 0x1905, 0x18C3, 0x18A3, 0x18E4, 0x1925, 0x18C3, 0x2476, 0x267F, 0x1E1F, 0x263F,
  0x267F, 0x1D7C, 0x1925, 0x1082, 0x1C35, 0x263F, 0x1DDE, 0x1DDF, 0x1E1F, 0x255B, 0x1925, 0x1904,
  0x1904, 0x1904, 0x1904, 0x1904, 0x1904, 0x10E3, 0x10C3, 0x1904, 0x18E4, 0x18E4, 0x18E4, 0x18E4,
  0x18E4, 0x1904, 0x18E4, 0x10A3, 0x18E4, 0x1904, 0x1904, 0x1904, 0x1904, 0x18C3, 0x1C97, 0x1E1F,
  0x1DBE, 0x25DE, 0x25DF, 0x1D9D, 0x1966, 0x1082, 0x1C15, 0x263F, 0x25DE, 0x25DF, 0x1E1F, 0x1D3B,
  0x1905, 0x1904, 0x1904, 0x1904, 0x1904, 0x1904, 0x1904, 0x10E3, 0x10C3, 0x1904, 0x18E4, 0x18E4,
  0x18E4, 0x18E4, 0x18E4, 0x18E4, 0x18E3, 0x1946, 0x1966, 0x1946, 0x1925, 0x18C3, 0x1904, 0x18C3,
  0x1C97, 0x261F, 0x1DDE, 0x1DDE, 0x25FF, 0x1D9C, 0x1966, 0x18A2, 0x1C15, 0x263F, 0x25DE, 0x1DDF,
  0x1E1F, 0x255B, 0x1925, 0x1904, 0x1904, 0x1904, 0x1904, 0x1904, 0x1904, 0x10E3, 0x10C3, 0x1904,
  0x1904, 0x18E4, 0x18E4, 0x18E4, 0x1904, 0x18C3, 0x1B72, 0x25DD, 0x257C, 0x1D7C, 0x25BD, 0x23D3,
  0x18C3, 0x18C3, 0x1C97, 0x261F, 0x1DBE, 0x1DDE, 0x1DFF, 0x1D9D, 0x1966, 0x18A2, 0x1C35, 0x263F,
  0x1DDE, 0x1DDE, 0x1E1F, 0x255B, 0x1925, 0x1904, 0x1904, 0x1904, 0x1904, 0x1904, 0x1904, 0x10C3,
  0x10C3, 0x1904, 0x18E4, 0x18E4, 0x18E4, 0x18E4, 0x18E4, 0x10C3, 0x24F9, 0x265F, 0x1DFF, 0x1DFF,
  0x263F, 0x253B, 0x18E4, 0x18C3, 0x1C97, 0x1E1F, 0x1DBE, 0x1DDF, 0x1DFF, 0x1D9D, 0x1966, 0x18A2,
  0x2435, 0x263F, 0x1DDE, 0x1DFE, 0x1E1F, 0x1D5B, 0x1925, 0x1904, 0x18E4, 0x1904, 0x1904, 0x18E4,
  0x1904, 0x10C3, 0x10C3, 0x1904, 0x18E4, 0x18E4, 0x18E4, 0x18E4, 0x18E4, 0x10C3, 0x24D8, 0x263F,
  0x1DDE, 0x1DDE, 0x261F, 0x1CFA, 0x18E4, 0x18C3, 0x2497, 0x1E1F, 0x1DBE, 0x1DDF, 0x1DFF, 0x1D9D,
  0x1966, 0x18A2, 0x2435, 0x263F, 0x1DDE, 0x1DDE, 0x1E1F, 0x1D5B, 0x1925, 0x1904, 0x18E4, 0x1904,
  0x1904, 0x1904, 0x1904, 0x10C3, 0x10C3, 0x1904, 0x18E4, 0x18E4, 0x18E4, 0x18E4, 0x18E4, 0x10C3,
  0x24B8, 0x263F, 0x1DDE, 0x1DDE, 0x261F, 0x251A, 0x1904, 0x18C3, 0x2497, 0x1E1F, 0x1DBE, 0x1DDF,
  0x1DFF, 0x1D9C, 0x1966, 0x18A2, 0x1C35, 0x263F, 0x1DDE, 0x1DDE, 0x1E1F, 0x255B, 0x1925, 0x1904,
  0x18E4, 0x1904, 0x1904, 0x18E4, 0x1904, 0x10C3, 0x10C3, 0x1904, 0x18E4, 0x18E4, 0x18E4, 0x18E4,
  0x18E4, 0x10C3, 0x24B8, 0x263F, 0x25DE, 0x25DE, 0x261F, 0x251A, 0x1904, 0x18A3, 0x2497, 0x261F,
  0x1DBE, 0x1DDF, 0x1DFF, 0x1D9D, 0x1966, 0x18A2, 0x1C35, 0x263F, 0x25DE, 0x1DDE, 0x1E1F, 0x1D5B,
  0x1925, 0x18E4, 0x18E4, 0x1904, 0x1904, 0x1904, 0x1904, 0x10C3, 0x10C3, 0x1904, 0x18E4, 0x18E4,
  0x18E4, 0x18E4, 0x18E4, 0x18C3, 0x24D8, 0x263F, 0x25FE, 0x25FE, 0x261F, 0x1CFA, 0x18E4, 0x18A3,
  0x2497, 0x261F, 0x1DDE, 0x1DDE, 0x1DFF, 0x1D9C, 0x1966, 0x18A2, 0x1C15, 0x263F, 0x25DE, 0x1DDE,
  0x1E1F, 0x255B, 0x1925, 0x18E4, 0x18E4, 0x18E4, 0x1904, 0x18E4, 0x1904, 0x10E3, 0x10C3, 0x1904,
  0x18E4, 0x18E4, 0x18E4, 0x18E4, 0x18E4, 0x18C3, 0x24D8, 0x261F, 0x25DE, 0x25DE, 0x25FF, 0x251A,
  0x1904, 0x18C3, 0x1CB8, 0x261F, 0x1DDE, 0x1DDE, 0x25DF, 0x1D9C, 0x1966, 0x1082, 0x1C35, 0x263F,
  0x25DE, 0x25DE, 0x25FF, 0x1D5B, 0x1925, 0x18E4, 0x18E4, 0x18E4, 0x1904, 0x1904, 0x1904, 0x10C3,
  0x10C3, 0x1904, 0x18E4, 0x18E4, 0x18E4, 0x18E4, 0x10E4, 0x18A3, 0x2497, 0x269F, 0x263F, 0x263F,
  0x267F, 0x24F9, 0x1904, 0x18C3, 0x1C76, 0x267F, 0x261F, 0x263F, 0x265F, 0x257C, 0x1925, 0x1082,
  0x23F4, 0x269F, 0x263F, 0x263F, 0x267F, 0x251A, 0x1904, 0x18E4, 0x18E4, 0x1904, 0x1904, 0x1904,
  0x1904, 0x10C4, 0x10C3, 0x1904, 0x18E4, 0x1904, 0x18E4, 0x18E4, 0x10E4, 0x18C3, 0x1987, 0x1AEF,
  0x1ACE, 0x1ACE, 0x1B0F, 0x19A8, 0x18E3, 0x18E4, 0x1987, 0x1AEE, 0x1AEE, 0x1ACE, 0x1B0F, 0x19E9,
  0x18E4, 0x18E4, 0x1966, 0x1ACE, 0x1AEE, 0x1ACE, 0x1AEE, 0x19C8, 0x18E3, 0x18E4, 0x18E4, 0x1904,
  0x1904, 0x1904, 0x1904, 0x10C3, 0x10C3, 0x1904, 0x18E4, 0x1904, 0x1904, 0x18E4, 0x10E4, 0x10E4,
  0x10C3, 0x18A2, 0x18A2, 0x18A2, 0x18A2, 0x10C3, 0x1104, 0x1104, 0x10C3, 0x18A2, 0x18A2, 0x18A2,
  0x18A2, 0x18C3, 0x18E4, 0x18E4, 0x18C3, 0x18A2, 0x18A2, 0x18A2, 0x18A2, 0x10C3, 0x10E4, 0x18E4,
  0x18E4, 0x1904, 0x1904, 0x1904, 0x1904, 0x10E3, 0x10C3, 0x1904, 0x18E4, 0x1904, 0x1904, 0x18E4,
  0x18E4, 0x18E4, 0x10E4, 0x18E4, 0x18E4, 0x1104, 0x1104, 0x10E4, 0x10E4, 0x10E4, 0x10E4, 0x1904,
  0x1904, 0x1904, 0x1904, 0x18E4, 0x18E4, 0x10E4, 0x18E4, 0x1904, 0x1904, 0x1904, 0x1904, 0x10E4,
  0x10E4, 0x18E4, 0x18E4, 0x1904, 0x1904, 0x1904, 0x1904, 0x10E3, 0x0882, 0x1904, 0x18E4, 0x1904,
  0x1904, 0x18E4, 0x18E4, 0x18E4, 0x18E4, 0x18C4, 0x10E4, 0x10E4, 0x10E4, 0x10E4, 0x18E4, 0x18E4,
  0x18E4, 0x18E4, 0x18E4, 0x18E4, 0x18E4, 0x18E4, 0x18E4, 0x18E4, 0x18E4, 0x18E4, 0x18E4, 0x18E4,
  0x18E4, 0x18E4, 0x18E4, 0x18E4, 0x18E4, 0x1904, 0x1904, 0x18E4, 0x1904, 0x10A2, 0x0000, 0x10C3,
  0x1904, 0x1904, 0x1904, 0x1904, 0x1904, 0x1904, 0x18E4, 0x18E4, 0x18E4, 0x18E4, 0x18E4, 0x18E4,
  0x18E4, 0x18E4, 0x18E4, 0x18E4, 0x18E4, 0x18E4, 0x18E4, 0x18E4, 0x18E4, 0x18E4, 0x18E4, 0x18E4,
  0x18E4, 0x18E4, 0x18E4, 0x18E4, 0x18E4, 0x1904, 0x1904, 0x1904, 0x18E4, 0x1904, 0x10C3, 0x0000,
  0x0000, 0x0000, 0x0882, 0x10C3, 0x10E3, 0x10E3, 0x10E3, 0x10E3, 0x10C3, 0x10C3, 0x10C3, 0x10C3,
  0x10C3, 0x10C3, 0x10C3, 0x10C3, 0x10C3, 0x10C3, 0x10C3, 0x10C3, 0x10C3, 0x10C3, 0x10C3, 0x10C3,
  0x10C3, 0x10C3, 0x10C3, 0x10C3, 0x10C3, 0x10C3, 0x10C3, 0x10C3, 0x10C3, 0x10C3, 0x10C3, 0x0882,
  0x0000, 0x0000, 0x0000, 0x0000, 0x0000, 0x0000, 0x0000, 0x0000, 0x0000, 0x0000, 0x0000, 0x0000,
  0x0000, 0x0000, 0x0000, 0x0000, 0x0000, 0x0000, 0x0000, 0x0000, 0x0000, 0x0000, 0x0000, 0x0000,
  0x0000, 0x0000, 0x0000, 0x0000, 0x0000, 0x0000, 0x0000, 0x0000, 0x0000, 0x0000, 0x0000, 0x0000,
  0x0000, 0x0000, 0x0000, 0x0000
};

const uint16_t UI_ICON_SETTINGS_DATA[UI_ICON_PIXELS] PROGMEM = {
  0x0000, 0x0000, 0x0882, 0x10C3, 0x10C3, 0x10C3, 0x10C3, 0x10C3, 0x10C3, 0x10C3, 0x10C3, 0x10C3,
  0x10C3, 0x10C3, 0x10C3, 0x10C3, 0x10C3, 0x10C3, 0x10C3, 0x10C3, 0x10C3, 0x10C3, 0x10C3, 0x10C3,
  0x10C3, 0x10C3, 0x10C3, 0x10C3, 0x10C3, 0x10C3, 0x10C3, 0x10C3, 0x10C3, 0x10C3, 0x10C3, 0x0882,
  0x0000, 0x0000, 0x0020, 0x10C3, 0x1904, 0x1904, 0x1904, 0x1904, 0x1904, 0x18E4, 0x18E4, 0x1904,
  0x1904, 0x1904, 0x1904, 0x1904, 0x1904, 0x1904, 0x18E4, 0x18E4, 0x18E4, 0x18E4, 0x18E4, 0x18E4,
  0x18E4, 0x18E4, 0x1904, 0x1904, 0x1904, 0x1904, 0x1904, 0x1904, 0x18E4, 0x18E4, 0x1904, 0x18E4,
  0x18E4, 0x1904, 0x10C3, 0x0000, 0x10A2, 0x1904, 0x18E4, 0x18E4, 0x18E4, 0x18E4, 0x1904, 0x18E4,
  0x18E4, 0x18E4, 0x18E4, 0x1904, 0x1904, 0x18E4, 0x18E4, 0x18E4, 0x18E4, 0x18E4, 0x18E4, 0x18E4,
  0x18E4, 0x18E4, 0x18E4, 0x18E4, 0x1904, 0x1904, 0x1904, 0x1904, 0x18E4, 0x18E4, 0x18E4, 0x18E4,
  0x18E4, 0x18E4, 0x18E4, 0x18E4, 0x1904, 0x1082, 0x10C3, 0x18E4, 0x18E4, 0x1904, 0x18E4, 0x1904,
  0x1904, 0x1904, 0x1904, 0x1904, 0x18E4, 0x18E4, 0x1904, 0x18E4, 0x18E4, 0x18E4, 0x18E4, 0x18E4,
  0x1904, 0x18E4, 0x1904, 0x18E4, 0x18E4, 0x18E4, 0x1904, 0x1904, 0x1904, 0x1904, 0x18E4, 0x18E4,
  0x1904, 0x18E4, 0x1904, 0x18E4, 0x18E4, 0x18E4, 0x18E4, 0x10C3, 0x10E3, 0x18E4, 0x18E4, 0x18E4,
  0x18E4, 0x1904, 0x1904, 0x1904, 0x1904, 0x1904, 0x18E4, 0x18E4, 0x18E4, 0x18E4, 0x18E4, 0x18E4,
  0x18E4, 0x10C3, 0x10C3, 0x10C3, 0x10C3, 0x1904, 0x18E4, 0x18E4, 0x18E4, 0x18E4, 0x1904, 0x1904,
  0x1904, 0x18E4, 0x18E4, 0x18E4, 0x18E4, 0x18E4, 0x18E4, 0x18E4, 0x1904, 0x18E3, 0x10E3, 0x18E4,
  0x18E4, 0x1904, 0x18E4, 0x18E4, 0x1904, 0x1904, 0x18E4, 0x18E4, 0x18E4, 0x18E4, 0x18E4, 0x18E4,
  0x18E4, 0x1904, 0x10E3, 0x2966, 0x31A7, 0x31C7, 0x31A7, 0x10C3, 0x18E4, 0x18E4, 0x18E4, 0x18E4,
  0x18E4, 0x18E4, 0x18E4, 0x18E4, 0x18E4, 0x18E4, 0x1904, 0x1904, 0x18E4, 0x18E4, 0x1904, 0x18E3,
  0x10E3, 0x18E4, 0x18E4, 0x18E4, 0x1904, 0x18E4, 0x1904, 0x1904, 0x18E4, 0x18E4, 0x1904, 0x1904,
  0x1904, 0x18E4, 0x1904, 0x10A3, 0x4A69, 0xE73D, 0xEF5D, 0xEF5D, 0xF79E, 0x6B6D, 0x08A2, 0x1904,
  0x18E3, 0x1904, 0x1904, 0x1904, 0x18E4, 0x18E4, 0x1904, 0x18E4, 0x18E4, 0x18E4, 0x1904, 0x1904,
  0x18E4, 0x10C3, 0x10E3, 0x1904, 0x18E4, 0x1904, 0x18E4, 0x18E4, 0x1904, 0x1904, 0x18E4, 0x1904,
  0x18E4, 0x0882, 0x10C3, 0x1925, 0x1925, 0x0882, 0x7C10, 0xFFFF, 0xF79E, 0xF79E, 0xFFFF, 0xAD55,
  0x10A3, 0x2125, 0x1904, 0x10E4, 0x0882, 0x10C3, 0x1904, 0x18E4, 0x18E4, 0x18E4, 0x18E4, 0x18E4,
  0x18E4, 0x18E4, 0x18E4, 0x10C3, 0x10C3, 0x18E4, 0x18E4, 0x1904, 0x18E4, 0x18E4, 0x1904, 0x18E4,
  0x1904, 0x10C3, 0x1924, 0x7BEF, 0x4229, 0x0862, 0x10E4, 0x0020, 0x94B3, 0xFFFF, 0xF79E, 0xF79E,
  0xFFFF, 0xBE18, 0x0062, 0x10C3, 0x0882, 0x2986, 0x73CF, 0x31A7, 0x10A3, 0x1904, 0x18E4, 0x1904,
  0x18E4, 0x18E4, 0x18E4, 0x1904, 0x18E4, 0x10C3, 0x18C4, 0x18E4, 0x18E4, 0x1904, 0x18E4, 0x18E4,
  0x18E4, 0x1904, 0x10C3, 0x1904, 0xBDF7, 0xFFFF, 0xEF7D, 0x632D, 0x31C7, 0x94D3, 0xEF7D, 0xF7BE,
  0xF79E, 0xF79E, 0xF7BE, 0xF7BE, 0xA535, 0x4229, 0x4A6A, 0xD6BB, 0xFFFF, 0xDEFB, 0x31C7, 0x08A3,
  0x1904, 0x18E4, 0x18E4, 0x18E4, 0x18E4, 0x1904, 0x18E4, 0x10C3, 0x18E3, 0x18E4, 0x18E4, 0x18E4,
  0x18E4, 0x18E4, 0x1904, 0x18E4, 0x2125, 0xBDF8, 0xFFFF, 0xEF7E, 0xFFBF, 0xFFFF, 0xF79E, 0xFFFF,
  0xF7BF, 0xF7BE, 0xF79E, 0xF79E, 0xF79E, 0xF79E, 0xFFFF, 0xF7BE, 0xF7BF, 0xFFDF, 0xEF7E, 0xFFFF,
  0xDEFB, 0x39E7, 0x10C3, 0x1904, 0x18E4, 0x1904, 0x1904, 0x1904, 0x1904, 0x10C3, 0x18E3, 0x1904,
  0x18E4, 0x18E4, 0x18E4, 0x18E4, 0x1904, 0x0882, 0x632D, 0xFFFF, 0xEF7E, 0xF7BE, 0xF79E, 0xF79E,
  0xF7BE, 0xEF7E, 0xF79E, 0xF79E, 0xF79E, 0xF79E, 0xF79E, 0xF79E, 0xF77E, 0xF79E, 0xF79E, 0xF79E,
  0xF7BE, 0xEF7E, 0xFFFF, 0x9CF3, 0x0882, 0x1925, 0x1904, 0x1904, 0x1904, 0x1904, 0x18E4, 0x10E3,
  0x18E3, 0x1904, 0x18E4, 0x18E4, 0x18E4, 0x18E4, 0x1904, 0x18E4, 0x2165, 0xCE7A, 0xFFDF, 0xF79E,
  0xF7BE, 0xF7BE, 0xF79E, 0xF79E, 0xFFFF, 0xFFFF, 0xFFDF, 0xF7BF, 0xFFFF, 0xFFFF, 0xF79E, 0xF79E,
  0xF79E, 0xF7BE, 0xF79E, 0xFFDF, 0xE71C, 0x39E8, 0x10C3, 0x1904, 0x1904, 0x1904, 0x1904, 0x1904,
  0x18E4, 0x10C3, 0x18E3, 0x1904, 0x18E4, 0x18E4, 0x18E4, 0x18E4, 0x18E4, 0x1904, 0x10A3, 0x31C7,
  0xE73D, 0xF7BF, 0xF79E, 0xF79E, 0xF7BE, 0xFFFF, 0xC659, 0x73AF, 0x4A8A, 0x4249, 0x634D, 0xB5B7,
  0xFFDF, 0xF7BF, 0xF79E, 0xF7BE, 0xF79E, 0xF7BE, 0x52AB, 0x0882, 0x2125, 0x1904, 0x1904, 0x1904,
  0x1904, 0x1904, 0x18E4, 0x10C3, 0x18E3, 0x1904, 0x18E4, 0x18E4, 0x18E4, 0x18E4, 0x1904, 0x1904,
  0x18E4, 0x2145, 0xE73C, 0xFFDF, 0xF79E, 0xF79E, 0xFFDF, 0x8C71, 0x10E3, 0x08A2, 0x10A3, 0x10C3,
  0x08A3, 0x0882, 0x6B6E, 0xF7BE, 0xF7BE, 0xF79E, 0xF79E, 0xF79E, 0x4229, 0x18E4, 0x2125, 0x1925,
  0x1904, 0x1904, 0x1904, 0x1904, 0x18E4, 0x10C3, 0x10E3, 0x1904, 0x1904, 0x18E4, 0x18E4, 0x1904,
  0x10A3, 0x10C3, 0x0041, 0x73CF, 0xFFFF, 0xF79E, 0xF79E, 0xFFFF, 0x9CD3, 0x0882, 0x1924, 0x1904,
  0x1904, 0x1904, 0x1904, 0x2124, 0x0882, 0x6B6E, 0xFFDF, 0xF79E, 0xF79E, 0xFFFF, 0xA555, 0x0882,
  0x08A3, 0x08A3, 0x1904, 0x1904, 0x18E4, 0x1904, 0x18E4, 0x10C3, 0x10E4, 0x1904, 0x18E4, 0x1904,
  0x1904, 0x10C3, 0x5AEB, 0xB596, 0xB5D7, 0xEF7D, 0xF7BF, 0xF79E, 0xF7BF, 0xE71C, 0x2966, 0x18E4,
  0x1904, 0x18E4, 0x18E4, 0x18E4, 0x18E4, 0x18E4, 0x1904, 0x10C3, 0xC659, 0xFFFF, 0xF79E, 0xF7BE,
  0xF79E, 0xBDF8, 0xAD76, 0x73AE, 0x10E4, 0x1904, 0x1904, 0x1904, 0x18E4, 0x10C3, 0x10E4, 0x18E4,
  0x18E4, 0x18E4, 0x1904, 0x18E4, 0xD6BA, 0xFFFF, 0xFFFF, 0xF7BF, 0xF7BE, 0xF79E, 0xFFFF, 0xAD76,
  0x10A3, 0x2125, 0x1904, 0x18E4, 0x18E4, 0x18E4, 0x18E4, 0x18E4, 0x1904, 0x10A3, 0x8451, 0xFFFF,
  0xF79E, 0xF7BE, 0xF79E, 0xFFDF, 0xFFFF, 0xEF7E, 0x2966, 0x10E4, 0x1904, 0x18E4, 0x18E4, 0x10C3,
  0x18E4, 0x1904, 0x18E4, 0x1904, 0x18E4, 0x18E4, 0xCE79, 0xFFDF, 0xEF7E, 0xF79E, 0xF7BE, 0xF77E,
  0xFFFF, 0x94B2, 0x10A3, 0x2125, 0x1904, 0x1904, 0x1904, 0x1904, 0x18E4, 0x18E4, 0x1904, 0x08A2,
  0x634D, 0xFFFF, 0xF79E, 0xF7BE, 0xF7BE, 0xF79E, 0xF79E, 0xE71C, 0x2986, 0x10C3, 0x1904, 0x1904,
  0x18E4, 0x10C3, 0x10E3, 0x1904, 0x18E4, 0x18E4, 0x18E4, 0x1904, 0xD69A, 0xFFDF, 0xEF7E, 0xF79E,
  0xF7BE, 0xF79E, 0xFFFF, 0x94B3, 0x08A2, 0x2125, 0x1904, 0x1904, 0x1904, 0x1904, 0x18E4, 0x18E4,
  0x1904, 0x0882, 0x73AF, 0xFFFF, 0xF79E, 0xF7BE, 0xF79E, 0xF79E, 0xF79E, 0xEF7E, 0x31A7, 0x10C3,
  0x1904, 0x18E4, 0x18E4, 0x10C3, 0x10E4, 0x1904, 0x18E4, 0x18E4, 0x1904, 0x10C3, 0xBDF7, 0xFFFF,
  0xFFFF, 0xFFDF, 0xF79E, 0xF79E, 0xFFFF, 0xCE59, 0x10C3, 0x1904, 0x1904, 0x1904, 0x1904, 0x1904,
  0x18E4, 0x18E4, 0x1924, 0x0882, 0xA535, 0xFFFF, 0xF79E, 0xF79E, 0xFFDF, 0xFFFF, 0xFFFF, 0xDEDB,
  0x2125, 0x18E4, 0x1904, 0x1904, 0x18E4, 0x10C3, 0x10E4, 0x18E4, 0x18E4, 0x18E4, 0x1904, 0x10E3,
  0x2986, 0x634D, 0x6B4D, 0xCE7A, 0xFFDF, 0xF79E, 0xF79E, 0xFFFF, 0x52AB, 0x0882, 0x2145, 0x1904,
  0x1904, 0x1904, 0x1904, 0x2125, 0x10A3, 0x39E8, 0xEF7E, 0xF7BE, 0xF79E, 0xFFDF, 0xDEFC, 0x73AF,
  0x634D, 0x39E8, 0x10C3, 0x1904, 0x1904, 0x1904, 0x18E4, 0x10C3, 0x18E4, 0x1904, 0x18E4, 0x18E4,
  0x18E4, 0x1904, 0x10E4, 0x10A3, 0x0021, 0x52CB, 0xFFDF, 0xF79E, 0xF79E, 0xF7BF, 0xDEFB, 0x31C7,
  0x0862, 0x18E4, 0x1925, 0x1925, 0x1904, 0x08A3, 0x2145, 0xC659, 0xFFDF, 0xF79E, 0xF79E, 0xFFFF,
  0x73AE, 0x0021, 0x10C3, 0x10E3, 0x1904, 0x1904, 0x1904, 0x1904, 0x1904, 0x10C3, 0x18E3, 0x1904,
  0x18E4, 0x18E4, 0x18E4, 0x18E4, 0x1904, 0x1924, 0x1925, 0x18E4, 0xDEDB, 0xFFDF, 0xF79E, 0xF79E,
  0xFFFF, 0xE71C, 0x634D, 0x2966, 0x10C3, 0x10C3, 0x2125, 0x5AEC, 0xD6BA, 0xFFFF, 0xF79E, 0xF79E,
  0xF7BF, 0xEF7E, 0x2986, 0x18E4, 0x2125, 0x1904, 0x1904, 0x1904, 0x1904, 0x1904, 0x1904, 0x10E3,
  0x18E3, 0x1904, 0x18E4, 0x18E4, 0x18E4, 0x18E4, 0x18E4, 0x1904, 0x0882, 0x6B6E, 0xF7BF, 0xF79E,
  0xF79E, 0xF7BE, 0xF79E, 0xFFBF, 0xFFFF, 0xE71C, 0xBDF7, 0xB5B7, 0xD6BB, 0xFFFF, 0xFFDF, 0xF79E,
  0xF7BE, 0xF79E, 0xF79E, 0xFFDF, 0x8C72, 0x08A3, 0x1924, 0x1904, 0x1904, 0x1904, 0x1904, 0x1904,
  0x1904, 0x10C3, 0x10E3, 0x1904, 0x18E4, 0x18E4, 0x18E4, 0x18E4, 0x1904, 0x10C3, 0x4229, 0xF79E,
  0xF7BF, 0xF79E, 0xF7BE, 0xF79E, 0xF79E, 0xF79E, 0xF79E, 0xFFDF, 0xFFFF, 0xFFFF, 0xFFDF, 0xF79E,
  0xF79E, 0xF79E, 0xF79E, 0xF79E, 0xF79E, 0xF79E, 0xFFFF, 0x632D, 0x10A3, 0x1904, 0x1904, 0x1904,
  0x1904, 0x18E4, 0x18E4, 0x10E3, 0x10E3, 0x1904, 0x1904, 0x18E4, 0x18E4, 0x18E4, 0x1904, 0x10A3,
  0x52AA, 0xFFFF, 0xF79E, 0xF79E, 0xF79E, 0xFFDF, 0xFFFF, 0xF7BF, 0xF79E, 0xF79E, 0xF79E, 0xF79E,
  0xF7BE, 0xF79E, 0xF79E, 0xFFFF, 0xFFFF, 0xF79E, 0xF79E, 0xF79E, 0xFFFF, 0x73AF, 0x0882, 0x1925,
  0x1904, 0x1904, 0x1904, 0x1904, 0x18E4, 0x10C3, 0x10E3, 0x18E4, 0x18E4, 0x18E4, 0x18E4, 0x18E4,
  0x18E4, 0x1904, 0x08A3, 0x73AF, 0xFFFF, 0xF7BF, 0xFFFF, 0xD69A, 0xA535, 0xF79E, 0xFFDF, 0xF79E,
  0xF7BF, 0xF7BE, 0xF79E, 0xFFDF, 0xF7BE, 0xB596, 0xC639, 0xFFFF, 0xF79E, 0xFFFF, 0x9492, 0x10C3,
  0x1904, 0x1904, 0x1904, 0x1904, 0x1904, 0x18E4, 0x18E4, 0x10C3, 0x18E3, 0x18E4, 0x18E4, 0x18E4,
  0x18E4, 0x18E4, 0x18E4, 0x18E4, 0x1904, 0x0882, 0x738E, 0xEF7E, 0xB5B6, 0x2145, 0x0882, 0x31A7,
  0xC618, 0xFFDF, 0xF79E, 0xF79E, 0xFFDF, 0xD6BB, 0x4229, 0x10C3, 0x18E4, 0x9CF4, 0xF79E, 0x8C72,
  0x08A3, 0x1904, 0x1904, 0x1904, 0x1904, 0x1904, 0x1904, 0x18E4, 0x18E4, 0x10C3, 0x18E3, 0x18E4,
  0x18E4, 0x18E4, 0x18E4, 0x18E4, 0x18E4, 0x18E4, 0x18E4, 0x1904, 0x10A3, 0x2986, 0x18E4, 0x10C3,
  0x2145, 0x0041, 0x8410, 0xFFFF, 0xEF7E, 0xEF7E, 0xFFDF, 0xA535, 0x0041, 0x2145, 0x18E4, 0x10C3,
  0x31A7, 0x10C3, 0x18E4, 0x18E4, 0x18E4, 0x18E4, 0x18E4, 0x18E4, 0x1904, 0x18E4, 0x18E4, 0x10C3,
  0x10E4, 0x1904, 0x18E4, 0x18E4, 0x1904, 0x1904, 0x18E4, 0x1904, 0x18E4, 0x18E4, 0x18E4, 0x10C3,
  0x18E4, 0x1904, 0x1904, 0x0882, 0x73AF, 0xFFFF, 0xFFFF, 0xFFFF, 0xFFFF, 0x9CD3, 0x0882, 0x1904,
  0x1904, 0x1904, 0x10C3, 0x18E4, 0x18E4, 0x18E4, 0x18E4, 0x18E4, 0x1904, 0x1904, 0x1904, 0x18E4,
  0x18E4, 0x10C3, 0x10E4, 0x1904, 0x18E4, 0x1904, 0x1904, 0x1904, 0x1904, 0x1904, 0x18E4, 0x18E4,
  0x18E4, 0x18E4, 0x18E4, 0x18E4, 0x18E4, 0x18E4, 0x2986, 0x94B3, 0xA535, 0xA535, 0xA514, 0x39E8,
  0x10C3, 0x1904, 0x18E4, 0x18E4, 0x18E4, 0x18E4, 0x18E4, 0x18E4, 0x1904, 0x1904, 0x1904, 0x1904,
  0x18E4, 0x18E4, 0x18E4, 0x10C3, 0x10E4, 0x1904, 0x18E4, 0x18E4, 0x18E4, 0x1904, 0x1904, 0x1904,
  0x1904, 0x18E4, 0x18E4, 0x18E4, 0x1904, 0x18E4, 0x18E4, 0x18E4, 0x18E3, 0x0882, 0x0882, 0x10A3,
  0x0882, 0x10C3, 0x18E4, 0x18E4, 0x18E4, 0x18E4, 0x1904, 0x18E4, 0x1904, 0x1904, 0x1904, 0x1904,
  0x1904, 0x1904, 0x18E4, 0x18E4, 0x18E4, 0x10C3, 0x10C3, 0x1904, 0x18E4, 0x18E4, 0x18E4, 0x1904,
  0x1904, 0x1904, 0x1904, 0x1904, 0x18E4, 0x18E4, 0x18E4, 0x1904, 0x18E4, 0x18E4, 0x18E4, 0x1904,
  0x1904, 0x1904, 0x1924, 0x1904, 0x18E4, 0x18E4, 0x18E4, 0x1904, 0x1904, 0x18E4, 0x1904, 0x1904,
  0x1904, 0x1904, 0x1904, 0x1904, 0x1904, 0x1904, 0x1904, 0x10E3, 0x10A2, 0x1904, 0x18E4, 0x18E4,
  0x18E4, 0x1904, 0x1904, 0x1904, 0x1904, 0x1904, 0x1904, 0x1904, 0x1904, 0x18E4, 0x18E4, 0x18E4,
  0x18E4, 0x18E4, 0x18E4, 0x18E4, 0x18E4, 0x18E4, 0x18E4, 0x18E4, 0x18E4, 0x18E4, 0x1904, 0x1904,
  0x18E4, 0x1904, 0x1904, 0x1904, 0x1904, 0x1904, 0x18E4, 0x18E4, 0x1904, 0x10A2, 0x0020, 0x10C3,
  0x1904, 0x1904, 0x1904, 0x1904, 0x1904, 0x1904, 0x1904, 0x1904, 0x1904, 0x1904, 0x1904, 0x1904,
  0x1904, 0x18E4, 0x18E4, 0x18E4, 0x18E4, 0x18E4, 0x18E4, 0x18E4, 0x1904, 0x1904, 0x1904, 0x1904,
  0x1904, 0x1904, 0x1904, 0x1904, 0x1904, 0x1904, 0x1904, 0x1904, 0x1904, 0x1904, 0x10C3, 0x0020,
  0x0000, 0x0000, 0x10A2, 0x10C3, 0x10E3, 0x10E3, 0x10E4, 0x18E4, 0x10E3, 0x10E3, 0x10E3, 0x10E4,
  0x18C4, 0x18C4, 0x10E3, 0x10C3, 0x10C3, 0x10C3, 0x10A3, 0x10C3, 0x10C3, 0x10C3, 0x10C3, 0x10C3,
  0x10C3, 0x10C3, 0x10E3, 0x10E3, 0x18E4, 0x18E4, 0x10E3, 0x10E4, 0x10E3, 0x10E3, 0x10E3, 0x1082,
  0x0000, 0x0000, 0x0000, 0x0000, 0x0000, 0x0000, 0x0000, 0x0000, 0x0000, 0x0000, 0x0000, 0x0000,
  0x0000, 0x0000, 0x0000, 0x0000, 0x0000, 0x0000, 0x0000, 0x0000, 0x0000, 0x0000, 0x0000, 0x0000,
  0x0000, 0x0000, 0x0000, 0x0000, 0x0000, 0x0000, 0x0000, 0x0000, 0x0000, 0x0000, 0x0000, 0x0000,
  0x0000, 0x0000, 0x0000, 0x0000
};

const uint16_t UI_ICON_OFFLINE_DATA[UI_ICON_PIXELS] PROGMEM = {
  0x0000, 0x0000, 0x0882, 0x10C3, 0x10C3, 0x10E3, 0x10C3, 0x10C3, 0x10C3, 0x10C3, 0x10C3, 0x10C3,
  0x10C3, 0x10C3, 0x10C3, 0x10C3, 0x10C3, 0x10C3, 0x10C3, 0x10C3, 0x10C3, 0x10C3, 0x10C3, 0x10C3,
  0x10C3, 0x10C3, 0x10C3, 0x10C3, 0x10C3, 0x10C3, 0x10C3, 0x10C3, 0x10C3, 0x10E3, 0x10C3, 0x08A2,
  0x0000, 0x0000, 0x0000, 0x10C3, 0x1904, 0x1904, 0x18E4, 0x18E4, 0x18E4, 0x18E4, 0x18E4, 0x18E4,
  0x18E4, 0x18E4, 0x18E4, 0x18E4, 0x18E4, 0x18E4, 0x18E4, 0x18E4, 0x18E4, 0x18E4, 0x18E4, 0x18E4,
  0x18E4, 0x18E4, 0x18E4, 0x1904, 0x18E4, 0x18E4, 0x18E4, 0x18E4, 0x18E4, 0x18E4, 0x18E4, 0x18E4,
  0x1904, 0x1904, 0x10C3, 0x0020, 0x1082, 0x1904, 0x18E4, 0x18E4, 0x18E4, 0x18E4, 0x18E4, 0x18E4,
  0x18E4, 0x18E4, 0x18E4, 0x18E4, 0x18E4, 0x18E4, 0x18E4, 0x18E4, 0x18E4, 0x18E4, 0x18E4, 0x18E4,
  0x18E4, 0x18E4, 0x18E4, 0x18E4, 0x18E4, 0x18E4, 0x18E4, 0x18E4, 0x18E4, 0x18E4, 0x18E4, 0x18E4,
  0x18E4, 0x18E4, 0x18E4, 0x18E4, 0x1904, 0x10A3, 0x10E3, 0x18E4, 0x18E4, 0x18E4, 0x18E4, 0x18E4,
  0x18E4, 0x18E4, 0x18E4, 0x18E4, 0x18E4, 0x18E4, 0x18E4, 0x18E4, 0x18E4, 0x18E4, 0x18E4, 0x18E3,
  0x18E3, 0x18E4, 0x18E4, 0x18E4, 0x18E4, 0x18E4, 0x18E4, 0x18E4, 0x18E4, 0x18E4, 0x18E4, 0x1904,
  0x18E4, 0x18E4, 0x18E4, 0x18E4, 0x18E4, 0x18E4, 0x18E4, 0x10E4, 0x18E3, 0x18E4, 0x18E4, 0x18E4,
  0x18E4, 0x18E4, 0x18E4, 0x18E4, 0x18E4, 0x18E4, 0x18E4, 0x18E4, 0x18E4, 0x18E4, 0x18E4, 0x18E3,
  0x18E3, 0x10C3, 0x18C3, 0x18E3, 0x18E3, 0x18E3, 0x18C3, 0x18E3, 0x18E3, 0x18E4, 0x18E4, 0x18E4,
  0x18E4, 0x18E4, 0x1904, 0x18E4, 0x18E4, 0x18E4, 0x18E4, 0x18E4, 0x18E4, 0x18E3, 0x18E3, 0x18E4,
  0x18E4, 0x18E4, 0x18E4, 0x18E4, 0x18E4, 0x1904, 0x1904, 0x1904, 0x1904, 0x18E4, 0x18E4, 0x18E4,
  0x18E3, 0x18C3, 0x10C3, 0x10C3, 0x10C3, 0x18E4, 0x18E4, 0x18E3, 0x18E3, 0x18C3, 0x18C3, 0x18E3,
  0x18E3, 0x18E4, 0x18E4, 0x18E4, 0x18E4, 0x18E4, 0x18E4, 0x1904, 0x18E4, 0x18E4, 0x18E4, 0x18E4,
  0x10E4, 0x1904, 0x18E4, 0x18E4, 0x18E4, 0x18E4, 0x1904, 0x1904, 0x1904, 0x18E4, 0x18E4, 0x18E3,
  0x18E3, 0x18E3, 0x18E3, 0x18C3, 0x10C3, 0x18C3, 0x10C3, 0xA9A6, 0xD1E7, 0x20E4, 0x18E3, 0x18E3,
  0x18C3, 0x18E3, 0x18E3, 0x18E3, 0x18E3, 0x18E4, 0x18E4, 0x1904, 0x18E4, 0x1904, 0x18E4, 0x18E4,
  0x1904, 0x18E4, 0x10E4, 0x1904, 0x1904, 0x1904, 0x1904, 0x18E4, 0x1904, 0x1904, 0x18E4, 0x18E4,
  0x18E4, 0x18E4, 0x18E4, 0x10E3, 0x08C3, 0x18E3, 0x18E3, 0x18C3, 0x18E3, 0xD9E7, 0xFA28, 0x3104,
  0x10E4, 0x18E4, 0x18E3, 0x08C3, 0x08E3, 0x18E3, 0x18C3, 0x18E3, 0x18E4, 0x1904, 0x1904, 0x18E4,
  0x1904, 0x1904, 0x1904, 0x18E4, 0x18E4, 0x1904, 0x1904, 0x1904, 0x1904, 0x1904, 0x1904, 0x18E4,
  0x18E4, 0x18E4, 0x18E4, 0x18E4, 0x10E4, 0x6965, 0xA1C6, 0x18E4, 0x18E4, 0x18E4, 0x18E4, 0xD1E7,
  0xF207, 0x3104, 0x18E4, 0x18E4, 0x10E4, 0x9186, 0x8985, 0x10E3, 0x18E3, 0x18E3, 0x18E4, 0x1904,
  0x1904, 0x1904, 0x1904, 0x1904, 0x1904, 0x18E4, 0x18E3, 0x1904, 0x1904, 0x1904, 0x1904, 0x1904,
  0x1904, 0x1904, 0x18E4, 0x1904, 0x18E4, 0x18E4, 0x08C3, 0xB9E7, 0xFA89, 0xA9C6, 0x10E3, 0x18E4,
  0x18E4, 0xD9E7, 0xF9E7, 0x30E4, 0x18E4, 0x08E4, 0x8186, 0xFA48, 0xE1E7, 0x18E4, 0x18E4, 0x18E4,
  0x18E4, 0x18E4, 0x1904, 0x1904, 0x1904, 0x1904, 0x1904, 0x18E4, 0x18E3, 0x1904, 0x1904, 0x1904,
  0x1904, 0x1904, 0x1904, 0x18E4, 0x18E4, 0x18E4, 0x18E4, 0x18E4, 0x10E4, 0x3125, 0xDA07, 0xFA07,
  0x91C6, 0x18E4, 0x18E4, 0xC9C6, 0xF1E7, 0x28E4, 0x08C3, 0x6965, 0xFA28, 0xF207, 0x4945, 0x10E4,
  0x18E4, 0x18E4, 0x1904, 0x1904, 0x1904, 0x1904, 0x1904, 0x1904, 0x1904, 0x18E4, 0x18C3, 0x1904,
  0x18E4, 0x1904, 0x1904, 0x18E4, 0x1904, 0x1904, 0x1904, 0x18E4, 0x18E4, 0x18E4, 0x1904, 0x10E4,
  0x4124, 0xF227, 0xFA48, 0x3924, 0x10E4, 0x3104, 0x3925, 0x1904, 0x18E4, 0xE9C6, 0xFA27, 0x6165,
  0x08E4, 0x1904, 0x18E4, 0x18E4, 0x1904, 0x18E4, 0x1904, 0x1904, 0x1904, 0x1904, 0x1904, 0x18E4,
  0x18E3, 0x1904, 0x18E4, 0x18E4, 0x18E4, 0x1904, 0x1904, 0x1904, 0x1904, 0x1904, 0x1904, 0x1904,
  0x1904, 0x2104, 0x1104, 0x5165, 0x7965, 0x1904, 0x1904, 0x1904, 0x18E4, 0x2104, 0x18E4, 0x6145,
  0x6945, 0x10E4, 0x2124, 0x1904, 0x1904, 0x1904, 0x1904, 0x18E4, 0x18E4, 0x1904, 0x1904, 0x1904,
  0x1904, 0x18E4, 0x18E3, 0x1904, 0x18E4, 0x18E4, 0x18E4, 0x18E4, 0x1904, 0x10C3, 0x0882, 0x08A3,
  0x10A3, 0x08A3, 0x08A2, 0x0882, 0x10A2, 0x08A3, 0x08E4, 0x1904, 0x1904, 0x2104, 0x1904, 0x08E4,
  0x1104, 0x1104, 0x10E4, 0x10A3, 0x10A3, 0x0882, 0x0882, 0x0882, 0x10C3, 0x1904, 0x18E4, 0x1904,
  0x1904, 0x1904, 0x1904, 0x18E4, 0x10E3, 0x18E4, 0x18E4, 0x18E4, 0x18E4, 0x1904, 0x10A3, 0x39E7,
  0x94D3, 0xAD76, 0xAD76, 0xAD96, 0xAD76, 0xAD75, 0xB5B6, 0x5AEC, 0x10C3, 0x1904, 0x1904, 0x18E4,
  0x3125, 0xA1A6, 0x4945, 0x1924, 0x18C3, 0x634D, 0xB5B7, 0xAD76, 0xAD96, 0x94D3, 0x31A7, 0x10A3,
  0x1904, 0x1904, 0x1904, 0x1904, 0x1904, 0x18E3, 0x10E3, 0x18E4, 0x18E4, 0x1904, 0x1904, 0x10C3,
  0x4A69, 0xEF7D, 0xFFFF, 0xFFFF, 0xFFFF, 0xFFFF, 0xFFFF, 0xFFFF, 0xFFFF, 0xB596, 0x10A3, 0x2124,
  0x2104, 0x10E4, 0xA1A6, 0xFA68, 0x99A6, 0x08E4, 0x18E3, 0xC639, 0xFFFF, 0xFFFF, 0xFFFF, 0xFFFF,
  0xE73C, 0x4229, 0x10C3, 0x1904, 0x1904, 0x1904, 0x1904, 0x18E4, 0x18E3, 0x1904, 0x18E4, 0x10C3,
  0x10C3, 0x0882, 0xC639, 0xFFFF, 0xEF7E, 0xF79E, 0xF79E, 0xF79E, 0xF79E, 0xEF7E, 0xFFDF, 0xAD75,
  0x10C3, 0x2124, 0x10E4, 0x5145, 0xFA07, 0xF207, 0x4965, 0x1104, 0x10C3, 0xBDF7, 0xFFDF, 0xEF7E,
  0xF79E, 0xEF7D, 0xFFFF, 0xBDF8, 0x08A3, 0x10C3, 0x10C3, 0x18E4, 0x1904, 0x18E4, 0x18E4, 0x18E4,
  0x1904, 0x31C7, 0x2986, 0x4249, 0xEF7E, 0xF7BE, 0xF7BE, 0xF79E, 0xF7BE, 0xF7BE, 0xF79E, 0xF79E,
  0xFFFF, 0xAD55, 0x10A3, 0x2125, 0x1904, 0xC1C7, 0xFA28, 0x9186, 0x08E4, 0x2125, 0x10C3, 0xBDD7,
  0xFFFF, 0xF79E, 0xF7BE, 0xF79E, 0xF7BF, 0xE73C, 0x4229, 0x31A7, 0x31C7, 0x2125, 0x18E4, 0x18E4,
  0x18E4, 0x0882, 0x8431, 0xF7BE, 0xE73D, 0xEF7E, 0xF79E, 0xF79E, 0xF7BE, 0xF7BE, 0xF7BE, 0xF7BE,
  0xF79E, 0xF79E, 0xFFFF, 0xA555, 0x10A2, 0x1104, 0x7186, 0xFA27, 0xE207, 0x2904, 0x18E4, 0x2124,
  0x10C3, 0xBDD7, 0xFFFF, 0xF79E, 0xF79E, 0xF79E, 0xF7BE, 0xF79E, 0xEF5D, 0xEF5D, 0xF7BE, 0x8410,
  0x0882, 0x1904, 0x1904, 0x0882, 0x94B3, 0xFFFF, 0xFFDF, 0xFFDF, 0xF79E, 0xF79E, 0xF7BE, 0xF7BE,
  0xF7BE, 0xF7BE, 0xF7BE, 0xF79E, 0xFFFF, 0xAD76, 0x0882, 0x2904, 0xE1E7, 0xFA48, 0x7165, 0x10E4,
  0x20E4, 0x1904, 0x10C3, 0xBDF7, 0xFFFF, 0xF79E, 0xF79E, 0xF79E, 0xF7BE, 0xF79E, 0xFFDF, 0xFFDF,
  0xFFFF, 0x8C92, 0x0882, 0x1904, 0x18E3, 0x18E4, 0x2166, 0x4A6A, 0x4A6A, 0x5AEC, 0xEF5D, 0xF7BF,
  0xF7BE, 0xF7BE, 0xF7BE, 0xF7BE, 0xF7BE, 0xF77E, 0xFFFF, 0x94B2, 0x0082, 0x9186, 0xFA27, 0xC9E7,
  0x18E4, 0x18E4, 0x18E4, 0x1904, 0x10C3, 0xBDD7, 0xFFFF, 0xF79E, 0xF79E, 0xF79E, 0xF7BF, 0xE73C,
  0x52CB, 0x4A8A, 0x4A8A, 0x2966, 0x18E4, 0x18E4, 0x18E3, 0x1904, 0x18E3, 0x10A3, 0x10A3, 0x0882,
  0xC639, 0xFFFF, 0xEF7E, 0xF79E, 0xF79E, 0xF79E, 0xEF7E, 0xF7BF, 0xE6FC, 0x1945, 0x4145, 0xF248,
  0xFA07, 0x5145, 0x1104, 0x20E4, 0x18E4, 0x1904, 0x10C3, 0xBDD7, 0xFFDF, 0xEF7E, 0xF79E, 0xEF7E,
  0xFFFF, 0xB5B7, 0x0862, 0x10C3, 0x10A3, 0x18E3, 0x1904, 0x18E4, 0x18E3, 0x18E4, 0x18E4, 0x1904,
  0x1904, 0x18E3, 0x4229, 0xDEFC, 0xFFFF, 0xFFFF, 0xFFFF, 0xFFFF, 0xFFFF, 0xFFFF, 0x738E, 0x0062,
  0xB9E7, 0xFA68, 0xA9C6, 0x10E4, 0x2104, 0x18E4, 0x18E4, 0x1904, 0x10C3, 0xC638, 0xFFFF, 0xFFFF,
  0xFFFF, 0xFFFF, 0xDEDB, 0x31C7, 0x18E4, 0x1904, 0x1904, 0x18E4, 0x18E4, 0x10E4, 0x18C3, 0x18E4,
  0x18E4, 0x18E4, 0x18E4, 0x1904, 0x10A3, 0x2986, 0x8451, 0x9D14, 0x9D14, 0x9D14, 0xA534, 0x8C72,
  0x08E4, 0x5965, 0xFA07, 0xF207, 0x3925, 0x18E4, 0x18E4, 0x18E4, 0x18E4, 0x2104, 0x18C3, 0x632D,
  0xA535, 0x9D14, 0xA534, 0x8430, 0x2986, 0x10C3, 0x1904, 0x18E4, 0x1904, 0x1904, 0x18E4, 0x10E4,
  0x10E3, 0x18E4, 0x18E4, 0x18E4, 0x1904, 0x18E4, 0x1904, 0x18E3, 0x0882, 0x0882, 0x0882, 0x0882,
  0x0882, 0x0882, 0x1904, 0xD207, 0xFA48, 0x8986, 0x08E3, 0x20E4, 0x20E4, 0x18E4, 0x18E4, 0x08E4,
  0x1104, 0x10A3, 0x0882, 0x10A3, 0x10A3, 0x0882, 0x18E4, 0x1904, 0x18E4, 0x1904, 0x1904, 0x1904,
  0x18E4, 0x10E4, 0x10C3, 0x18E4, 0x18E4, 0x1904, 0x1904, 0x18E4, 0x18E4, 0x18E4, 0x1904, 0x1904,
  0x1904, 0x1904, 0x2124, 0x0904, 0x8165, 0xFA28, 0xE227, 0x2904, 0x18E4, 0x10E4, 0x10E4, 0x1904,
  0x18E4, 0x9165, 0x8945, 0x10E4, 0x2125, 0x2104, 0x1904, 0x1904, 0x18E4, 0x18E4, 0x1904, 0x1904,
  0x1904, 0x1904, 0x18E4, 0x10C4, 0x10C3, 0x1904, 0x1904, 0x1904, 0x1904, 0x1904, 0x18E4, 0x18E4,
  0x18E4, 0x18E4, 0x18E4, 0x18E4, 0x18E4, 0x3124, 0xEA07, 0xFA28, 0x6965, 0x10E4, 0x1904, 0x5945,
  0x7186, 0x18E4, 0x20E4, 0xE9C6, 0xFA07, 0x79A6, 0x0904, 0x18E4, 0x18E4, 0x18E4, 0x18E4, 0x18E4,
  0x1904, 0x1904, 0x1904, 0x1904, 0x1904, 0x10E4, 0x10C3, 0x1904, 0x1904, 0x1904, 0x1904, 0x1904,
  0x1904, 0x18E4, 0x18E4, 0x18E4, 0x18E4, 0x2104, 0x08E4, 0xA1A6, 0xFA28, 0xB9C6, 0x10E4, 0x2104,
  0x18E4, 0xD9E7, 0xFA27, 0x30E4, 0x10E4, 0x5145, 0xF248, 0xFA28, 0x6145, 0x10E3, 0x18E4, 0x18E4,
  0x18E4, 0x1904, 0x1904, 0x1904, 0x1904, 0x1904, 0x1904, 0x18E4, 0x10C3, 0x1904, 0x1904, 0x1904,
  0x18E4, 0x1904, 0x1904, 0x1904, 0x18E4, 0x18E4, 0x18E4, 0x10E4, 0x4924, 0xF207, 0xF207, 0x4125,
  0x10E4, 0x20E4, 0x1904, 0xD1E7, 0xF1E7, 0x3104, 0x1904, 0x10E4, 0x7165, 0xFA28, 0xE1E7, 0x18E4,
  0x18E4, 0x18E4, 0x1904, 0x1904, 0x1904, 0x1904, 0x1904, 0x1904, 0x1904, 0x18E4, 0x10C3, 0x18E4,
  0x18E4, 0x18E4, 0x1904, 0x1904, 0x1904, 0x18E4, 0x18E4, 0x18E4, 0x18E4, 0x08E3, 0xA186, 0xFA28,
  0x99A6, 0x10E4, 0x20E4, 0x18E3, 0x1904, 0xD207, 0xF227, 0x3104, 0x18E4, 0x20E4, 0x10E3, 0x7965,
  0x6965, 0x10E4, 0x18E4, 0x18E4, 0x1904, 0x1904, 0x1904, 0x1904, 0x1904, 0x1904, 0x1904, 0x18E4,
  0x10C3, 0x18E4, 0x18E4, 0x18E4, 0x18E4, 0x1904, 0x18E4, 0x18E4, 0x18E4, 0x18E4, 0x18E4, 0x10E3,
  0x4124, 0x9186, 0x2904, 0x18E3, 0x18E4, 0x18E3, 0x18E4, 0xD9E7, 0xFA28, 0x3104, 0x18E3, 0x18E4,
  0x18E4, 0x10E4, 0x10E3, 0x18E4, 0x18E4, 0x18E4, 0x1904, 0x1904, 0x1904, 0x1904, 0x1904, 0x1904,
  0x1904, 0x18E4, 0x10C3, 0x18E4, 0x18E4, 0x18E4, 0x18E4, 0x1904, 0x1904, 0x18E4, 0x1904, 0x18E4,
  0x18E4, 0x18E4, 0x10E3, 0x08E3, 0x18E3, 0x18E3, 0x18C3, 0x18E3, 0x10E3, 0x8986, 0xA9C6, 0x18E3,
  0x18E4, 0x18E4, 0x18E4, 0x18E4, 0x18E4, 0x18E4, 0x18E4, 0x18E4, 0x1904, 0x1904, 0x1904, 0x1904,
  0x1904, 0x18E4, 0x18E4, 0x18E4, 0x18E4, 0x1904, 0x18E4, 0x1904, 0x1904, 0x1904, 0x18E4, 0x1904,
  0x1904, 0x1904, 0x18E4, 0x18E4, 0x18E3, 0x18E3, 0x18C3, 0x18C3, 0x10C3, 0x18C3, 0x18C3, 0x10E3,
  0x10E3, 0x18E3, 0x18E4, 0x18E4, 0x18E4, 0x18E4, 0x18E4, 0x18E4, 0x1904, 0x18E4, 0x1904, 0x1904,
  0x1904, 0x1904, 0x18E4, 0x18E4, 0x18E4, 0x18E4, 0x18E3, 0x18E4, 0x18E4, 0x18E4, 0x1904, 0x18E4,
  0x1904, 0x1904, 0x1904, 0x1904, 0x18E4, 0x18E4, 0x18E4, 0x18E3, 0x10C3, 0x10C4, 0x10C3, 0x18C3,
  0x18E4, 0x18E4, 0x18E4, 0x18E4, 0x18E4, 0x18E4, 0x18E4, 0x18E4, 0x18E4, 0x18E4, 0x1904, 0x1904,
  0x1904, 0x1904, 0x1904, 0x1904, 0x18E4, 0x18E4, 0x18E4, 0x18E4, 0x10C3, 0x18E4, 0x18E4, 0x18E4,
  0x18E4, 0x18E4, 0x18E4, 0x1904, 0x1904, 0x18E4, 0x1904, 0x18E4, 0x18E4, 0x18E4, 0x18E4, 0x18E4,
  0x18E4, 0x18E3, 0x18E4, 0x18E4, 0x18E4, 0x18E4, 0x18E4, 0x18E4, 0x18E4, 0x1904, 0x18E4, 0x18E4,
  0x18E4, 0x1904, 0x1904, 0x1904, 0x18E4, 0x1904, 0x18E4, 0x18E4, 0x18E4, 0x18E4, 0x10A2, 0x1904,
  0x18E4, 0x18E4, 0x1904, 0x18E4, 0x1904, 0x1904, 0x1904, 0x1904, 0x1904, 0x18E4, 0x18E4, 0x18E4,
  0x18E4, 0x18E4, 0x18E4, 0x18E3, 0x18E4, 0x18E4, 0x18E4, 0x18E4, 0x18E4, 0x18E4, 0x18E4, 0x18E4,
  0x1904, 0x1904, 0x18E4, 0x1904, 0x1904, 0x18E4, 0x18E4, 0x18E4, 0x18E4, 0x18E4, 0x1904, 0x10A3,
  0x0020, 0x10C3, 0x1904, 0x1904, 0x1904, 0x1904, 0x18E4, 0x1904, 0x1904, 0x1904, 0x18E4, 0x18E4,
  0x18E4, 0x18E4, 0x18E4, 0x18E4, 0x18E4, 0x18E4, 0x18E4, 0x18E4, 0x18E4, 0x18E4, 0x1904, 0x1904,
  0x1904, 0x1904, 0x1904, 0x1904, 0x18E4, 0x18E4, 0x18E4, 0x18E4, 0x1904, 0x1904, 0x18E4, 0x1904,
  0x10C3, 0x0020, 0x0000, 0x0020, 0x10A2, 0x10C3, 0x18E4, 0x10E4, 0x18E4, 0x10E4, 0x10E4, 0x10E4,
  0x18E4, 0x18E4, 0x18E3, 0x18E3, 0x18E3, 0x18E3, 0x10E4, 0x10E4, 0x10E3, 0x10E3, 0x10E3, 0x10E3,
  0x10E4, 0x10E4, 0x18E3, 0x10E4, 0x10E4, 0x10E4, 0x10E4, 0x10E4, 0x10E4, 0x10E3, 0x10E4, 0x10E4,
  0x10E3, 0x10A2, 0x0020, 0x0000
};

const uint16_t UI_ICON_ALERT_DATA[UI_ICON_PIXELS] PROGMEM = {
  0x0000, 0x0000, 0x1082, 0x10C3, 0x18E4, 0x18C3, 0x10C3, 0x10C4, 0x10E3, 0x10E3, 0x18C4, 0x18E4,
  0x18C4, 0x18E4, 0x18C3, 0x10E3, 0x10C3, 0x10C3, 0x10E3, 0x10E3, 0x10C3, 0x10C3, 0x10C3, 0x18C3,
  0x18C4, 0x10C3, 0x10E3, 0x10C3, 0x10C4, 0x10E3, 0x10C3, 0x10C3, 0x10C3, 0x10E3, 0x10C3, 0x10A2,
  0x0020, 0x0000, 0x0000, 0x10C3, 0x1904, 0x1904, 0x1904, 0x1904, 0x1904, 0x1904, 0x1904, 0x1904,
  0x18E4, 0x1904, 0x1904, 0x18E4, 0x18E4, 0x18E4, 0x18E4, 0x18E4, 0x18E4, 0x18E4, 0x18E4, 0x18E4,
  0x18E4, 0x18E4, 0x18E4, 0x18E4, 0x18E4, 0x18E4, 0x1904, 0x18E4, 0x1904, 0x18E4, 0x18E4, 0x18E4,
  0x18E4, 0x1904, 0x10E3, 0x0020, 0x0882, 0x1904, 0x18E4, 0x18E4, 0x1904, 0x1904, 0x1904, 0x18E4,
  0x1904, 0x18E4, 0x18E4, 0x18E4, 0x18E4, 0x18E4, 0x18E4, 0x18E4, 0x18E4, 0x18E4, 0x18E4, 0x18E4,
  0x18E4, 0x18E4, 0x18E4, 0x18E4, 0x18E4, 0x18E4, 0x18E4, 0x18E4, 0x18E4, 0x18E4, 0x18E4, 0x18E4,
  0x18E4, 0x18E4, 0x18E4, 0x18E4, 0x1904, 0x10A2, 0x10C3, 0x1904, 0x18E4, 0x18E4, 0x18E4, 0x18E4,
  0x1904, 0x1904, 0x1904, 0x1904, 0x18E4, 0x18E4, 0x18E4, 0x18E4, 0x18E4, 0x18E4, 0x18E4, 0x18E4,
  0x18E3, 0x18E3, 0x18E4, 0x18E4, 0x18E4, 0x18E4, 0x18E4, 0x18E4, 0x18E4, 0x18E4, 0x18E4, 0x18E4,
  0x18E4, 0x18E4, 0x18E4, 0x18E4, 0x18E4, 0x1904, 0x1904, 0x18E4, 0x18C4, 0x1904, 0x18E4, 0x18E4,
  0x18E4, 0x18E4, 0x18E4, 0x1904, 0x18E4, 0x1904, 0x18E4, 0x18E4, 0x18E4, 0x18E4, 0x18E4, 0x18E4,
  0x18E3, 0x18E3, 0x18E3, 0x18E3, 0x18E3, 0x18E3, 0x18E3, 0x18E4, 0x18E4, 0x18E4, 0x18E4, 0x18E4,
  0x18E4, 0x18E4, 0x18E4, 0x18E4, 0x18E4, 0x18E4, 0x18E4, 0x18E4, 0x1904, 0x10E4, 0x18E4, 0x1904,
  0x18E4, 0x18E4, 0x18E4, 0x18E4, 0x1904, 0x1904, 0x1904, 0x1904, 0x1904, 0x18E4, 0x18E4, 0x18E4,
  0x18E4, 0x18E3, 0x18E3, 0x18E4, 0x18E4, 0x18E4, 0x18E3, 0x18E3, 0x18E3, 0x18E3, 0x18E4, 0x18E4,
  0x18E4, 0x18E4, 0x18E4, 0x18E4, 0x18E4, 0x18E4, 0x18E4, 0x18E4, 0x18E4, 0x18E4, 0x1904, 0x10E4,
  0x18E4, 0x1904, 0x18E4, 0x18E4, 0x18E4, 0x1904, 0x1904, 0x1904, 0x1904, 0x18E4, 0x1904, 0x1904,
  0x18E4, 0x18E4, 0x18E3, 0x18E3, 0x18E3, 0x10E4, 0x2104, 0x28E4, 0x10E4, 0x18E3, 0x18C3, 0x18E3,
  0x18E3, 0x18E3, 0x18E4, 0x18E4, 0x18E4, 0x18E4, 0x18E4, 0x18E4, 0x18E4, 0x18E4, 0x18E4, 0x1904,
  0x1904, 0x10E4, 0x18E4, 0x1904, 0x1904, 0x1904, 0x1904, 0x1904, 0x1904, 0x1904, 0x1904, 0x18E4,
  0x18E4, 0x18E4, 0x18E4, 0x18E3, 0x18E3, 0x18E4, 0x18E4, 0x3124, 0xD1E7, 0xE9E7, 0x5945, 0x10E3,
  0x18E4, 0x18E4, 0x18E3, 0x18E3, 0x18E3, 0x18E4, 0x18E4, 0x18E4, 0x18E4, 0x18E3, 0x18E4, 0x18E4,
  0x18E4, 0x18E4, 0x1904, 0x10E4, 0x18E4, 0x1904, 0x18E4, 0x18E4, 0x1904, 0x1904, 0x1904, 0x1904,
  0x10E4, 0x10E4, 0x1904, 0x18E4, 0x18E4, 0x18E3, 0x18E4, 0x20E4, 0x00C3, 0x6965, 0xFA28, 0xFA28,
  0xA1A6, 0x00C3, 0x18E4, 0x18E3, 0x18E3, 0x18E3, 0x18E3, 0x18E4, 0x10E4, 0x10E4, 0x18E4, 0x18C3,
  0x18E3, 0x18E4, 0x18E4, 0x18E4, 0x18E4, 0x18E4, 0x18E4, 0x1904, 0x18E4, 0x18E4, 0x18E4, 0x1904,
  0x1904, 0x10E4, 0x3124, 0x3925, 0x18E4, 0x18E4, 0x18E4, 0x18E4, 0x10E4, 0x18E4, 0x6165, 0xC9C7,
  0xFA07, 0xFA27, 0xDA07, 0x7965, 0x2904, 0x10E3, 0x18E4, 0x18E3, 0x18E3, 0x18E4, 0x2904, 0x4125,
  0x10E3, 0x18E3, 0x18E4, 0x18E4, 0x18E4, 0x18E4, 0x1904, 0x10E4, 0x10E3, 0x18E4, 0x18E4, 0x18E3,
  0x18E4, 0x18E4, 0x10E4, 0x4125, 0xEA27, 0xEA07, 0x2104, 0x18E3, 0x20E4, 0x10E4, 0x2904, 0xC1C7,
  0xFA07, 0xFA07, 0xF9E7, 0xFA07, 0xFA07, 0xFA08, 0xD9E7, 0x4924, 0x10E4, 0x20E4, 0x2104, 0x08E4,
  0xA9C6, 0xFA28, 0x6945, 0x10E4, 0x20E4, 0x18E4, 0x18E4, 0x18E4, 0x18E4, 0x10E3, 0x18C4, 0x18E4,
  0x18E3, 0x18C3, 0x18E4, 0x18E4, 0x2104, 0xD9E7, 0xFA07, 0x9185, 0x10E4, 0x18E3, 0x18E4, 0x2104,
  0xD1E7, 0xFA07, 0xF1E7, 0xF9E7, 0xFA07, 0xFA07, 0xF9E7, 0xF1E7, 0xFA07, 0xF207, 0x4945, 0x10E4,
  0x2104, 0x10E4, 0x5965, 0xF207, 0xFA27, 0x5145, 0x10E4, 0x18E4, 0x18E4, 0x18E4, 0x18E4, 0x10E4,
  0x10C3, 0x18E4, 0x18E3, 0x18C3, 0x18E4, 0x08E4, 0x91A6, 0xFA68, 0xA9C6, 0x08E4, 0x18E4, 0x2104,
  0x10E4, 0x99A6, 0xFA28, 0xF1E7, 0xF9E7, 0xFA07, 0xFA07, 0xF9E7, 0xFA07, 0xF9E7, 0xF1E7, 0xFA08,
  0xD207, 0x1904, 0x18E4, 0x2104, 0x08E4, 0x6945, 0xFA28, 0xC9E7, 0x18E4, 0x18E4, 0x18E4, 0x18E4,
  0x18E4, 0x10E4, 0x10C3, 0x18E4, 0x18C3, 0x18C3, 0x10E3, 0x20E4, 0xE9E7, 0xEA27, 0x3125, 0x1904,
  0x2104, 0x18E4, 0x3104, 0xE9E7, 0xF9E7, 0xF9E7, 0xFA07, 0xFA07, 0xFA07, 0xFA07, 0xFA07, 0xF9E7,
  0xF9E7, 0xF1E7, 0xFA28, 0x6165, 0x10E4, 0x2104, 0x2104, 0x10E4, 0xC1E7, 0xFA48, 0x5945, 0x10E4,
  0x1904, 0x18E4, 0x18E4, 0x10E4, 0x10C3, 0x18E4, 0x10C4, 0x18C3, 0x08C3, 0x5945, 0xFA48, 0xB1C6,
  0x10E4, 0x2104, 0x2104, 0x10E4, 0x6165, 0xFA07, 0xF1E7, 0xF9E7, 0xFA07, 0xFA07, 0xFA07, 0xFA07,
  0xFA07, 0xFA07, 0xFA07, 0xF1E7, 0xFA07, 0xA1A6, 0x10E4, 0x2104, 0x2104, 0x08E4, 0x7165, 0xFA07,
  0x9986, 0x08E4, 0x2104, 0x18E3, 0x18E4, 0x18E4, 0x10C3, 0x18E4, 0x10C4, 0x18E3, 0x08C3, 0x7985,
  0xFA48, 0x89A6, 0x08E4, 0x2104, 0x2104, 0x10E4, 0x8986, 0xFA07, 0xF1E7, 0xF9E7, 0xF9E7, 0xFA07,
  0xFA07, 0xFA07, 0xFA07, 0xFA07, 0xFA07, 0xF1E7, 0xFA07, 0xC9C7, 0x18E4, 0x18E4, 0x2104, 0x10E4,
  0x4125, 0xFA28, 0xB9C6, 0x10E4, 0x18E4, 0x18E4, 0x18E4, 0x18C4, 0x10C3, 0x18E4, 0x18C4, 0x18E3,
  0x08C3, 0x8185, 0xFA27, 0x7965, 0x08E4, 0x2104, 0x2104, 0x10E4, 0x99A6, 0xFA07, 0xF1E7, 0xF9E7,
  0xFA07, 0xFA07, 0xFA07, 0xFA07, 0xFA07, 0xFA07, 0xFA07, 0xF9E7, 0xFA07, 0xD1C7, 0x18E4, 0x1904,
  0x2104, 0x10E4, 0x3904, 0xFA07, 0xCA07, 0x18E4, 0x18E4, 0x18E4, 0x18E4, 0x18E4, 0x10C3, 0x18E4,
  0x18E3, 0x18E4, 0x08C3, 0x7165, 0xFA48, 0x89A6, 0x08E4, 0x2104, 0x2104, 0x10E4, 0xA1A6, 0xFA07,
  0xF1E7, 0xFA07, 0xFA07, 0xFA07, 0xFA07, 0xFA07, 0xFA07, 0xFA07, 0xFA07, 0xFA07, 0xFA07, 0xD1E7,
  0x18E4, 0x1904, 0x2104, 0x10E4, 0x4924, 0xFA28, 0xB9C6, 0x10E4, 0x18E4, 0x18E4, 0x18E4, 0x10E4,
  0x10C3, 0x18E4, 0x18E3, 0x18E4, 0x10E3, 0x4925, 0xFA28, 0xC9E7, 0x10E4, 0x2104, 0x2104, 0x10E4,
  0xA9A6, 0xFA07, 0xF207, 0xFA07, 0xFA07, 0xFA07, 0xFA07, 0xFA07, 0xFA07, 0xFA07, 0xFA07, 0xFA07,
  0xFA07, 0xD9E7, 0x2104, 0x1904, 0x2104, 0x08C3, 0x8185, 0xFA48, 0x8986, 0x08E4, 0x2104, 0x18E4,
  0x18E4, 0x10E4, 0x10E3, 0x18E4, 0x18E3, 0x18C3, 0x18E4, 0x2104, 0xD9E7, 0xFA07, 0x4924, 0x10E4,
  0x2104, 0x10E4, 0xB1C6, 0xFA07, 0xF207, 0xFA07, 0xFA07, 0xFA07, 0xFA07, 0xFA07, 0xFA07, 0xFA07,
  0xF9E7, 0xF9E7, 0xFA07, 0xE207, 0x2904, 0x18E4, 0x18E4, 0x2904, 0xDA07, 0xFA07, 0x4925, 0x10E4,
  0x18E4, 0x18E4, 0x18E4, 0x18E3, 0x18C3, 0x18E4, 0x10E3, 0x18E3, 0x18E4, 0x10E3, 0x7165, 0xFA28,
  0xC9A6, 0x10E4, 0x18E4, 0x18E4, 0xD1E7, 0xFA07, 0xF9E7, 0xFA07, 0xFA07, 0xFA07, 0xF9E7, 0xF9E7,
  0xFA07, 0xF9E7, 0xF9E7, 0xFA07, 0xFA07, 0xFA07, 0x4124, 0x10E4, 0x08C3, 0x81A6, 0xFA68, 0xB1A6,
  0x10E4, 0x18E4, 0x18E4, 0x18E4, 0x18E4, 0x18E3, 0x18C3, 0x18E4, 0x18E4, 0x18E4, 0x18E3, 0x18E4,
  0x18E3, 0x99A6, 0x7986, 0x18E4, 0x10E4, 0x5945, 0xFA07, 0xFA07, 0xFA07, 0xFA07, 0xFA07, 0xFA07,
  0xFA07, 0xFA07, 0xFA07, 0xF9E7, 0xFA07, 0xFA07, 0xF1E7, 0xFA28, 0x99A6, 0x08C3, 0x18E4, 0x4945,
  0xB207, 0x3104, 0x10E4, 0x18E4, 0x18E4, 0x18E4, 0x18E4, 0x10E4, 0x18C3, 0x18E4, 0x18E4, 0x18E3,
  0x18E3, 0x18E3, 0x18E3, 0x08E3, 0x10E4, 0x18E4, 0x2904, 0xDA07, 0xFA07, 0xF207, 0xFA07, 0xFA07,
  0xFA07, 0xFA07, 0xFA07, 0xFA07, 0xFA07, 0xFA07, 0xFA07, 0xFA07, 0xFA07, 0xFA07, 0xFA28, 0x5145,
  0x08E4, 0x18E4, 0x10E4, 0x18E4, 0x18E4, 0x18E4, 0x1904, 0x18E4, 0x1904, 0x18E4, 0x10C3, 0x18E4,
  0x18E4, 0x18E4, 0x18E4, 0x18C3, 0x18C3, 0x18C3, 0x18E4, 0x10E4, 0xB186, 0xFA07, 0xF207, 0xFA07,
  0xFA07, 0xFA07, 0xFA07, 0xFA07, 0xFA07, 0xFA07, 0xFA07, 0xFA07, 0xFA07, 0xFA07, 0xFA07, 0xF207,
  0xFA07, 0xEA28, 0x3125, 0x18E4, 0x18E4, 0x18E4, 0x18E4, 0x1904, 0x18E4, 0x18E4, 0x1904, 0x10E4,
  0x10C3, 0x18E4, 0x18E4, 0x1904, 0x18E4, 0x10C3, 0x18C4, 0x18C4, 0x08C3, 0x5945, 0xFA28, 0xF1E7,
  0xFA07, 0xFA07, 0xFA07, 0xFA07, 0xFA07, 0xFA07, 0xFA07, 0xFA07, 0xFA07, 0xFA07, 0xFA07, 0xFA07,
  0xFA07, 0xFA07, 0xF1E7, 0xFA28, 0xA1A6, 0x08E4, 0x18E4, 0x18E4, 0x18E4, 0x1904, 0x18E4, 0x1904,
  0x1904, 0x18E4, 0x18E3, 0x18E4, 0x18E4, 0x1904, 0x18E4, 0x18E3, 0x18C3, 0x18E4, 0x10C3, 0x3924,
  0xE207, 0xFA07, 0xF207, 0xF227, 0xF228, 0xFA48, 0xFA28, 0xFA27, 0xFA28, 0xFA28, 0xFA28, 0xFA28,
  0xF207, 0xF207, 0xF207, 0xF227, 0xF207, 0xF1E7, 0x6945, 0x10E4, 0x18E4, 0x18E4, 0x18E4, 0x1904,
  0x1904, 0x1904, 0x1904, 0x18E4, 0x18E3, 0x18E4, 0x18E4, 0x1904, 0x18E4, 0x18E4, 0x18E3, 0x18C4,
  0x18E3, 0x10E3, 0x2904, 0x3925, 0x3924, 0x3924, 0x4125, 0x3925, 0x3104, 0x2904, 0x3104, 0x3104,
  0x3124, 0x3124, 0x3924, 0x3924, 0x3924, 0x3924, 0x3924, 0x3924, 0x10E4, 0x18E4, 0x18E4, 0x1904,
  0x1904, 0x1904, 0x1904, 0x1904, 0x1904, 0x18E4, 0x18E3, 0x18E4, 0x18E4, 0x1904, 0x18E4, 0x1904,
  0x18E4, 0x18E4, 0x18E4, 0x18E3, 0x18E3, 0x10E3, 0x10E3, 0x10E3, 0x10E4, 0x18E4, 0x6945, 0x7965,
  0x7185, 0x7165, 0x7165, 0x7985, 0x2904, 0x10E4, 0x10E3, 0x10E3, 0x10E3, 0x10E4, 0x18E4, 0x18E4,
  0x18E4, 0x1904, 0x18E4, 0x1904, 0x1904, 0x1904, 0x1904, 0x18E4, 0x18E3, 0x1904, 0x18E4, 0x18E4,
  0x18E4, 0x1904, 0x18E4, 0x18E3, 0x18E4, 0x18E4, 0x18E4, 0x18E3, 0x18E3, 0x18E3, 0x18E4, 0x18E4,
  0xD1E7, 0xFA28, 0xFA28, 0xFA28, 0xFA28, 0xFA28, 0x3124, 0x18E4, 0x18E4, 0x18E4, 0x18E4, 0x18E4,
  0x18E4, 0x18E4, 0x18E4, 0x18E4, 0x18E4, 0x1904, 0x18E4, 0x18E4, 0x1904, 0x10E4, 0x18E3, 0x1904,
  0x18E4, 0x1904, 0x18E4, 0x1904, 0x1904, 0x18E4, 0x18E4, 0x18E4, 0x18E4, 0x18E4, 0x18E3, 0x18E3,
  0x18E3, 0x10E3, 0x4925, 0xEA27, 0xFA27, 0xFA27, 0xFA28, 0x7986, 0x10E3, 0x18E4, 0x18E4, 0x18E4,
  0x18E4, 0x18E4, 0x18E4, 0x18E4, 0x18E4, 0x18E4, 0x18E4, 0x18E4, 0x1904, 0x1904, 0x1904, 0x18E3,
  0x18E4, 0x1904, 0x18E4, 0x1904, 0x18E4, 0x1904, 0x1904, 0x18E4, 0x18E4, 0x18E4, 0x18E4, 0x18E4,
  0x18E3, 0x18E3, 0x18C3, 0x18E3, 0x10E4, 0x3925, 0x8986, 0x99A6, 0x5145, 0x10E4, 0x18E4, 0x18E4,
  0x18E3, 0x18E3, 0x18E4, 0x1904, 0x18E4, 0x18E4, 0x18E4, 0x1904, 0x18E4, 0x18E4, 0x18E4, 0x1904,
  0x1904, 0x18E3, 0x18C4, 0x18E4, 0x18E4, 0x1904, 0x18E4, 0x18E4, 0x1904, 0x1904, 0x18E4, 0x18E4,
  0x18E4, 0x18E4, 0x18E4, 0x18E4, 0x18E4, 0x18E3, 0x18E3, 0x10E3, 0x08E3, 0x08E3, 0x10E4, 0x18E4,
  0x18E3, 0x18E3, 0x18E4, 0x18E4, 0x18E4, 0x18E4, 0x18E4, 0x1904, 0x18E4, 0x18E4, 0x18E4, 0x1904,
  0x1904, 0x1904, 0x1904, 0x10E4, 0x18C4, 0x1904, 0x18E4, 0x18E4, 0x18E4, 0x1904, 0x1904, 0x1904,
  0x1904, 0x1904, 0x18E4, 0x1904, 0x1904, 0x18E4, 0x18E4, 0x18E3, 0x18C3, 0x18E3, 0x18E4, 0x18E3,
  0x18E3, 0x18E3, 0x18E4, 0x18E3, 0x18E4, 0x1904, 0x1904, 0x1904, 0x1904, 0x18E4, 0x18E4, 0x18E4,
  0x18E4, 0x18E4, 0x1904, 0x1904, 0x1904, 0x10E4, 0x18E4, 0x1904, 0x18E4, 0x18E4, 0x1904, 0x1904,
  0x1904, 0x18E4, 0x1904, 0x18E4, 0x1904, 0x1904, 0x1904, 0x18E4, 0x18E4, 0x18E3, 0x18E3, 0x18E4,
  0x18E4, 0x18C3, 0x18C3, 0x18E3, 0x18E4, 0x18E4, 0x1904, 0x1904, 0x1904, 0x1904, 0x1904, 0x1904,
  0x18E4, 0x18E4, 0x18E4, 0x18E4, 0x1904, 0x1904, 0x1904, 0x18E4, 0x10E3, 0x1904, 0x18E4, 0x1904,
  0x18E4, 0x18E4, 0x18E4, 0x1904, 0x1904, 0x1904, 0x18E4, 0x1904, 0x1904, 0x1904, 0x1904, 0x18E4,
  0x18E4, 0x18E4, 0x18E4, 0x18E4, 0x18E4, 0x18E4, 0x1904, 0x1904, 0x1904, 0x1904, 0x1904, 0x1904,
  0x1904, 0x1904, 0x18E4, 0x18E4, 0x18E4, 0x18E4, 0x1904, 0x1904, 0x1904, 0x18E4, 0x08A2, 0x1904,
  0x18E4, 0x1904, 0x18E4, 0x1904, 0x18E4, 0x18E4, 0x1904, 0x18E4, 0x18E4, 0x18E4, 0x1904, 0x1904,
  0x18E4, 0x18E4, 0x18E4, 0x18E4, 0x18E4, 0x18E4, 0x18E4, 0x18E4, 0x18E4, 0x18E4, 0x1904, 0x18E4,
  0x1904, 0x1904, 0x1904, 0x18E4, 0x18E4, 0x18E4, 0x18E4, 0x18E4, 0x18E4, 0x18E4, 0x1904, 0x10A3,
  0x0000, 0x10C3, 0x1904, 0x1904, 0x1904, 0x1904, 0x1904, 0x18E4, 0x18E4, 0x18E4, 0x1904, 0x18E4,
  0x1904, 0x1904, 0x18E4, 0x18E4, 0x1904, 0x1904, 0x1904, 0x1904, 0x1904, 0x1904, 0x1904, 0x1904,
  0x1904, 0x18E4, 0x18E4, 0x1904, 0x1904, 0x1904, 0x1904, 0x1904, 0x1904, 0x18E4, 0x1904, 0x1904,
  0x10E3, 0x0020, 0x0000, 0x0000, 0x1082, 0x10E3, 0x18E4, 0x18E4, 0x18E3, 0x10C3, 0x18E3, 0x18C4,
  0x10E3, 0x18E3, 0x18C4, 0x18E3, 0x18E3, 0x18E3, 0x18E4, 0x18E3, 0x18C3, 0x18E3, 0x18E3, 0x18E3,
  0x18C3, 0x18E3, 0x18E4, 0x18E4, 0x18E3, 0x18C4, 0x18E3, 0x10E4, 0x10E3, 0x18E3, 0x18E3, 0x18E4,
  0x10C3, 0x1082, 0x0020, 0x0000
};

const uint16_t UI_ICON_COMPARE_DATA[UI_ICON_PIXELS] PROGMEM = {
  0x0000, 0x0000, 0x0882, 0x10C3, 0x10C3, 0x10C3, 0x10C3, 0x10C3, 0x10C3, 0x10C3, 0x10C3, 0x10C3,
  0x10E3, 0x10E3, 0x10E3, 0x10E4, 0x10E3, 0x10C3, 0x10C3, 0x10E3, 0x10C3, 0x10C3, 0x10C3, 0x10C3,
  0x10C3, 0x10C3, 0x10C3, 0x10C3, 0x10C3, 0x10E3, 0x10C3, 0x10C3, 0x10C3, 0x10C3, 0x10C3, 0x1082,
  0x0000, 0x0000, 0x0000, 0x10C3, 0x1904, 0x1904, 0x18E4, 0x18E4, 0x18E4, 0x18E4, 0x18E4, 0x18E4,
  0x18E4, 0x18E4, 0x1904, 0x1904, 0x1904, 0x1904, 0x1904, 0x1904, 0x1904, 0x1904, 0x1904, 0x1904,
  0x18E4, 0x18E4, 0x18E4, 0x1904, 0x1904, 0x1904, 0x1904, 0x1904, 0x1904, 0x1904, 0x1904, 0x18E4,
  0x1904, 0x1904, 0x10C3, 0x0000, 0x0882, 0x1904, 0x18E4, 0x18E4, 0x18E4, 0x18E4, 0x18E4, 0x18E4,
  0x18E4, 0x18E4, 0x18E4, 0x18E4, 0x18E4, 0x18E4, 0x18E4, 0x1904, 0x1904, 0x1904, 0x18E4, 0x18E4,
  0x18E4, 0x1904, 0x18E4, 0x18E4, 0x1904, 0x18E4, 0x18E4, 0x1904, 0x1904, 0x18E4, 0x18E4, 0x1904,
  0x18E4, 0x18E4, 0x18E4, 0x18E4, 0x1904, 0x1082, 0x10C3, 0x1904, 0x18E4, 0x18E4, 0x1904, 0x1904,
  0x1904, 0x18E4, 0x18E4, 0x18E4, 0x18E4, 0x18E4, 0x18E4, 0x18E4, 0x1904, 0x1904, 0x1904, 0x18E4,
  0x1904, 0x18E4, 0x1904, 0x1904, 0x1904, 0x18E4, 0x1904, 0x18E4, 0x18E4, 0x18E4, 0x18E4, 0x18E4,
  0x18E4, 0x18E4, 0x18E4, 0x18E4, 0x18E4, 0x18E4, 0x18E4, 0x10C3, 0x10C3, 0x1904, 0x18E4, 0x1904,
  0x1904, 0x1904, 0x18E4, 0x18E4, 0x18E4, 0x18E4, 0x10E4, 0x18E4, 0x18E4, 0x18E4, 0x18E4, 0x1904,
  0x1904, 0x1904, 0x1904, 0x1904, 0x18E4, 0x18E4, 0x18E4, 0x18E4, 0x18E4, 0x18E4, 0x18E4, 0x18E4,
  0x18E4, 0x18E4, 0x18E4, 0x18E4, 0x18E4, 0x18E4, 0x18E4, 0x18E4, 0x1904, 0x10C3, 0x10C3, 0x18E4,
  0x18E4, 0x1904, 0x1904, 0x1904, 0x1904, 0x1904, 0x18E4, 0x1904, 0x2124, 0x18E4, 0x1904, 0x1904,
  0x1904, 0x18E4, 0x1904, 0x1904, 0x18E4, 0x18E4, 0x1904, 0x18E4, 0x1904, 0x18E4, 0x18E4, 0x18E4,
  0x1904, 0x1904, 0x1904, 0x1904, 0x1904, 0x18E4, 0x18E4, 0x18E4, 0x18E4, 0x18E4, 0x1904, 0x10C3,
  0x10C3, 0x18E4, 0x18E4, 0x18E4, 0x18E4, 0x1904, 0x08A4, 0x10E4, 0x10C4, 0x5A85, 0xC4E6, 0x10A3,
  0x1904, 0x0883, 0x10C4, 0x1904, 0x1904, 0x10C3, 0x31C7, 0x31C7, 0x10C3, 0x1904, 0x18E4, 0x1904,
  0x18E4, 0x1904, 0x18E4, 0x0882, 0x10C3, 0x0882, 0x10C3, 0x1904, 0x18E4, 0x18E4, 0x18E4, 0x18E4,
  0x1904, 0x10C4, 0x10C3, 0x18E4, 0x18E4, 0x18E4, 0x1904, 0x10E4, 0x8B85, 0x41E4, 0x0883, 0x5244,
  0xBCC6, 0x10C4, 0x10C3, 0x7B45, 0x4A24, 0x10C4, 0x1924, 0x10C3, 0x4A6A, 0x4249, 0x10A3, 0x1904,
  0x1904, 0x18E4, 0x1904, 0x1904, 0x1925, 0x8451, 0xC618, 0xA514, 0x31C7, 0x10C3, 0x1904, 0x18E4,
  0x1904, 0x18E4, 0x1904, 0x10C4, 0x10C3, 0x18E4, 0x18E4, 0x18E4, 0x1904, 0x10C4, 0x93C5, 0xD547,
  0x08A4, 0x3184, 0x5265, 0x10C4, 0x5244, 0xF627, 0x39C4, 0x10E4, 0x2124, 0x10C3, 0x4249, 0x4229,
  0x10A3, 0x1904, 0x1904, 0x1904, 0x08A3, 0x0062, 0xAD96, 0xFFFF, 0xFFDF, 0xFFFF, 0xDEFC, 0x2986,
  0x18E4, 0x1904, 0x1904, 0x18E4, 0x1904, 0x18C3, 0x10C3, 0x1904, 0x18E4, 0x18E4, 0x18E4, 0x18E4,
  0x10C4, 0x3184, 0x8385, 0xF606, 0xFE26, 0xCD46, 0x4A24, 0x2944, 0x10C4, 0x1904, 0x1904, 0x10C3,
  0x4249, 0x4249, 0x10C3, 0x1904, 0x1904, 0x18E4, 0x5AEC, 0x94B3, 0xF7BE, 0xF79E, 0xF79E, 0xEF7D,
  0xFFFF, 0x7BEF, 0x0021, 0x1904, 0x1904, 0x18E4, 0x1904, 0x10C3, 0x10C3, 0x18E4, 0x18E4, 0x1904,
  0x18E3, 0x2124, 0x1904, 0x41E4, 0xFE46, 0xFE26, 0xF5E6, 0xFE86, 0xC4E6, 0x10E4, 0x2944, 0x1904,
  0x1904, 0x10C3, 0x4A49, 0x4249, 0x10C3, 0x1925, 0x0041, 0x52AB, 0xFFFF, 0xFFFF, 0xF79E, 0xF7BE,
  0xF7BE, 0xF79E, 0xF7BE, 0xEF5D, 0x8C92, 0x18E4, 0x18E4, 0x18E4, 0x1904, 0x18C3, 0x10C3, 0x18E4,
  0x1904, 0x10A4, 0x5A85, 0xE627, 0x93C6, 0x8365, 0xFE87, 0xF606, 0xFE06, 0xFE26, 0xEDC7, 0x4A25,
  0xDDA6, 0xB4A5, 0x18E4, 0x10C3, 0x4A69, 0x4249, 0x10C3, 0x10C3, 0x5AEC, 0xDEFB, 0xF79E, 0xEF7E,
  0xF79E, 0xF7BE, 0xF7BE, 0xF7BE, 0xF7BE, 0xF7BF, 0xFFFF, 0x632D, 0x0882, 0x1904, 0x1904, 0x18C4,
  0x10C3, 0x18E4, 0x18E4, 0x18E3, 0x2944, 0x4A25, 0x2944, 0x5A65, 0xFE87, 0xF606, 0xF606, 0xFE66,
  0xD567, 0x1904, 0x4205, 0x39C4, 0x1904, 0x10C3, 0x4A6A, 0x4249, 0x0882, 0x29A6, 0xEF7E, 0xFFDF,
  0xEF7E, 0xF79E, 0xF77E, 0xF79E, 0xF79E, 0xF79E, 0xF79E, 0xEF5D, 0xFFFF, 0x8C72, 0x0882, 0x1924,
  0x1904, 0x10C3, 0x10C3, 0x18E4, 0x18E4, 0x18E3, 0x18E4, 0x10C3, 0x10A4, 0x2144, 0xAC45, 0xFE66,
  0xFE87, 0xEE07, 0x5A84, 0x10A3, 0x08A4, 0x18E4, 0x1904, 0x10C3, 0x4A69, 0x4229, 0x10A3, 0x2986,
  0xE71C, 0xFFFF, 0xFFFF, 0xFFFF, 0xFFFF, 0xFFFF, 0xFFFF, 0xFFFF, 0xFFFF, 0xFFFF, 0xF7BE, 0x4249,
  0x10C3, 0x1904, 0x1904, 0x10C3, 0x10C3, 0x1904, 0x18E4, 0x18E4, 0x1904, 0x10C3, 0x8B85, 0xC506,
  0x10C4, 0x5244, 0x7305, 0x2985, 0x5264, 0xDD66, 0x2964, 0x18E4, 0x2124, 0x10C3, 0x4249, 0x4229,
  0x10E3, 0x18E3, 0x4229, 0x9CD3, 0x9CF3, 0x94D3, 0x94D3, 0x94D3, 0x94D3, 0x94D3, 0x9CF3, 0x94B3,
  0x4249, 0x10C3, 0x1904, 0x18E4, 0x1904, 0x10C3, 0x10C3, 0x1904, 0x18E4, 0x18E4, 0x18E4, 0x18E4,
  0xA446, 0x5A64, 0x0883, 0x41E5, 0x9C06, 0x10C4, 0x1904, 0xA405, 0x5A44, 0x10C4, 0x2124, 0x10C3,
  0x4249, 0x4249, 0x10C3, 0x1904, 0x10C3, 0x0882, 0x08A3, 0x08A2, 0x08A3, 0x08A3, 0x08A3, 0x0882,
  0x0882, 0x0882, 0x10C3, 0x1904, 0x1904, 0x18E4, 0x1904, 0x10E3, 0x10C3, 0x1904, 0x18E4, 0x18E4,
  0x18E4, 0x18E4, 0x08A4, 0x10C3, 0x10C4, 0x62A5, 0xD546, 0x10C4, 0x1904, 0x10C4, 0x18E4, 0x1904,
  0x1904, 0x10C3, 0x4A49, 0x4249, 0x10C3, 0x1904, 0x1904, 0x1904, 0x1904, 0x2125, 0x18E3, 0x20C3,
  0x18C3, 0x1904, 0x1925, 0x1904, 0x1904, 0x18E4, 0x18E4, 0x18E4, 0x1904, 0x10E3, 0x10C3, 0x1904,
  0x18E4, 0x1904, 0x18E4, 0x18E4, 0x1904, 0x18E4, 0x18E4, 0x1904, 0x2944, 0x1904, 0x1904, 0x10E4,
  0x10C4, 0x10C4, 0x1904, 0x10C3, 0x4A49, 0x4249, 0x10C3, 0x1904, 0x18E4, 0x1904, 0x1904, 0x18E4,
  0x1ACE, 0x1BD4, 0x1B92, 0x1987, 0x18E4, 0x18E4, 0x18E4, 0x18E4, 0x18E4, 0x18E4, 0x1904, 0x10E3,
  0x10C3, 0x1904, 0x1904, 0x1904, 0x18E4, 0x18E4, 0x18E4, 0x18E4, 0x18E3, 0x10E3, 0x10E4, 0x1904,
  0x1904, 0x41E4, 0x4A45, 0x39A4, 0x18E4, 0x10C3, 0x4A49, 0x4249, 0x10C3, 0x1904, 0x18E4, 0x1904,
  0x1904, 0x18E4, 0x253A, 0x1E5F, 0x265F, 0x226C, 0x18C3, 0x1905, 0x1904, 0x18E4, 0x18E4, 0x18E4,
  0x1904, 0x10E3, 0x10C3, 0x1904, 0x18E4, 0x1904, 0x1904, 0x18E4, 0x18E4, 0x18E4, 0x1904, 0x1904,
  0x2124, 0x10C3, 0x39C4, 0xFE06, 0xFE66, 0xD526, 0x1904, 0x10C3, 0x4A69, 0x4249, 0x10C3, 0x1904,
  0x18E4, 0x1904, 0x1904, 0x18E4, 0x1CD9, 0x1E1F, 0x25FF, 0x1A2B, 0x1882, 0x18C3, 0x18A2, 0x18C3,
  0x18E4, 0x18E4, 0x1904, 0x10E3, 0x10C3, 0x1904, 0x18E4, 0x1904, 0x18E4, 0x18E4, 0x18E4, 0x18E4,
  0x10C3, 0x08A3, 0x08A3, 0x0883, 0x4A04, 0xFE06, 0xFE06, 0xD546, 0x1924, 0x10C3, 0x4A69, 0x4249,
  0x10C3, 0x1904, 0x1904, 0x1904, 0x1904, 0x18E4, 0x1CD9, 0x261F, 0x261F, 0x19E9, 0x226C, 0x2455,
  0x1C14, 0x19E9, 0x18C3, 0x18E4, 0x1904, 0x10C3, 0x10C3, 0x1904, 0x18E4, 0x18E4, 0x18E4, 0x18E4,
  0x18E3, 0x10C3, 0x2964, 0x7B45, 0x8365, 0x4A24, 0x41E5, 0xFE06, 0xFE26, 0xD546, 0x1904, 0x10C3,
  0x4A69, 0x4249, 0x10C3, 0x1925, 0x18E4, 0x18E3, 0x18E4, 0x1904, 0x1CF9, 0x1E1F, 0x261F, 0x19E9,
  0x1C15, 0x1E7F, 0x1E7F, 0x1B50, 0x1882, 0x1904, 0x1904, 0x10C3, 0x10C3, 0x1904, 0x18E4, 0x18E4,
  0x18E4, 0x1903, 0x1903, 0x10A3, 0x62C5, 0xFEC7, 0xFEA6, 0xBCA5, 0x39A4, 0xFE26, 0xFE26, 0xD546,
  0x1904, 0x10C3, 0x4A6A, 0x4249, 0x10C3, 0x1904, 0x1946, 0x19A7, 0x1946, 0x18E4, 0x24F9, 0x1E1F,
  0x261F, 0x222A, 0x1BD3, 0x1E1F, 0x1E1F, 0x1B0F, 0x18A2, 0x1904, 0x1904, 0x10C3, 0x10C3, 0x18E4,
  0x18E4, 0x1904, 0x10E4, 0x10A3, 0x10C4, 0x0884, 0x62A5, 0xFE26, 0xFE46, 0xB465, 0x39C4, 0xFE26,
  0xFE46, 0xD546, 0x1904, 0x10C3, 0x4A69, 0x4249, 0x10C3, 0x1925, 0x251A, 0x25FE, 0x1D5C, 0x1146,
  0x24D8, 0x1E1F, 0x261F, 0x19E9, 0x1BD4, 0x1E3F, 0x1E1F, 0x1B10, 0x18A2, 0x1904, 0x1904, 0x10E3,
  0x10C3, 0x18E4, 0x1904, 0x10C4, 0x4A04, 0xAC66, 0xB4A6, 0x5265, 0x5244, 0xFE46, 0xFE46, 0xB485,
  0x39C4, 0xFE26, 0xFE26, 0xD546, 0x1904, 0x10C3, 0x4249, 0x4249, 0x10C3, 0x1966, 0x25BD, 0x261F,
  0x1DFF, 0x19A7, 0x24B8, 0x261F, 0x261F, 0x19E9, 0x1BD4, 0x263F, 0x1E1F, 0x1B10, 0x18A2, 0x1905,
  0x1904, 0x10C3, 0x10C3, 0x18E4, 0x1904, 0x08A4, 0x7B45, 0xFEA7, 0xFEC7, 0x93C5, 0x4A04, 0xFE66,
  0xFE46, 0xB485, 0x39C4, 0xFE26, 0xFE46, 0xD546, 0x1904, 0x10C3, 0x4249, 0x4249, 0x10C3, 0x1966,
  0x259C, 0x25FF, 0x1DDE, 0x19A7, 0x24B8, 0x261F, 0x261F, 0x19E9, 0x1BD4, 0x1E3F, 0x1E1F, 0x1B10,
  0x18A2, 0x1904, 0x1904, 0x10C3, 0x10C3, 0x18E4, 0x1904, 0x08A4, 0x7B25, 0xFE46, 0xFE46, 0x8B85,
  0x5244, 0xFE67, 0xFE46, 0xB485, 0x39C4, 0xFE26, 0xFE46, 0xD546, 0x1904, 0x10C3, 0x4249, 0x4249,
  0x10C3, 0x1966, 0x257C, 0x1E1F, 0x1DDE, 0x1987, 0x24D8, 0x261F, 0x261F, 0x1A09, 0x1BD4, 0x1E3F,
  0x1E1F, 0x1B10, 0x18A2, 0x1904, 0x1904, 0x10C3, 0x10C3, 0x18E4, 0x1904, 0x08A4, 0x7B25, 0xFE46,
  0xFE46, 0x93A5, 0x5265, 0xFE66, 0xFE46, 0xB485, 0x39C4, 0xFE27, 0xFE46, 0xD546, 0x1904, 0x10C3,
  0x4249, 0x4249, 0x10C3, 0x1946, 0x259C, 0x1E1F, 0x1DFE, 0x19A7, 0x24D8, 0x263F, 0x261F, 0x1A09,
  0x1BD4, 0x263F, 0x1E1F, 0x1B30, 0x18A2, 0x1904, 0x1904, 0x10C3, 0x10C3, 0x18E4, 0x1904, 0x08A4,
  0x7325, 0xFE46, 0xFE66, 0x93A6, 0x5244, 0xFE46, 0xFE46, 0xB486, 0x39E4, 0xFE27, 0xFE26, 0xD526,
  0x1904, 0x10C3, 0x4249, 0x4229, 0x10C3, 0x1946, 0x257C, 0x261F, 0x1DDE, 0x19A7, 0x24B8, 0x261F,
  0x261F, 0x19E9, 0x1BD4, 0x263F, 0x1E1F, 0x1B10, 0x18A2, 0x1904, 0x1904, 0x10C4, 0x10C3, 0x18E4,
  0x18E3, 0x08A4, 0x7B25, 0xFE66, 0xFE87, 0x9385, 0x5244, 0xFE66, 0xFE66, 0xB4A5, 0x39C4, 0xFE27,
  0xFE46, 0xDD66, 0x2124, 0x10C3, 0x4249, 0x3A29, 0x10A3, 0x1946, 0x259D, 0x261F, 0x1DFF, 0x19A7,
  0x24D8, 0x263F, 0x261F, 0x19E9, 0x1BF4, 0x263F, 0x1E3F, 0x1B30, 0x18A2, 0x1904, 0x1904, 0x10C3,
  0x10C3, 0x18E4, 0x18E4, 0x08A4, 0x6AE5, 0xF627, 0xF647, 0x8345, 0x4A04, 0xF667, 0xF626, 0xA404,
  0x3184, 0xF607, 0xFE47, 0xC4E6, 0x18E4, 0x10A3, 0x4249, 0x4249, 0x10C3, 0x1945, 0x255B, 0x261F,
  0x25DD, 0x1967, 0x2476, 0x263F, 0x261E, 0x19C8, 0x23D3, 0x263F, 0x1DFE, 0x1ACE, 0x18A2, 0x1904,
  0x1904, 0x10C3, 0x10C3, 0x18E4, 0x18E3, 0x18E4, 0x2124, 0x31A4, 0x3184, 0x2124, 0x1904, 0x39A4,
  0x31A4, 0x2124, 0x1904, 0x31A5, 0x31A4, 0x2944, 0x18E3, 0x10C3, 0x39E8, 0x31C7, 0x10C3, 0x1904,
  0x1966, 0x19C8, 0x1987, 0x1904, 0x1945, 0x19C8, 0x19A7, 0x1904, 0x1945, 0x19C8, 0x19A8, 0x1904,
  0x18E4, 0x18E4, 0x1904, 0x10E3, 0x10C3, 0x18E4, 0x18E4, 0x18E4, 0x10E3, 0x10C3, 0x10C3, 0x18E3,
  0x18E4, 0x10C3, 0x10C3, 0x18E3, 0x18E3, 0x10C3, 0x10C3, 0x10C3, 0x18E3, 0x18E4, 0x18E4, 0x18E4,
  0x18E4, 0x10E4, 0x10C3, 0x18C3, 0x18C3, 0x10E4, 0x10E4, 0x10C3, 0x10C3, 0x10E4, 0x10C4, 0x10C3,
  0x10C3, 0x10E4, 0x10E4, 0x18E4, 0x1904, 0x10E3, 0x10C3, 0x18E4, 0x18E4, 0x10E4, 0x10E3, 0x18E3,
  0x18E4, 0x18E4, 0x18E4, 0x18E4, 0x18E3, 0x18E3, 0x18E3, 0x18E3, 0x18E4, 0x18E4, 0x18E4, 0x10E4,
  0x18E4, 0x18E4, 0x18E4, 0x10E4, 0x10E4, 0x10E4, 0x10E4, 0x10E4, 0x10E4, 0x10E4, 0x10E4, 0x10E4,
  0x10E4, 0x10E4, 0x10E4, 0x10E4, 0x18E4, 0x18E4, 0x1904, 0x10E3, 0x10C3, 0x18E4, 0x18E4, 0x18E4,
  0x18E4, 0x18E4, 0x18E4, 0x18E4, 0x18E3, 0x18E3, 0x18E3, 0x18E3, 0x18E3, 0x18E4, 0x18E4, 0x18E4,
  0x18E4, 0x18E4, 0x1904, 0x1904, 0x18E4, 0x18E4, 0x10E4, 0x10E4, 0x10E4, 0x10E4, 0x18E4, 0x18E4,
  0x18E4, 0x18E4, 0x18E4, 0x10E4, 0x10E4, 0x18E4, 0x18E4, 0x18E4, 0x18E4, 0x10C4, 0x10A2, 0x1904,
  0x18E4, 0x18E4, 0x18E4, 0x18E4, 0x1904, 0x18E4, 0x18E4, 0x18E3, 0x18E3, 0x18E4, 0x18E4, 0x18E4,
  0x18E4, 0x18E4, 0x18E4, 0x1904, 0x1904, 0x1904, 0x18E4, 0x18E4, 0x10E4, 0x10E4, 0x10E4, 0x18E4,
  0x18E4, 0x18E4, 0x18E4, 0x18E4, 0x18E4, 0x18E3, 0x18E4, 0x18E4, 0x18E4, 0x18E4, 0x1904, 0x10A2,
  0x0000, 0x10C3, 0x1904, 0x1904, 0x1904, 0x1904, 0x18E4, 0x1904, 0x18E4, 0x18E4, 0x18E4, 0x18E4,
  0x18E4, 0x18E4, 0x18E4, 0x18E4, 0x1904, 0x1904, 0x1904, 0x1904, 0x18E4, 0x18E4, 0x18E4, 0x18E4,
  0x18E4, 0x18E4, 0x18E4, 0x1904, 0x18E4, 0x18E4, 0x18E4, 0x18E4, 0x18E4, 0x18E4, 0x18E4, 0x1904,
  0x10C3, 0x0020, 0x0000, 0x0020, 0x10A2, 0x18E4, 0x18E4, 0x18E4, 0x18E4, 0x18E4, 0x18E4, 0x18E4,
  0x18E4, 0x18E4, 0x18E4, 0x18E4, 0x18E4, 0x18E4, 0x18E4, 0x18E4, 0x18E4, 0x18E4, 0x18E4, 0x18E4,
  0x18E4, 0x18E4, 0x18E4, 0x18E4, 0x18E4, 0x18E4, 0x18E4, 0x18E4, 0x18E4, 0x18E4, 0x18E4, 0x18E4,
  0x18E3, 0x10A3, 0x0020, 0x0000
};

const uint16_t UI_ICON_PAYBACK_DATA[UI_ICON_PIXELS] PROGMEM = {
  0x0000, 0x0000, 0x0882, 0x10C3, 0x10C3, 0x10C3, 0x10C3, 0x10C3, 0x10C3, 0x10C3, 0x10C3, 0x10C3,
  0x10C3, 0x10C3, 0x10C3, 0x10C3, 0x10A3, 0x10A3, 0x10C3, 0x10C3, 0x10C3, 0x10A3, 0x10C3, 0x10C3,
  0x10A3, 0x10C3, 0x10C3, 0x10C3, 0x10C3, 0x10C3, 0x10C3, 0x10C3, 0x10C3, 0x10C3, 0x10C3, 0x0882,
  0x0000, 0x0000, 0x0000, 0x10C3, 0x1904, 0x1904, 0x1904, 0x1904, 0x1904, 0x18E4, 0x18E4, 0x18E4,
  0x18E4, 0x18E4, 0x18E4, 0x18E4, 0x18E4, 0x10E4, 0x10E3, 0x10E4, 0x10E3, 0x10E3, 0x10E3, 0x10E3,
  0x10E3, 0x10E4, 0x10E3, 0x10E3, 0x10E4, 0x18E4, 0x18E4, 0x18E4, 0x18E4, 0x18E4, 0x18E4, 0x1904,
  0x1904, 0x1904, 0x10C3, 0x0000, 0x1082, 0x1904, 0x18E4, 0x18E4, 0x18E4, 0x18E4, 0x18E4, 0x18E4,
  0x18E4, 0x18E4, 0x18E4, 0x18E4, 0x10E3, 0x10E4, 0x10E4, 0x10E4, 0x10E4, 0x10E4, 0x10E4, 0x10E3,
  0x10A3, 0x10A3, 0x10E4, 0x10E4, 0x10E3, 0x10E4, 0x10C3, 0x18E4, 0x18E4, 0x18E4, 0x18E4, 0x18E4,
  0x18E4, 0x18E4, 0x1904, 0x18E4, 0x1904, 0x0882, 0x18C4, 0x1904, 0x1904, 0x18E4, 0x18E4, 0x1904,
  0x18E4, 0x18E4, 0x18E4, 0x18E4, 0x18E4, 0x18E3, 0x10E3, 0x10E3, 0x10E3, 0x10E4, 0x10E4, 0x10E3,
  0x10E3, 0x18C3, 0x19E5, 0x19A5, 0x10A3, 0x1103, 0x10E3, 0x10C3, 0x10E3, 0x10E3, 0x1904, 0x1904,
  0x18E4, 0x18E4, 0x1904, 0x18E4, 0x18E4, 0x18E4, 0x1904, 0x10E3, 0x10E4, 0x18E4, 0x18E4, 0x1904,
  0x18E4, 0x1904, 0x1904, 0x18E4, 0x18E4, 0x18E4, 0x18E4, 0x18E3, 0x10E3, 0x10E3, 0x10E3, 0x10E4,
  0x10E3, 0x10C3, 0x10C3, 0x1083, 0x3D4A, 0x468C, 0x19C5, 0x10A3, 0x1103, 0x10E3, 0x10E4, 0x10E4,
  0x18E4, 0x18E4, 0x18E4, 0x1904, 0x1904, 0x18E4, 0x18E4, 0x1904, 0x1904, 0x10E3, 0x10E4, 0x18E4,
  0x18E4, 0x1904, 0x1904, 0x18E4, 0x18E4, 0x18E4, 0x18E4, 0x18E4, 0x18E4, 0x18E3, 0x1904, 0x18E3,
  0x1083, 0x10A3, 0x1924, 0x1984, 0x19C5, 0x21E5, 0x3DCB, 0x46EC, 0x464B, 0x2205, 0x10A3, 0x10E3,
  0x10E3, 0x10E3, 0x18E3, 0x18E4, 0x18E4, 0x18E4, 0x18E4, 0x1904, 0x1904, 0x18E4, 0x1904, 0x18C3,
  0x10E4, 0x1904, 0x18E4, 0x1904, 0x1904, 0x18E4, 0x18E4, 0x18E3, 0x10E3, 0x10E3, 0x1904, 0x1904,
  0x10A3, 0x1944, 0x2B27, 0x34C9, 0x3DCA, 0x464C, 0x468C, 0x468C, 0x466B, 0x466B, 0x4ECC, 0x466B,
  0x2205, 0x10A3, 0x10E3, 0x10E3, 0x10E3, 0x10E3, 0x18E4, 0x18E4, 0x18E4, 0x1904, 0x1904, 0x18E4,
  0x1904, 0x18E3, 0x18E4, 0x1904, 0x1904, 0x18E4, 0x18E4, 0x18E4, 0x18E4, 0x10E3, 0x18E3, 0x1904,
  0x18C3, 0x18E4, 0x2B87, 0x3DEB, 0x46EC, 0x4F2D, 0x4F0C, 0x46CC, 0x468C, 0x468C, 0x466C, 0x468C,
  0x466C, 0x4ECC, 0x468C, 0x1944, 0x10C3, 0x1104, 0x10E3, 0x10E3, 0x18E3, 0x18E4, 0x18E4, 0x18E4,
  0x18E4, 0x1904, 0x1904, 0x18C3, 0x18E4, 0x1904, 0x1904, 0x18E4, 0x18E4, 0x18E4, 0x10E4, 0x10E3,
  0x1904, 0x18A3, 0x19A5, 0x3D6A, 0x4EEC, 0x4F0C, 0x464B, 0x3CC9, 0x2B48, 0x2246, 0x19A5, 0x2B27,
  0x46AC, 0x468C, 0x46EC, 0x464C, 0x33E8, 0x1904, 0x1904, 0x18C3, 0x18E3, 0x18E3, 0x18E3, 0x18E4,
  0x18E4, 0x1904, 0x1904, 0x1904, 0x1904, 0x10C3, 0x10E4, 0x18E4, 0x18E4, 0x18E4, 0x18E4, 0x18E4,
  0x18E4, 0x1904, 0x18C3, 0x2206, 0x462B, 0x46CC, 0x468C, 0x3C69, 0x21A5, 0x18C3, 0x18C4, 0x18E4,
  0x1063, 0x2B07, 0x4F4D, 0x466C, 0x3449, 0x19A5, 0x18A3, 0x1904, 0x18E4, 0x2205, 0x1924, 0x18C3,
  0x1904, 0x18E4, 0x18E4, 0x18E4, 0x1904, 0x1904, 0x18E4, 0x10C3, 0x10E4, 0x18E4, 0x18E4, 0x18E4,
  0x18E4, 0x18E4, 0x1903, 0x18C3, 0x19A5, 0x462B, 0x4ECC, 0x464B, 0x2AC7, 0x18A4, 0x18E4, 0x1904,
  0x1904, 0x1924, 0x18E4, 0x2246, 0x3469, 0x21C5, 0x10A3, 0x18E4, 0x1924, 0x18C4, 0x2AE7, 0x4F2C,
  0x3D09, 0x1924, 0x18E4, 0x18E4, 0x18E4, 0x18E4, 0x18E4, 0x18E4, 0x18E4, 0x10C3, 0x10E4, 0x18E4,
  0x18E4, 0x18E3, 0x18E3, 0x18E3, 0x18E3, 0x18E4, 0x3D4A, 0x46CC, 0x462B, 0x2226, 0x18A3, 0x1924,
  0x1904, 0x1904, 0x1904, 0x1904, 0x2124, 0x1904, 0x18A3, 0x18E4, 0x1924, 0x1904, 0x1904, 0x18C3,
  0x2246, 0x466C, 0x46EC, 0x3CE9, 0x18E4, 0x1904, 0x18E4, 0x10E4, 0x18E4, 0x18E4, 0x18E4, 0x10C3,
  0x10E4, 0x18E4, 0x18E4, 0x18E3, 0x18E3, 0x1904, 0x1083, 0x33A8, 0x4EED, 0x468C, 0x22A6, 0x18A3,
  0x1924, 0x1904, 0x1924, 0x1904, 0x10C4, 0x10C4, 0x08C4, 0x08C4, 0x08C4, 0x10C4, 0x1904, 0x1904,
  0x1903, 0x1904, 0x18C4, 0x2AC6, 0x466C, 0x4EEC, 0x2B47, 0x10A3, 0x1904, 0x10E3, 0x18E4, 0x1904,
  0x18E4, 0x10C3, 0x10E3, 0x18E4, 0x18E3, 0x18E3, 0x18E3, 0x18C3, 0x1944, 0x460B, 0x4EED, 0x3449,
  0x18A3, 0x1924, 0x1924, 0x18E4, 0x08C4, 0x2944, 0x5245, 0x7305, 0x8365, 0x8365, 0x7305, 0x5265,
  0x2964, 0x10C4, 0x10E3, 0x1904, 0x1924, 0x10A3, 0x3C49, 0x4F0D, 0x3DEB, 0x1944, 0x18E3, 0x10E4,
  0x18E4, 0x18E4, 0x18E4, 0x10C3, 0x10C3, 0x18E4, 0x10C3, 0x18E3, 0x1904, 0x1083, 0x2B47, 0x4F0C,
  0x462B, 0x1985, 0x18E4, 0x1924, 0x10E4, 0x2984, 0x9C26, 0xE5A6, 0xFE46, 0xFE66, 0xFE66, 0xFE67,
  0xFE87, 0xFE47, 0xEDC6, 0xAC66, 0x39C4, 0x10C4, 0x1924, 0x18E4, 0x21A5, 0x460B, 0x46EC, 0x2B47,
  0x10A3, 0x1904, 0x18E4, 0x18E4, 0x18E4, 0x10C3, 0x10C4, 0x18E4, 0x10C3, 0x18E3, 0x1904, 0x18C3,
  0x3D0A, 0x4F2D, 0x3C89, 0x18C3, 0x1924, 0x10E4, 0x39C4, 0xE5A6, 0xFE87, 0xFE26, 0xFE06, 0xF606,
  0xF606, 0xF606, 0xF606, 0xFE06, 0xFE26, 0xFE87, 0xEDE6, 0x4A04, 0x10C4, 0x1944, 0x18A3, 0x3428,
  0x4F2C, 0x3D0A, 0x18C3, 0x1904, 0x18E3, 0x18E3, 0x18E4, 0x10C3, 0x10E4, 0x18E4, 0x10E4, 0x18E3,
  0x18E4, 0x1944, 0x460B, 0x4EEC, 0x2AC7, 0x18C3, 0x2124, 0x08C4, 0xAC66, 0xFE66, 0xF5E6, 0xFE26,
  0xFE26, 0xFE06, 0xFE26, 0xFE06, 0xFE06, 0xFE26, 0xFE06, 0xF5E6, 0xFE66, 0xC506, 0x10E4, 0x1924,
  0x18C3, 0x2AA6, 0x4EEC, 0x3E0B, 0x1964, 0x18E4, 0x18E4, 0x18E3, 0x10E4, 0x10C3, 0x10C4, 0x18E4,
  0x18E3, 0x1904, 0x10C3, 0x21E5, 0x46AC, 0x468C, 0x21E5, 0x18C3, 0x1924, 0x08C4, 0x9C05, 0xFE86,
  0xF606, 0xFE06, 0xFE06, 0xFE06, 0xFE26, 0xFE06, 0xFE06, 0xFE06, 0xFE06, 0xF5E6, 0xFE87, 0xBCC7,
  0x10C4, 0x1924, 0x18E4, 0x21C5, 0x466C, 0x46AC, 0x2226, 0x18C4, 0x1904, 0x18E3, 0x10E4, 0x10C3,
  0x10C3, 0x18E4, 0x18E3, 0x1904, 0x10A3, 0x2266, 0x4ECC, 0x462B, 0x1985, 0x18E4, 0x1924, 0x1904,
  0x1903, 0xC4E6, 0xFEC7, 0xFE46, 0xFE26, 0xFE27, 0xFE06, 0xFE06, 0xFE06, 0xFE26, 0xFE46, 0xFEA7,
  0xD567, 0x2984, 0x10E4, 0x1924, 0x1904, 0x1944, 0x45EB, 0x4EED, 0x2AA6, 0x10A3, 0x1904, 0x18E3,
  0x10E4, 0x10C3, 0x10E3, 0x18E4, 0x10C3, 0x1904, 0x10A3, 0x2266, 0x4ECC, 0x460B, 0x1965, 0x1904,
  0x1904, 0x2124, 0x5265, 0x2124, 0x62A5, 0xC4C6, 0xEDE7, 0xFE47, 0xFE67, 0xFE67, 0xFE67, 0xF5E7,
  0xC506, 0x6B05, 0x1924, 0x5244, 0x2124, 0x1904, 0x1904, 0x1944, 0x45EB, 0x4F0D, 0x2AA7, 0x10A3,
  0x1904, 0x18E3, 0x18E4, 0x10C3, 0x10E3, 0x18E4, 0x18C3, 0x1904, 0x18C4, 0x2226, 0x46AC, 0x464B,
  0x21C5, 0x18E4, 0x1924, 0x10C4, 0xC507, 0xC506, 0x41C4, 0x1924, 0x2964, 0x39A4, 0x4204, 0x4A25,
  0x39E4, 0x2964, 0x1904, 0x3983, 0xB4A6, 0xD567, 0x10E4, 0x1904, 0x1904, 0x2185, 0x462B, 0x4EED,
  0x2266, 0x10A3, 0x1904, 0x18E3, 0x18E4, 0x10C3, 0x10E3, 0x18E4, 0x10E4, 0x18E4, 0x18C4, 0x21A5,
  0x464C, 0x4ECC, 0x2266, 0x18C3, 0x2124, 0x10C4, 0x9BE6, 0xFEC6, 0xFE47, 0xDD87, 0xAC66, 0x8365,
  0x6AE5, 0x72E5, 0x7B45, 0xA446, 0xD567, 0xFE26, 0xFEC6, 0xB486, 0x10C4, 0x1924, 0x18C4, 0x2206,
  0x4EAC, 0x468C, 0x21E5, 0x18C4, 0x1904, 0x18E4, 0x18E4, 0x10C3, 0x10E3, 0x18E4, 0x10E3, 0x10E4,
  0x18E4, 0x1904, 0x45AB, 0x4F2D, 0x2B88, 0x1083, 0x1944, 0x1924, 0x18E3, 0xB486, 0xFEA7, 0xFE87,
  0xFE87, 0xFEA7, 0xFE87, 0xFE67, 0xFE87, 0xFE87, 0xFE87, 0xFEA7, 0xCD26, 0x2944, 0x1904, 0x1924,
  0x18A3, 0x2B27, 0x4F2D, 0x45EB, 0x1944, 0x18E4, 0x18E4, 0x18E4, 0x18E4, 0x10C3, 0x10E4, 0x18E4,
  0x18E3, 0x10E4, 0x1904, 0x10A3, 0x3428, 0x4F0C, 0x3D6A, 0x18E4, 0x1924, 0x1904, 0x5A84, 0x2124,
  0x5265, 0xB486, 0xE586, 0xFE27, 0xFE67, 0xFE47, 0xF627, 0xE5A6, 0xB485, 0x62C5, 0x2124, 0x5264,
  0x2124, 0x1924, 0x18C4, 0x3D2A, 0x4F4D, 0x34A9, 0x10A3, 0x1904, 0x18E4, 0x18E4, 0x18E4, 0x10C3,
  0x10E4, 0x18E4, 0x18E3, 0x10E3, 0x10E4, 0x10A3, 0x2226, 0x46AC, 0x4ECC, 0x2AE7, 0x18A3, 0x08C4,
  0xC507, 0xD587, 0x4A04, 0x2144, 0x2145, 0x3184, 0x39E4, 0x39E5, 0x3184, 0x1904, 0x10E4, 0x41E4,
  0xC506, 0xDDA7, 0x1904, 0x18C4, 0x2246, 0x46AC, 0x46CD, 0x2AA7, 0x10A3, 0x1904, 0x18E4, 0x18E4,
  0x18E4, 0x10C3, 0x10E4, 0x18E4, 0x18E4, 0x10E3, 0x10E3, 0x1904, 0x18C3, 0x3CE9, 0x4F0C, 0x45CB,
  0x2144, 0x10C4, 0x8365, 0xFEC6, 0xFE66, 0xE5A7, 0xBCC6, 0x8B85, 0x7B25, 0x7B46, 0x8BA5, 0xAC65,
  0xDD66, 0xFE46, 0xFEC6, 0x9C05, 0x10C4, 0x2145, 0x45AB, 0x470D, 0x3D4A, 0x18E4, 0x1904, 0x10E4,
  0x18E4, 0x18E4, 0x18E4, 0x10C3, 0x10E4, 0x18E4, 0x18E4, 0x10E3, 0x10E4, 0x1104, 0x18C3, 0x21C5,
  0x466C, 0x4EEC, 0x3D0A, 0x18C4, 0x10E3, 0x9C06, 0xFE47, 0xFE86, 0xFE87, 0xFEA7, 0xFE87, 0xFE87,
  0xFE87, 0xFE86, 0xFE87, 0xFE67, 0xAC86, 0x2124, 0x1083, 0x3C89, 0x4EED, 0x46AC, 0x2246, 0x18C3,
  0x1904, 0x10E4, 0x18E4, 0x18E4, 0x18E4, 0x10C3, 0x10E3, 0x18E4, 0x18E4, 0x18E4, 0x10E4, 0x1104,
  0x1904, 0x10A3, 0x2B47, 0x46CC, 0x4ECC, 0x3CA9, 0x18E4, 0x10A4, 0x4225, 0x93E5, 0xCD26, 0xE5C7,
  0xEDE7, 0xEDE7, 0xE5A6, 0xCD26, 0xA446, 0x5285, 0x10C4, 0x18E4, 0x3469, 0x46AC, 0x46EC, 0x2BA8,
  0x10A3, 0x1904, 0x18E4, 0x18E3, 0x18E4, 0x18E4, 0x18E4, 0x10C3, 0x10E3, 0x1904, 0x1904, 0x18E4,
  0x10E4, 0x1104, 0x1104, 0x1104, 0x18A3, 0x3409, 0x4EED, 0x4ECC, 0x45AB, 0x2A46, 0x1063, 0x0863,
  0x1904, 0x2985, 0x31C4, 0x31C4, 0x2964, 0x1904, 0x0884, 0x0883, 0x2205, 0x456A, 0x4EED, 0x4F0D,
  0x3449, 0x10C3, 0x1904, 0x18E4, 0x18E4, 0x18E3, 0x18E4, 0x18E4, 0x18E4, 0x10C3, 0x10E4, 0x1904,
  0x1904, 0x18E4, 0x18E4, 0x10E4, 0x1104, 0x1104, 0x1904, 0x18C3, 0x3388, 0x4EAC, 0x4F2D, 0x4EAC,
  0x3CE9, 0x32E7, 0x21A5, 0x1904, 0x10C4, 0x10A3, 0x18E4, 0x2185, 0x32C7, 0x3CA9, 0x466B, 0x46EC,
  0x46CC, 0x3409, 0x18C4, 0x18E4, 0x10E4, 0x10E4, 0x18E4, 0x18E4, 0x18E4, 0x18E4, 0x18E4, 0x10C3,
  0x18E4, 0x1904, 0x1904, 0x1904, 0x1904, 0x18E4, 0x10E4, 0x1104, 0x1104, 0x1904, 0x10A3, 0x2A66,
  0x45AB, 0x4EEC, 0x4F2D, 0x4EED, 0x462C, 0x3D8A, 0x3D09, 0x3CE9, 0x3D6A, 0x460B, 0x4ECC, 0x4F2D,
  0x4EED, 0x45CB, 0x2AA6, 0x18A3, 0x18E4, 0x1904, 0x10E4, 0x10E4, 0x18E4, 0x18E4, 0x18E4, 0x18E4,
  0x18E4, 0x10C3, 0x18E4, 0x1904, 0x1904, 0x1904, 0x1904, 0x18E4, 0x10E4, 0x10E4, 0x10E4, 0x10E4,
  0x1904, 0x18C3, 0x1904, 0x2B07, 0x454B, 0x4E6C, 0x4EED, 0x4F2D, 0x4F2D, 0x4F4D, 0x4F2D, 0x4EED,
  0x466C, 0x3D4A, 0x2B68, 0x1924, 0x18A3, 0x1904, 0x18E4, 0x10E4, 0x10E4, 0x10E3, 0x18E4, 0x18E4,
  0x18E4, 0x18E4, 0x18E4, 0x18E3, 0x18E4, 0x1904, 0x18E4, 0x1904, 0x1904, 0x1904, 0x18E4, 0x18E4,
  0x10E4, 0x10E4, 0x10E3, 0x1104, 0x18E4, 0x18A3, 0x18E4, 0x21A5, 0x2AC6, 0x3388, 0x3408, 0x3409,
  0x33A8, 0x2AE7, 0x21E5, 0x18E4, 0x18A3, 0x18E4, 0x1904, 0x18E4, 0x10E4, 0x10E4, 0x18E4, 0x18E4,
  0x18E4, 0x18E4, 0x18E4, 0x18E4, 0x18E4, 0x18E3, 0x18E3, 0x1904, 0x18E4, 0x1904, 0x1904, 0x1904,
  0x18E4, 0x18E4, 0x18E4, 0x10E4, 0x10E3, 0x10E4, 0x10E4, 0x1904, 0x1904, 0x18C3, 0x10A3, 0x10A3,
  0x18A3, 0x18A3, 0x10A3, 0x18A3, 0x18C3, 0x1904, 0x1904, 0x18E4, 0x10E4, 0x10E4, 0x10E4, 0x10E4,
  0x18E4, 0x18E4, 0x1904, 0x1904, 0x18E4, 0x18E4, 0x1904, 0x18E3, 0x18E3, 0x18E4, 0x18E4, 0x1904,
  0x1904, 0x1904, 0x18E4, 0x18E4, 0x18E4, 0x18E4, 0x10E4, 0x10E4, 0x10E4, 0x10E4, 0x10E4, 0x10E4,
  0x1904, 0x1904, 0x1904, 0x1904, 0x1904, 0x1904, 0x1904, 0x1104, 0x1104, 0x10E4, 0x10E4, 0x10E4,
  0x18E4, 0x18E4, 0x1904, 0x18E4, 0x18E4, 0x1904, 0x1904, 0x1904, 0x1904, 0x18E3, 0x10A3, 0x1904,
  0x18E4, 0x1904, 0x1904, 0x18E4, 0x1904, 0x1904, 0x1904, 0x18E4, 0x18E4, 0x10E4, 0x10E4, 0x10E4,
  0x10E4, 0x10E4, 0x10E4, 0x10E3, 0x10E3, 0x10E3, 0x10E3, 0x10E4, 0x10E4, 0x10E4, 0x10E4, 0x10E4,
  0x10E4, 0x10E4, 0x18E4, 0x18E4, 0x1904, 0x18E4, 0x18E4, 0x1904, 0x1904, 0x18E4, 0x1904, 0x10A2,
  0x0020, 0x10E3, 0x1904, 0x1904, 0x18E4, 0x1904, 0x18E4, 0x1904, 0x1904, 0x18E4, 0x18E4, 0x18E4,
  0x18E4, 0x10E4, 0x10E4, 0x10E4, 0x10E4, 0x10E4, 0x10E4, 0x10E4, 0x10E4, 0x10E4, 0x10E4, 0x10E4,
  0x10E4, 0x10E4, 0x18E4, 0x18E4, 0x18E4, 0x1904, 0x1904, 0x18E4, 0x18E4, 0x1904, 0x1904, 0x1904,
  0x10C4, 0x0020, 0x0000, 0x0020, 0x10A3, 0x18E4, 0x18E4, 0x18E4, 0x18E4, 0x18E4, 0x18E4, 0x18E4,
  0x18E4, 0x18E4, 0x18E4, 0x18E4, 0x18E4, 0x10E4, 0x10E4, 0x10E4, 0x18E4, 0x10E4, 0x10C4, 0x10C3,
  0x10E4, 0x10E3, 0x10E4, 0x10E4, 0x10E4, 0x18E4, 0x18E4, 0x18E4, 0x18E4, 0x18E4, 0x18E4, 0x18E4,
  0x18E4, 0x10A3, 0x0020, 0x0000
};

const uint16_t UI_NAV_LEFT_DATA[UI_NAV_ICON_PIXELS] PROGMEM = {
  0x18E3, 0x18E3, 0x18E3, 0x18E3, 0x18E3, 0x18E3, 0x18E3, 0x18E3, 0x18E3, 0x18E3, 0x18E3, 0x18E3,
  0x18E3, 0x18E3, 0x18E3, 0x18E3, 0x18E3, 0x18E3, 0x18E3, 0x18E3, 0x10C2, 0x10C2, 0x18E3, 0x18E3,
  0x18E3, 0x18E3, 0x18E3, 0x18E3, 0x18E3, 0x18E3, 0x18E3, 0x18E3, 0x18E3, 0x18E3, 0x18E3, 0x18E3,
  0x18E3, 0x18E3, 0x18E3, 0x18E3, 0x18E3, 0x18E3, 0x18E3, 0x18E3, 0x18E3, 0x18E3, 0x18E3, 0x18E3,
  0x18E3, 0x0881, 0x2124, 0x2144, 0x0881, 0x10C2, 0x18E3, 0x18E3, 0x18E3, 0x18E3, 0x18E3, 0x18E3,
  0x18E3, 0x18E3, 0x18E3, 0x18E3, 0x18E3, 0x18E3, 0x18E3, 0x18E3, 0x18E3, 0x18E3, 0x18E3, 0x18E3,
  0x18E3, 0x18E3, 0x18E3, 0x18E3, 0x18E3, 0x18E3, 0x0881, 0x8C71, 0xE73C, 0xEF5D, 0xA534, 0x18E3,
  0x10C2, 0x18E3, 0x18E3, 0x18E3, 0x18E3, 0x18E3, 0x18E3, 0x18E3, 0x18E3, 0x18E3, 0x18E3, 0x18E3,
  0x18E3, 0x18E3, 0x18E3, 0x18E3, 0x18E3, 0x18E3, 0x18E3, 0x18E3, 0x18E3, 0x18E3, 0x18E3, 0x0861,
  0x94B2, 0xFFFF, 0xFFFF, 0xFFDF, 0xFFFF, 0xAD75, 0x10A2, 0x18E3, 0x18E3, 0x18E3, 0x18E3, 0x18E3,
  0x18E3, 0x18E3, 0x18E3, 0x18E3, 0x18E3, 0x18E3, 0x18E3, 0x18E3, 0x18E3, 0x18E3, 0x18E3, 0x18E3,
  0x18E3, 0x18E3, 0x18E3, 0x10C2, 0x0861, 0x94D3, 0xFFFF, 0xF7BE, 0xF7BF, 0xF7BF, 0xF7BF, 0xFFFF,
  0x39E7, 0x10A2, 0x18E3, 0x18E3, 0x18E3, 0x18E3, 0x18E3, 0x18E3, 0x18E3, 0x18E3, 0x18E3, 0x18E3,
  0x18E3, 0x18E3, 0x18E3, 0x18E3, 0x18E3, 0x18E3, 0x18E3, 0x18E3, 0x10C2, 0x10C2, 0xA534, 0xFFFF,
  0xF7BE, 0xF7DF, 0xF7DF, 0xF7DF, 0xF7BE, 0xFFFF, 0x4228, 0x0881, 0x18E3, 0x18E3, 0x18E3, 0x18E3,
  0x18E3, 0x18E3, 0x18E3, 0x18E3, 0x18E3, 0x18E3, 0x18E3, 0x18E3, 0x18E3, 0x18E3, 0x18E3, 0x18E3,
  0x18E3, 0x10A2, 0x10C2, 0xB5D7, 0xFFFF, 0xF7BE, 0xF7DF, 0xF7DF, 0xF7DF, 0xF79E, 0xFFFF, 0xC659,
  0x10C2, 0x18E3, 0x18E3, 0x18E3, 0x18E3, 0x18E3, 0x18E3, 0x18E3, 0x18E3, 0x18E3, 0x18E3, 0x18E3,
  0x18E3, 0x18E3, 0x18E3, 0x18E3, 0x18E3, 0x1903, 0x0881, 0x2144, 0xCE59, 0xFFFF, 0xF7BE, 0xF7DF,
  0xF7DF, 0xF7DF, 0xF7BE, 0xFFFF, 0xCE59, 0x2104, 0x10A2, 0x18E3, 0x18E3, 0x18E3, 0x18E3, 0x18E3,
  0x18E3, 0x18E3, 0x18E3, 0x18E3, 0x18E3, 0x18E3, 0x18E3, 0x18E3, 0x18E3, 0x18E3, 0x1903, 0x0881,
  0x2985, 0xD6BA, 0xFFFF, 0xF7BE, 0xF7DF, 0xF7DF, 0xF7DF, 0xF7BE, 0xFFFF, 0xB596, 0x0861, 0x0000,
  0x10C2, 0x18E3, 0x18E3, 0x18E3, 0x18E3, 0x18E3, 0x18E3, 0x18E3, 0x18E3, 0x18E3, 0x18E3, 0x18E3,
  0x18E3, 0x18E3, 0x18E3, 0x1903, 0x0861, 0x39E7, 0xE75D, 0xFFFF, 0xF7BE, 0xF7DF, 0xF7DF, 0xF7BF,
  0xF7BE, 0xFFFF, 0xA534, 0x0020, 0x0000, 0x10A2, 0x10E3, 0x18E3, 0x18E3, 0x18E3, 0x18E3, 0x18E3,
  0x18E3, 0x18E3, 0x18E3, 0x18E3, 0x18E3, 0x18E3, 0x18E3, 0x18E3, 0x1903, 0x0861, 0x4A8A, 0xEF5D,
  0xFFFF, 0xF7BE, 0xF7DF, 0xF7DF, 0xF7BF, 0xF7BE, 0xFFFF, 0x8C92, 0x0000, 0x0020, 0x10A2, 0x18E3,
  0x18E3, 0x18E3, 0x18E3, 0x18E3, 0x18E3, 0x18E3, 0x18E3, 0x18E3, 0x18E3, 0x18E3, 0x18E3, 0x18E3,
  0x18E3, 0x18E3, 0x0040, 0x5AEB, 0xFFDF, 0xFFFF, 0xF7BE, 0xF7DF, 0xF7DF, 0xF7BF, 0xF7DF, 0xFFFF,
  0x73CF, 0x0000, 0x0041, 0x10A2, 0x18E3, 0x18E3, 0x18E3, 0x18E3, 0x18E3, 0x18E3, 0x18E3, 0x18E3,
  0x18E3, 0x18E3, 0x18E3, 0x18E3, 0x18E3, 0x18E3, 0x18E3, 0x10A1, 0x8C71, 0xFFDF, 0xF7DF, 0xF7BF,
  0xF7DF, 0xF7DF, 0xF7BF, 0xF7DF, 0xFFFF, 0x6B6D, 0x0000, 0x0841, 0x10A2, 0x18E3, 0x18E3, 0x18E3,
  0x18E3, 0x18E3, 0x18E3, 0x18E3, 0x18E3, 0x18E3, 0x18E3, 0x18E3, 0x18E3, 0x18E3, 0x18E3, 0x18E3,
  0x0881, 0x8C71, 0xFFFF, 0xF7BF, 0xF7BF, 0xF7DF, 0xF7DF, 0xF7BF, 0xFFFF, 0xFFDF, 0x4A8A, 0x0000,
  0x0861, 0x10C2, 0x18E3, 0x18E3, 0x18E3, 0x18E3, 0x18E3, 0x18E3, 0x18E3, 0x18E3, 0x18E3, 0x18E3,
  0x18E3, 0x18E3, 0x18E3, 0x18E3, 0x18E3, 0x10C2, 0x2124, 0xE73D, 0xFFDF, 0xF7BF, 0xF7DF, 0xF7DF,
  0xF7BF, 0xFFDF, 0xDEFB, 0x4208, 0x0000, 0x0861, 0x10C2, 0x18E3, 0x18E3, 0x18E3, 0x18E3, 0x18E3,
  0x18E3, 0x18E3, 0x18E3, 0x18E3, 0x18E3, 0x18E3, 0x18E3, 0x18E3, 0x18E3, 0x18E3, 0x18E3, 0x10C2,
  0x2144, 0xEF5D, 0xFFDF, 0xF7BF, 0xF7DF, 0xF7DF, 0xF7BF, 0xFFDF, 0xCE9A, 0x2104, 0x0000, 0x1903,
  0x18E3, 0x18E3, 0x18E3, 0x18E3, 0x18E3, 0x18E3, 0x18E3, 0x18E3, 0x18E3, 0x18E3, 0x18E3, 0x18E3,
  0x18E3, 0x18E3, 0x18E3, 0x18E3, 0x18E3, 0x18E3, 0x0881, 0xA534, 0xFFFF, 0xF7BE, 0xF7DF, 0xF7DF,
  0xF7DF, 0xF7BF, 0xFFFF, 0xE75D, 0x31A6, 0x0861, 0x1903, 0x18E3, 0x18E3, 0x18E3, 0x18E3, 0x18E3,
  0x18E3, 0x18E3, 0x18E3, 0x18E3, 0x18E3, 0x18E3, 0x18E3, 0x18E3, 0x18E3, 0x18E3, 0x18E3, 0x18E3,
  0x10C2, 0x18E3, 0xA555, 0xFFFF, 0xF7BF, 0xF7BF, 0xF7DF, 0xF7DF, 0xF7BE, 0xFFFF, 0xEF7D, 0x4A8A,
  0x0040, 0x1903, 0x18E3, 0x18E3, 0x18E3, 0x18E3, 0x18E3, 0x18E3, 0x18E3, 0x18E3, 0x18E3, 0x18E3,
  0x18E3, 0x18E3, 0x18E3, 0x18E3, 0x18E3, 0x18E3, 0x18E3, 0x18E3, 0x0020, 0x6B6E, 0xFFFF, 0xF7DF,
  0xF7BF, 0xF7DF, 0xF7DF, 0xF7BE, 0xFFFF, 0xF7BF, 0x52AA, 0x0040, 0x1903, 0x18E3, 0x18E3, 0x18E3,
  0x18E3, 0x18E3, 0x18E3, 0x18E3, 0x18E3, 0x18E3, 0x18E3, 0x18E3, 0x18E3, 0x18E3, 0x18E3, 0x18E3,
  0x18E3, 0x18E3, 0x1903, 0x0000, 0x632C, 0xF7DF, 0xFFDF, 0xF7BE, 0xF7DF, 0xF7DF, 0xF7BF, 0xF7DF,
  0xFFFF, 0x6B8E, 0x0020, 0x1903, 0x18E3, 0x18E3, 0x18E3, 0x18E3, 0x18E3, 0x18E3, 0x18E3, 0x18E3,
  0x18E3, 0x18E3, 0x18E3, 0x18E3, 0x18E3, 0x18E3, 0x18E3, 0x18E3, 0x18E3, 0x1903, 0x0000, 0x4A49,
  0xF7DF, 0xFFFF, 0xF7BE, 0xF7DF, 0xF7DF, 0xF7BF, 0xF7BF, 0xFFFF, 0x7C10, 0x0861, 0x18E3, 0x18E3,
  0x18E3, 0x18E3, 0x18E3, 0x18E3, 0x18E3, 0x18E3, 0x18E3, 0x18E3, 0x18E3, 0x18E3, 0x18E3, 0x18E3,
  0x18E3, 0x18E3, 0x18E3, 0x18E3, 0x1903, 0x0040, 0x39E7, 0xE73D, 0xFFFF, 0xF7BE, 0xF7DF, 0xF7DF,
  0xF7BF, 0xF7BF, 0xFFFF, 0x8C92, 0x0040, 0x18E3, 0x18E3, 0x18E3, 0x18E3, 0x18E3, 0x18E3, 0x18E3,
  0x18E3, 0x18E3, 0x18E3, 0x18E3, 0x18E3, 0x18E3, 0x18E3, 0x18E3, 0x18E3, 0x18E3, 0x18C3, 0x1903,
  0x0040, 0x2986, 0xE71C, 0xFFFF, 0xF7BE, 0xF7DF, 0xF7DF, 0xF7BF, 0xF7BE, 0xFFFF, 0xAD55, 0x10A2,
  0x10C2, 0x18E3, 0x18E3, 0x18E3, 0x18E3, 0x18E3, 0x18E3, 0x18E3, 0x18E3, 0x18E3, 0x18E3, 0x18E3,
  0x18E3, 0x18E3, 0x18E3, 0x18E3, 0x18E3, 0x10C2, 0x1903, 0x0881, 0x18E3, 0xCE7A, 0xFFFF, 0xF7BE,
  0xF7DF, 0xF7DF, 0xF7DF, 0xF7BE, 0xFFFF, 0xA535, 0x0861, 0x18E3, 0x18E3, 0x18E3, 0x18E3, 0x18E3,
  0x18E3, 0x18E3, 0x18E3, 0x18E3, 0x18E3, 0x18E3, 0x18E3, 0x18E3, 0x18E3, 0x18E3, 0x18E3, 0x18E3,
  0x10C2, 0x1903, 0x0881, 0x18C3, 0xBDF8, 0xFFFF, 0xF7BE, 0xF7DF, 0xF7DF, 0xF7DF, 0xF7BF, 0xFFFF,
  0x39E7, 0x10A2, 0x18E3, 0x18E3, 0x18E3, 0x18E3, 0x18E3, 0x18E3, 0x18E3, 0x18E3, 0x18E3, 0x18E3,
  0x18E3, 0x18E3, 0x18E3, 0x18E3, 0x18E3, 0x18E3, 0x18E3, 0x10C2, 0x1903, 0x10A2, 0x0041, 0xB596,
  0xFFFF, 0xF79E, 0xF7DF, 0xF7DF, 0xF7BE, 0xFFFF, 0x4228, 0x0881, 0x18E3, 0x18E3, 0x18E3, 0x18E3,
  0x18E3, 0x18E3, 0x18E3, 0x18E3, 0x18E3, 0x18E3, 0x18E3, 0x18E3, 0x18E3, 0x18E3, 0x18E3, 0x18E3,
  0x18E3, 0x18E3, 0x10C2, 0x18E3, 0x10C2, 0x0841, 0xAD55, 0xFFFF, 0xF7BF, 0xF7BE, 0xFFFF, 0xC639,
  0x10C2, 0x18E3, 0x18E3, 0x18E3, 0x18E3, 0x18E3, 0x18E3, 0x18E3, 0x18E3, 0x18E3, 0x18E3, 0x18E3,
  0x18E3, 0x18E3, 0x18E3, 0x18E3, 0x18E3, 0x18E3, 0x18E3, 0x18E3, 0x18E3, 0x18E3, 0x18E3, 0x10C2,
  0x0861, 0xA535, 0xFFDF, 0xFFFF, 0xC638, 0x2965, 0x10A2, 0x18E3, 0x18E3, 0x18E3, 0x18E3, 0x18E3,
  0x18E3, 0x18E3, 0x18E3, 0x18E3, 0x18E3, 0x18E3, 0x18E3, 0x18E3, 0x18E3, 0x18E3, 0x18E3, 0x18E3,
  0x18E3, 0x18E3, 0x18E3, 0x18E3, 0x18E3, 0x18E3, 0x10C2, 0x0861, 0x31C6, 0x4208, 0x10C2, 0x10A2,
  0x18E3, 0x18E3, 0x18E3, 0x18E3, 0x18E3, 0x18E3, 0x18E3, 0x18E3, 0x18E3, 0x18E3, 0x18E3, 0x18E3,
  0x18E3, 0x18E3, 0x18E3, 0x18E3, 0x18E3, 0x18E3, 0x18E3, 0x18E3, 0x18E3, 0x18E3, 0x18E3, 0x18E3,
  0x18E3, 0x18E3, 0x10A2, 0x0881, 0x18E3, 0x18E3, 0x18E3, 0x18E3, 0x18E3, 0x18E3, 0x18E3, 0x18E3
};

const uint16_t UI_NAV_HOME_DATA[UI_NAV_ICON_PIXELS] PROGMEM = {
  0x0000, 0x0882, 0x18E3, 0x18E4, 0x18E4, 0x18E4, 0x18E4, 0x18E4, 0x18E4, 0x18E4, 0x18E4, 0x18E4,
  0x18E4, 0x18E4, 0x18E4, 0x18E4, 0x18E4, 0x18E4, 0x18E4, 0x18E4, 0x18E4, 0x18E4, 0x18E4, 0x18E4,
  0x18E4, 0x18E4, 0x18E4, 0x10E3, 0x0861, 0x0000, 0x0861, 0x1904, 0x18E4, 0x1904, 0x1904, 0x1904,
  0x1904, 0x1904, 0x1904, 0x1904, 0x1904, 0x1904, 0x18E4, 0x1904, 0x18E4, 0x18E4, 0x18E4, 0x1904,
  0x1904, 0x1904, 0x1904, 0x1904, 0x1904, 0x18E4, 0x18E4, 0x18E4, 0x18E4, 0x1904, 0x1904, 0x0861,
  0x18E3, 0x18E4, 0x18E4, 0x1904, 0x18E4, 0x18E4, 0x18E4, 0x1904, 0x18E4, 0x1904, 0x1904, 0x18E4,
  0x18E4, 0x18E4, 0x18E4, 0x18E4, 0x18E4, 0x18E4, 0x18E4, 0x18E4, 0x1904, 0x18E4, 0x18E4, 0x18E4,
  0x18E4, 0x18E4, 0x18E4, 0x18E4, 0x18E4, 0x10E3, 0x18E4, 0x18E4, 0x18E4, 0x18E4, 0x1904, 0x18E4,
  0x1904, 0x1904, 0x1904, 0x1904, 0x1904, 0x18E4, 0x18E4, 0x18E4, 0x1904, 0x1904, 0x18E4, 0x18E4,
  0x1904, 0x18E4, 0x18E4, 0x18E4, 0x18E4, 0x18E4, 0x18E4, 0x18E4, 0x18E4, 0x18E4, 0x18E4, 0x18E4,
  0x10E4, 0x18E4, 0x18E4, 0x18E4, 0x1904, 0x1904, 0x1904, 0x1904, 0x1904, 0x18E4, 0x1904, 0x18E4,
  0x1904, 0x1904, 0x0882, 0x0882, 0x1904, 0x18E4, 0x18E4, 0x18E4, 0x1904, 0x1924, 0x1904, 0x18E4,
  0x18E4, 0x18E4, 0x18E4, 0x18E4, 0x18E4, 0x18E4, 0x18E4, 0x18E4, 0x18E4, 0x1904, 0x1904, 0x1904,
  0x1904, 0x1904, 0x18E4, 0x18E4, 0x18E4, 0x1904, 0x18E4, 0x0882, 0x6B6E, 0x52CB, 0x0062, 0x1904,
  0x1904, 0x18E4, 0x10C3, 0x0882, 0x10A3, 0x18E4, 0x18E4, 0x18E4, 0x18E4, 0x18E4, 0x18E4, 0x18E4,
  0x18E3, 0x1904, 0x18E4, 0x1904, 0x1904, 0x18E4, 0x1904, 0x1904, 0x18E4, 0x18E4, 0x1925, 0x10C3,
  0x10C3, 0x94B3, 0xFFFF, 0xF7BE, 0x738E, 0x0882, 0x18E4, 0x1904, 0x2166, 0x4249, 0x31A7, 0x18E4,
  0x18E4, 0x18E4, 0x18E4, 0x1904, 0x1904, 0x18E4, 0x18E4, 0x1904, 0x1904, 0x18E4, 0x18E4, 0x1904,
  0x1904, 0x18E4, 0x1904, 0x1925, 0x08A3, 0x2966, 0xB5D7, 0xFFFF, 0xFFFF, 0xFFFF, 0xFFFF, 0x9CD3,
  0x18E4, 0x0862, 0x9CF3, 0xF7BE, 0xB5B7, 0x10A3, 0x1904, 0x1904, 0x1904, 0x18E4, 0x1904, 0x18E4,
  0x18E4, 0x1904, 0x18E4, 0x1904, 0x1904, 0x18E4, 0x18E4, 0x18E4, 0x1925, 0x0862, 0x4229, 0xD6BA,
  0xFFFF, 0xFFDF, 0x73CF, 0x9492, 0xFFFF, 0xFFFF, 0xBDD7, 0x1904, 0x94B3, 0xFFFF, 0xBDF8, 0x10C3,
  0x1904, 0x18E4, 0x1904, 0x18E4, 0x1904, 0x18E4, 0x18E3, 0x18E4, 0x18E4, 0x18E4, 0x18E4, 0x18E4,
  0x1904, 0x1904, 0x0062, 0x5B0C, 0xEF5D, 0xFFFF, 0xEF5D, 0x52CB, 0x08A3, 0x10A3, 0x73AF, 0xFFDF,
  0xFFFF, 0xCE59, 0xC639, 0xFFFF, 0xC618, 0x10C3, 0x18E4, 0x18E4, 0x1904, 0x1904, 0x1904, 0x18E4,
  0x18E3, 0x18E4, 0x18E4, 0x18E4, 0x18E4, 0x1904, 0x10E4, 0x0882, 0x7BF0, 0xF7BE, 0xFFFF, 0xD6BA,
  0x2966, 0x2125, 0xDEDB, 0xB5B7, 0x0862, 0x52AA, 0xEF5D, 0xFFFF, 0xF7BE, 0xFFFF, 0xC618, 0x10C3,
  0x1904, 0x18E4, 0x1904, 0x18E4, 0x1904, 0x18E4, 0x18E3, 0x18E4, 0x18E4, 0x18E4, 0x1925, 0x10A3,
  0x18E4, 0x9CF4, 0xFFFF, 0xFFFF, 0xB596, 0x10C3, 0x4249, 0xE73D, 0xFFFF, 0xFFFF, 0xD69A, 0x2125,
  0x2986, 0xD6DB, 0xFFFF, 0xFFDF, 0xCE79, 0x10A3, 0x10E3, 0x1925, 0x18E4, 0x18E4, 0x1904, 0x18E4,
  0x18E3, 0x18E4, 0x18E4, 0x1904, 0x0882, 0x2966, 0xBDF8, 0xFFFF, 0xFFFF, 0x8C92, 0x0041, 0x6B8E,
  0xFFDF, 0xFFDF, 0xF79E, 0xF77E, 0xFFFF, 0xE73C, 0x4A6A, 0x10A3, 0xB596, 0xFFFF, 0xF79E, 0x9CF4,
  0x18E4, 0x10A3, 0x1904, 0x18E4, 0x18E4, 0x18E4, 0x10C3, 0x18E4, 0x1904, 0x10C3, 0x4249, 0xD6DB,
  0xFFFF, 0xF79E, 0x634D, 0x0021, 0x94B3, 0xFFFF, 0xF7BE, 0xF79E, 0xF7BF, 0xF7BE, 0xEF9E, 0xFFDF,
  0xFFDF, 0x6B6E, 0x0041, 0x8C72, 0xFFFF, 0xFFFF, 0xBDF8, 0x31A7, 0x10C3, 0x1904, 0x18E4, 0x18E4,
  0x10C3, 0x18E4, 0x18E4, 0x10E4, 0xCE59, 0xFFFF, 0xDEDB, 0x4229, 0x10C3, 0xBDD7, 0xFFFF, 0xEF9E,
  0xF79E, 0xF7BE, 0xF7BE, 0xF7BE, 0xF79E, 0xEF7E, 0xF79E, 0xFFFF, 0x94B2, 0x0041, 0x6B6D, 0xEF7E,
  0xFFFF, 0x94D3, 0x0882, 0x1904, 0x18E4, 0x18E4, 0x10C3, 0x18E4, 0x1904, 0x10A3, 0x5AEB, 0xBDD7,
  0x2966, 0x2986, 0xD6DB, 0xFFFF, 0xFFDF, 0xFFFF, 0xFFFF, 0xFFDF, 0xF7BE, 0xF7BF, 0xFFFF, 0xFFFF,
  0xFFFF, 0xFFDF, 0xFFFF, 0xB5B7, 0x1082, 0x4A8A, 0xB5B7, 0x31E7, 0x10C3, 0x1904, 0x1904, 0x18E4,
  0x18C3, 0x18E4, 0x18E4, 0x18E4, 0x10C3, 0x0882, 0x18E4, 0xDEDB, 0xFFFF, 0xDEFB, 0x6B6E, 0x52ED,
  0x4AAB, 0x9CF4, 0xFFFF, 0xF77E, 0x8410, 0x52CC, 0x52CD, 0x8430, 0xEF7E, 0xFFFF, 0xAD76, 0x0041,
  0x10A3, 0x10C3, 0x1904, 0x18E4, 0x1904, 0x10E4, 0x18C3, 0x18E4, 0x18E4, 0x1904, 0x1925, 0x10C3,
  0x31A7, 0xE71C, 0xFFFF, 0xBDF8, 0x18C2, 0x8B84, 0x41C1, 0x4A8B, 0xFFFF, 0xE75D, 0x2986, 0x62A2,
  0x6AC3, 0x2145, 0xEF5D, 0xFFFF, 0xC618, 0x10E4, 0x1904, 0x1904, 0x18E4, 0x18E4, 0x1904, 0x18E4,
  0x18E3, 0x1904, 0x1904, 0x1904, 0x1904, 0x10C3, 0x2966, 0xDEFC, 0xFFFF, 0xBDF8, 0x4206, 0xFEE8,
  0xAC25, 0x52ED, 0xFFFF, 0xE73D, 0x4229, 0xD586, 0xE5C6, 0x39E8, 0xE73C, 0xFFFF, 0xBDF8, 0x10C3,
  0x1904, 0x18E4, 0x18E4, 0x18E4, 0x1904, 0x18E4, 0x18E3, 0x18E4, 0x18E4, 0x1904, 0x1904, 0x10C3,
  0x2986, 0xE71C, 0xFFFF, 0xB5F8, 0x31A4, 0xFE87, 0xA405, 0x52CD, 0xFFFF, 0xE73D, 0x3A08, 0xCD65,
  0xDD85, 0x39C8, 0xE73C, 0xFFFF, 0xBE18, 0x10A3, 0x1904, 0x18E4, 0x18E4, 0x18E4, 0x1904, 0x18E4,
  0x18E3, 0x1904, 0x1904, 0x1904, 0x1904, 0x10C3, 0x2986, 0xE71C, 0xFFFF, 0xBDF8, 0x31C5, 0xDDE7,
  0x8B63, 0x52AC, 0xFFFF, 0xE73D, 0x31A7, 0xACC5, 0xC4E5, 0x2986, 0xE73C, 0xFFFF, 0xBDF8, 0x10C3,
  0x1904, 0x18E4, 0x18E4, 0x18E4, 0x1904, 0x18E4, 0x18E4, 0x1904, 0x1904, 0x18E4, 0x1904, 0x10C3,
  0x2986, 0xE71C, 0xFFFF, 0xCE59, 0x2145, 0x3185, 0x18E3, 0x6B6E, 0xFFFF, 0xEF7D, 0x3A28, 0x2103,
  0x2944, 0x3A08, 0xEF5D, 0xFFFF, 0xBE18, 0x10C3, 0x1904, 0x18E4, 0x1904, 0x18E4, 0x18E4, 0x18E4,
  0x18E4, 0x1904, 0x1904, 0x18E4, 0x1904, 0x10C3, 0x2986, 0xE71C, 0xFFBF, 0xEF7E, 0xD69A, 0xCE5A,
  0xCE7A, 0xE71C, 0xF7BE, 0xF79E, 0xDEFC, 0xC659, 0xCE5A, 0xE71C, 0xF79E, 0xFFFF, 0xC618, 0x10C3,
  0x1904, 0x1904, 0x1904, 0x18E4, 0x1904, 0x18E4, 0x18E4, 0x1904, 0x18E4, 0x18E4, 0x1904, 0x10C3,
  0x2986, 0xEF5D, 0xFFDF, 0xF7BF, 0xFFFF, 0xFFFF, 0xFFFF, 0xFFDF, 0xF79E, 0xF79E, 0xFFDF, 0xFFFF,
  0xFFFF, 0xFFDF, 0xF79E, 0xFFFF, 0xC659, 0x10C3, 0x1904, 0x1904, 0x1904, 0x18E4, 0x18E4, 0x18E4,
  0x18E4, 0x1904, 0x18E4, 0x18E4, 0x1904, 0x10C3, 0x2965, 0xE71C, 0xFFFF, 0xF7BF, 0xF7BE, 0xF7BF,
  0xF7BE, 0xF7BF, 0xF7BF, 0xF7BF, 0xF7BF, 0xF7BF, 0xF79E, 0xF7BF, 0xF7BF, 0xFFFF, 0xBDF8, 0x10A3,
  0x1904, 0x1904, 0x1904, 0x1904, 0x18E4, 0x18E4, 0x18E4, 0x1904, 0x18E4, 0x18E4, 0x18E4, 0x18E4,
  0x18E4, 0x39E8, 0x4A6A, 0x4249, 0x4249, 0x4249, 0x4249, 0x4A69, 0x4A6A, 0x4269, 0x4249, 0x4249,
  0x4249, 0x4249, 0x4249, 0x4A6A, 0x31A7, 0x10E3, 0x1904, 0x1904, 0x18E4, 0x18E4, 0x1904, 0x18E4,
  0x18E4, 0x1904, 0x18E4, 0x18E4, 0x18E4, 0x18E4, 0x1904, 0x10C3, 0x08A3, 0x10A3, 0x10A3, 0x10A3,
  0x10A3, 0x10A3, 0x10A3, 0x10A3, 0x08A3, 0x08A3, 0x08A3, 0x10A3, 0x10A3, 0x08A3, 0x10C3, 0x1904,
  0x1904, 0x1904, 0x18E4, 0x18E4, 0x18E4, 0x18E4, 0x18E4, 0x1904, 0x18E4, 0x1904, 0x18E4, 0x18E4,
  0x18E4, 0x1904, 0x1904, 0x1904, 0x1904, 0x1904, 0x1904, 0x1904, 0x1904, 0x1904, 0x1904, 0x1904,
  0x1904, 0x1904, 0x1904, 0x1904, 0x1904, 0x18E4, 0x1904, 0x18E4, 0x18E4, 0x18E4, 0x18E4, 0x18E3,
  0x0861, 0x1904, 0x1904, 0x1904, 0x1904, 0x1904, 0x1904, 0x1904, 0x1904, 0x1904, 0x1904, 0x1904,
  0x1904, 0x1904, 0x1904, 0x1904, 0x1904, 0x1904, 0x1904, 0x1904, 0x1904, 0x1904, 0x1904, 0x1904,
  0x18E4, 0x1904, 0x18E4, 0x1904, 0x1904, 0x0861, 0x0000, 0x0861, 0x10C3, 0x18E3, 0x18E3, 0x18E4,
  0x10C3, 0x10E4, 0x10C3, 0x10E3, 0x10E3, 0x10E3, 0x10E3, 0x18E4, 0x18C4, 0x10E3, 0x10E3, 0x18E4,
  0x18E3, 0x18E4, 0x10C3, 0x18E3, 0x10E3, 0x10C3, 0x18C3, 0x10C3, 0x18C3, 0x10C3, 0x0861, 0x0000
};

const uint16_t UI_NAV_RIGHT_DATA[UI_NAV_ICON_PIXELS] PROGMEM = {
  0x18E3, 0x18E3, 0x18E3, 0x18E3, 0x18E3, 0x18E3, 0x18E3, 0x10C2, 0x10C2, 0x18E3, 0x18E3, 0x18E3,
  0x18E3, 0x18E3, 0x18E3, 0x18E3, 0x18E3, 0x18E3, 0x18E3, 0x18E3, 0x18E3, 0x18E3, 0x18E3, 0x18E3,
  0x18E3, 0x18E3, 0x18E3, 0x18E3, 0x18E3, 0x18E3, 0x18E3, 0x18E3, 0x18E3, 0x18E3, 0x18E3, 0x18E3,
  0x0881, 0x2124, 0x2144, 0x0881, 0x10C2, 0x18E3, 0x18E3, 0x18E3, 0x18E3, 0x18E3, 0x18E3, 0x18E3,
  0x18E3, 0x18E3, 0x18E3, 0x18E3, 0x18E3, 0x18E3, 0x18E3, 0x18E3, 0x18E3, 0x18E3, 0x18E3, 0x18E3,
  0x18E3, 0x18E3, 0x18E3, 0x18E3, 0x18E3, 0x08A1, 0x8C71, 0xE73C, 0xEF5D, 0xA534, 0x10C2, 0x10A2,
  0x18E3, 0x18E3, 0x18E3, 0x18E3, 0x18E3, 0x18E3, 0x18E3, 0x18E3, 0x18E3, 0x18E3, 0x18E3, 0x18E3,
  0x18E3, 0x18E3, 0x18E3, 0x18E3, 0x18E3, 0x18E3, 0x18E3, 0x18E3, 0x18E3, 0x18E3, 0x0881, 0x8C71,
  0xFFFF, 0xFFDF, 0xFFDF, 0xFFFF, 0xB5D7, 0x18E3, 0x10A2, 0x1903, 0x10C2, 0x18E3, 0x18E3, 0x18E3,
  0x18E3, 0x18E3, 0x18E3, 0x18E3, 0x18E3, 0x18E3, 0x18E3, 0x18E3, 0x18E3, 0x18E3, 0x18E3, 0x18E3,
  0x18E3, 0x18E3, 0x18E3, 0x10C2, 0x2124, 0xE73D, 0xFFDF, 0xF7BE, 0xF7BF, 0xF79E, 0xFFFF, 0xCE79,
  0x18E3, 0x0881, 0x1903, 0x10C2, 0x18E3, 0x18E3, 0x18E3, 0x18E3, 0x18E3, 0x18E3, 0x18E3, 0x18E3,
  0x18E3, 0x18E3, 0x18E3, 0x18E3, 0x18E3, 0x18E3, 0x18E3, 0x18E3, 0x18E3, 0x10C2, 0x2144, 0xEF5D,
  0xFFDF, 0xF7BF, 0xF7DF, 0xF7DF, 0xF7BE, 0xFFFF, 0xD69A, 0x2986, 0x0881, 0x1903, 0x18C3, 0x18E3,
  0x18E3, 0x18E3, 0x18E3, 0x18E3, 0x18E3, 0x18E3, 0x18E3, 0x18E3, 0x18E3, 0x18E3, 0x18E3, 0x18E3,
  0x18E3, 0x18E3, 0x18E3, 0x18E3, 0x0881, 0xA534, 0xFFFF, 0xF7BE, 0xF7DF, 0xF7DF, 0xF7DF, 0xF7BE,
  0xFFFF, 0xE73D, 0x31A6, 0x0861, 0x1903, 0x18E3, 0x18E3, 0x18E3, 0x18E3, 0x18E3, 0x18E3, 0x18E3,
  0x18E3, 0x18E3, 0x18E3, 0x18E3, 0x18E3, 0x18E3, 0x18E3, 0x18E3, 0x18E3, 0x18E3, 0x10C2, 0x18E3,
  0xAD75, 0xFFFF, 0xF7BF, 0xF7BF, 0xF7DF, 0xF7DF, 0xF7BE, 0xFFFF, 0xEF7D, 0x4A8A, 0x0040, 0x1903,
  0x18E3, 0x18E3, 0x18E3, 0x18E3, 0x18E3, 0x18E3, 0x18E3, 0x18E3, 0x18E3, 0x18E3, 0x18E3, 0x18E3,
  0x18E3, 0x18E3, 0x18E3, 0x18E3, 0x18E3, 0x10C2, 0x0861, 0x738E, 0xFFFF, 0xF7DF, 0xF7BF, 0xF7DF,
  0xF7DF, 0xF7BF, 0xFFFF, 0xF7BF, 0x52AA, 0x0040, 0x1903, 0x18E3, 0x18E3, 0x18E3, 0x18E3, 0x18E3,
  0x18E3, 0x18E3, 0x18E3, 0x18E3, 0x18E3, 0x18E3, 0x18E3, 0x18E3, 0x18E3, 0x18E3, 0x18E3, 0x18E3,
  0x18E3, 0x0000, 0x632C, 0xF7DF, 0xFFDF, 0xF7BE, 0xF7DF, 0xF7DF, 0xF7BF, 0xF7DF, 0xFFFF, 0x6B8E,
  0x0020, 0x1903, 0x18E3, 0x18E3, 0x18E3, 0x18E3, 0x18E3, 0x18E3, 0x18E3, 0x18E3, 0x18E3, 0x18E3,
  0x18E3, 0x18E3, 0x18E3, 0x18E3, 0x18E3, 0x18E3, 0x18E3, 0x1903, 0x0000, 0x4A49, 0xF7DF, 0xFFFF,
  0xF7BE, 0xF7DF, 0xF7DF, 0xF7BF, 0xF7BF, 0xFFFF, 0x7C10, 0x0861, 0x18E3, 0x18E3, 0x18E3, 0x18E3,
  0x18E3, 0x18E3, 0x18E3, 0x18E3, 0x18E3, 0x18E3, 0x18E3, 0x18E3, 0x18E3, 0x18E3, 0x18E3, 0x18E3,
  0x18E3, 0x18E3, 0x1903, 0x0040, 0x39E7, 0xE73D, 0xFFFF, 0xF7BE, 0xF7DF, 0xF7DF, 0xF7BF, 0xF7BF,
  0xFFFF, 0x8C92, 0x0040, 0x18E3, 0x18E3, 0x18E3, 0x18E3, 0x18E3, 0x18E3, 0x18E3, 0x18E3, 0x18E3,
  0x18E3, 0x18E3, 0x18E3, 0x18E3, 0x18E3, 0x18E3, 0x18E3, 0x18E3, 0x18C3, 0x1903, 0x0040, 0x2986,
  0xE71C, 0xFFFF, 0xF7BE, 0xF7DF, 0xF7DF, 0xF7BF, 0xF7BE, 0xFFFF, 0xAD55, 0x10A2, 0x10C2, 0x18E3,
  0x18E3, 0x18E3, 0x18E3, 0x18E3, 0x18E3, 0x18E3, 0x18E3, 0x18E3, 0x18E3, 0x18E3, 0x18E3, 0x18E3,
  0x18E3, 0x18E3, 0x18E3, 0x10C2, 0x1903, 0x0881, 0x18E3, 0xCE7A, 0xFFFF, 0xF7BF, 0xF7DF, 0xF7DF,
  0xF7DF, 0xF7BE, 0xFFFF, 0xA535, 0x0861, 0x18E3, 0x18E3, 0x18E3, 0x18E3, 0x18E3, 0x18E3, 0x18E3,
  0x18E3, 0x18E3, 0x18E3, 0x18E3, 0x18E3, 0x18E3, 0x18E3, 0x18E3, 0x18E3, 0x18E3, 0x10C2, 0x1903,
  0x0881, 0x10C3, 0xB596, 0xFFDF, 0xF7BF, 0xF7DF, 0xF7DF, 0xF7DF, 0xF7BF, 0xFFFF, 0x2965, 0x0881,
  0x18E3, 0x18E3, 0x18E3, 0x18E3, 0x18E3, 0x18E3, 0x18E3, 0x18E3, 0x18E3, 0x18E3, 0x18E3, 0x18E3,
  0x18E3, 0x18E3, 0x18E3, 0x18E3, 0x18E3, 0x18E3, 0x18E3, 0x0881, 0x9CD3, 0xFFFF, 0xF7BF, 0xF7DF,
  0xF7DF, 0xF7DF, 0xF7BE, 0xFFFF, 0x2986, 0x0040, 0x1903, 0x18E3, 0x18E3, 0x18E3, 0x18E3, 0x18E3,
  0x18E3, 0x18E3, 0x18E3, 0x18E3, 0x18E3, 0x18E3, 0x18E3, 0x18E3, 0x18E3, 0x18E3, 0x18E3, 0x10A2,
  0x10C2, 0xBDD7, 0xFFFF, 0xF7BF, 0xF7DF, 0xF7DF, 0xF7DF, 0xF79E, 0xFFFF, 0xC618, 0x0020, 0x0882,
  0x18E3, 0x18E3, 0x18E3, 0x18E3, 0x18E3, 0x18E3, 0x18E3, 0x18E3, 0x18E3, 0x18E3, 0x18E3, 0x18E3,
  0x18E3, 0x18E3, 0x18E3, 0x1903, 0x0881, 0x2144, 0xCE59, 0xFFFF, 0xF7BE, 0xF7DF, 0xF7DF, 0xF7DF,
  0xF7BE, 0xFFFF, 0xCE59, 0x18C3, 0x0020, 0x10C2, 0x18E3, 0x18E3, 0x18E3, 0x18E3, 0x18E3, 0x18E3,
  0x18E3, 0x18E3, 0x18E3, 0x18E3, 0x18E3, 0x18E3, 0x18E3, 0x18E3, 0x1903, 0x0881, 0x2985, 0xD6BA,
  0xFFFF, 0xF7BE, 0xF7DF, 0xF7DF, 0xF7DF, 0xF7BE, 0xFFFF, 0xB596, 0x0861, 0x0000, 0x1082, 0x18E3,
  0x18E3, 0x18E3, 0x18E3, 0x18E3, 0x18E3, 0x18E3, 0x18E3, 0x18E3, 0x18E3, 0x18E3, 0x18E3, 0x18E3,
  0x18E3, 0x1903, 0x0861, 0x39E7, 0xE75D, 0xFFFF, 0xF7BE, 0xF7DF, 0xF7DF, 0xF7BF, 0xF7BE, 0xFFFF,
  0xA534, 0x0020, 0x0000, 0x10A2, 0x18E3, 0x18E3, 0x18E3, 0x18E3, 0x18E3, 0x18E3, 0x18E3, 0x18E3,
  0x18E3, 0x18E3, 0x18E3, 0x18E3, 0x18E3, 0x18E3, 0x1903, 0x0861, 0x4A8A, 0xEF5D, 0xFFFF, 0xF7BE,
  0xF7DF, 0xF7DF, 0xF7BF, 0xF7BE, 0xFFFF, 0x8C92, 0x0000, 0x0020, 0x10A2, 0x18E3, 0x18E3, 0x18E3,
  0x18E3, 0x18E3, 0x18E3, 0x18E3, 0x18E3, 0x18E3, 0x18E3, 0x18E3, 0x18E3, 0x18E3, 0x18E3, 0x18E3,
  0x0040, 0x5AEB, 0xFFDF, 0xFFFF, 0xF7BE, 0xF7DF, 0xF7DF, 0xF7BF, 0xF7DF, 0xFFFF, 0x73CF, 0x0000,
  0x0041, 0x10A2, 0x18E3, 0x18E3, 0x18E3, 0x18E3, 0x18E3, 0x18E3, 0x18E3, 0x18E3, 0x18E3, 0x18E3,
  0x18E3, 0x18E3, 0x18E3, 0x18E3, 0x18E3, 0x10A1, 0x8C71, 0xFFDF, 0xF7DF, 0xF7BF, 0xF7DF, 0xF7DF,
  0xF7BF, 0xF7DF, 0xFFFF, 0x6B6D, 0x0000, 0x0841, 0x10A2, 0x18E3, 0x18E3, 0x18E3, 0x18E3, 0x18E3,
  0x18E3, 0x18E3, 0x18E3, 0x18E3, 0x18E3, 0x18E3, 0x18E3, 0x18E3, 0x18E3, 0x18E3, 0x0881, 0x8C71,
  0xFFFF, 0xF7BF, 0xF7BF, 0xF7DF, 0xF7DF, 0xF7BE, 0xFFFF, 0xF7DF, 0x4A8A, 0x0000, 0x0861, 0x10C2,
  0x18E3, 0x18E3, 0x18E3, 0x18E3, 0x18E3, 0x18E3, 0x18E3, 0x18E3, 0x18E3, 0x18E3, 0x18E3, 0x18E3,
  0x18E3, 0x18E3, 0x18E3, 0x10C2, 0x2124, 0xE73D, 0xFFDF, 0xF7BF, 0xF7DF, 0xF7DF, 0xF7BE, 0xFFFF,
  0xEF5D, 0x4A49, 0x0000, 0x0861, 0x10C2, 0x18E3, 0x18E3, 0x18E3, 0x18E3, 0x18E3, 0x18E3, 0x18E3,
  0x18E3, 0x18E3, 0x18E3, 0x18E3, 0x18E3, 0x18E3, 0x18E3, 0x18E3, 0x18E3, 0x10C2, 0x2144, 0xEF5D,
  0xFFDF, 0xF7BF, 0xF7DF, 0xF7BE, 0xFFFF, 0xE73D, 0x2986, 0x0000, 0x0861, 0x10C2, 0x18E3, 0x18E3,
  0x18E3, 0x18E3, 0x18E3, 0x18E3, 0x18E3, 0x18E3, 0x18E3, 0x18E3, 0x18E3, 0x18E3, 0x18E3, 0x18E3,
  0x18E3, 0x18E3, 0x18E3, 0x18E3, 0x0881, 0xA534, 0xFFFF, 0xF7BF, 0xF7BF, 0xFFFF, 0xCE7A, 0x2125,
  0x0000, 0x0882, 0x18E3, 0x18E3, 0x18E3, 0x18E3, 0x18E3, 0x18E3, 0x18E3, 0x18E3, 0x18E3, 0x18E3,
  0x18E3, 0x18E3, 0x18E3, 0x18E3, 0x18E3, 0x18E3, 0x18E3, 0x18E3, 0x18E3, 0x18E3, 0x10C2, 0x18E3,
  0xAD75, 0xFFDF, 0xFFFF, 0xC658, 0x18E3, 0x0000, 0x0882, 0x18E3, 0x18E3, 0x18E3, 0x18E3, 0x18E3,
  0x18E3, 0x18E3, 0x18E3, 0x18E3, 0x18E3, 0x18E3, 0x18E3, 0x18E3, 0x18E3, 0x18E3, 0x18E3, 0x18E3,
  0x18E3, 0x18E3, 0x18E3, 0x18E3, 0x18E3, 0x10C2, 0x10A2, 0x39E7, 0x3A07, 0x10C2, 0x10A2, 0x10A2,
  0x18E3, 0x18E3, 0x18E3, 0x18E3, 0x18E3, 0x18E3, 0x18E3, 0x18E3, 0x18E3, 0x18E3, 0x18E3, 0x18E3,
  0x18E3, 0x18E3, 0x18E3, 0x18E3, 0x18E3, 0x18E3, 0x18E3, 0x18E3, 0x18E3, 0x18E3, 0x18E3, 0x18E3,
  0x18E3, 0x10A2, 0x0881, 0x18E3, 0x18E3, 0x18E3, 0x18E3, 0x18E3, 0x18E3, 0x18E3, 0x18E3, 0x18E3,
  0x18E3, 0x18E3, 0x18E3, 0x18E3, 0x18E3, 0x18E3, 0x18E3, 0x18E3, 0x18E3, 0x18E3, 0x18E3, 0x18E3
};

const uint16_t* const UI_ICON_DATA[UI_ICON_COUNT] PROGMEM = {
  UI_ICON_INVERTER_DATA,
  UI_ICON_SOLAR_DATA,
  UI_ICON_GRID_DATA,
  UI_ICON_BATTERY_DATA,
  UI_ICON_HOUSE_DATA,
  UI_ICON_TEMPERATURE_DATA,
  UI_ICON_WEATHER_DATA,
  UI_ICON_CHART_DATA,
  UI_ICON_HISTORY_DATA,
  UI_ICON_SAVINGS_DATA,
  UI_ICON_FORECAST_DATA,
  UI_ICON_SETTINGS_DATA,
  UI_ICON_OFFLINE_DATA,
  UI_ICON_ALERT_DATA,
  UI_ICON_COMPARE_DATA,
  UI_ICON_PAYBACK_DATA
};
